personId,firstName,lastName,siret,city,salary,category
1,Thomas,Laurent,33708241055662,Paris,21634.89,EMP
2,Lucas,Girard,45150980824984,Lille,26889.51,EMP
3,Jean,Laurent,36312657368841,Paris,77356.65,EMP
4,Lucas,Laurent,41489286146174,Marseille,20988.88,EMP
5,Marie,Dupont,16071688435502,Paris,17188.81,EMP
6,Thomas,Dupont,62533631490673,Marseille,44486.30,EMP
7,Nicolas,Lefebvre,56596002561804,Nantes,58692.66,EMP
8,Thomas,Martin,68561015111602,Lille,84043.31,EMP
9,Jean,Dupont,23611526166771,Nantes,75020.50,EMP
10,Lucas,Dupont,17246451790136,Nantes,71240.52,EMP
11,Thomas,Dupont,33378213411422,Marseille,21446.85,EMP
12,Marie,Lefebvre,36803484026473,Marseille,62905.17,EMP
13,Jean,Dupont,52234127858178,Lille,18722.77,EMP
14,Nicolas,Martin,86879029591664,Paris,84118.80,EMP
15,Marie,Girard,83040656061840,Paris,55360.54,EMP
16,Chloé,Dupont,47207851365620,Lille,37207.56,EMP
17,Thomas,Moreau,89374454518464,Bordeaux,47898.51,EMP
18,Marie,Dupont,99456993119586,Paris,77928.80,EMP
19,Thomas,Laurent,52662592855568,Paris,53663.14,EMP
20,Nicolas,Martin,45190894570587,Lille,58771.04,EMP
21,Lucas,Martin,26512543250929,Lille,55816.90,EMP
22,Lucas,Girard,56674692845543,Paris,80641.72,EMP
23,Chloé,Laurent,93369314034616,Marseille,88254.59,EMP
24,Thomas,Dupont,37163482567042,Nantes,45262.58,EMP
25,Camille,Girard,19350339967439,Marseille,21153.05,EMP
26,Lucas,Moreau,55747829342787,Lille,83289.99,EMP
27,Camille,Lefebvre,24898562813368,Paris,54923.80,EMP
28,Jean,Girard,68725517355403,Nantes,86252.24,EMP
29,Marie,Dupont,11127535400509,Lyon,23375.55,EMP
30,Camille,Lefebvre,11492706201871,Marseille,74550.69,EMP
31,Jean,Lefebvre,43665137493754,Lille,49759.97,EMP
32,Jean,Dupont,49658345097278,Marseille,82709.97,EMP
33,Camille,Moreau,10788612290379,Lyon,76384.18,EMP
34,Thomas,Dupont,85535306974654,Paris,44090.90,EMP
35,Nicolas,Dupont,66164455112514,Paris,21572.03,EMP
36,Camille,Moreau,52986010641652,Marseille,87839.87,EMP
37,Camille,Girard,11577899666445,Lyon,26344.72,EMP
38,Nicolas,Girard,18427477486679,Lyon,71675.11,EMP
39,Marie,Girard,35384820926002,Bordeaux,82391.70,EMP
40,Camille,Dupont,64356354033171,Marseille,18315.05,EMP
41,Jean,Girard,19710392129936,Lyon,60106.49,EMP
42,Camille,Martin,58013860683862,Paris,25781.83,EMP
43,Camille,Dupont,17249347375348,Bordeaux,52521.71,EMP
44,Camille,Martin,84769997782755,Nantes,41977.85,EMP
45,Marie,Lefebvre,38937705007512,Lyon,62451.80,EMP
46,Thomas,Girard,74030131845705,Paris,53953.18,EMP
47,Jean,Laurent,33760197743133,Paris,78426.58,EMP
48,Jean,Martin,69165299079557,Nantes,26836.75,EMP
49,Nicolas,Moreau,72547408990029,Lille,28870.35,EMP
50,Marie,Lefebvre,14408496520177,Lyon,86737.85,EMP
51,Jean,Moreau,85317997657127,Nantes,52725.43,EMP
52,Marie,Lefebvre,95498233207112,Nantes,32507.58,EMP
53,Thomas,Girard,58176131645233,Paris,71108.64,EMP
54,Nicolas,Martin,98167826041480,Lyon,79898.60,EMP
55,Chloé,Moreau,84166675821656,Paris,63744.66,EMP
56,Lucas,Lefebvre,24368220801260,Marseille,82675.74,EMP
57,Chloé,Martin,14266123813186,Lille,87540.85,EMP
58,Camille,Martin,49731458092118,Nantes,76629.10,EMP
59,Thomas,Moreau,15814445156516,Lyon,49818.99,EMP
60,Thomas,Martin,53445047535229,Paris,25888.93,EMP
61,Marie,Dupont,89337621929005,Paris,42218.62,EMP
62,Nicolas,Dupont,75729572973314,Bordeaux,75407.56,EMP
63,Thomas,Dupont,45635277878176,Paris,43080.00,EMP
64,Nicolas,Girard,33415136961998,Lyon,24348.15,EMP
65,Camille,Dupont,68712645552753,Paris,71964.69,EMP
66,Thomas,Moreau,32961353032794,Nantes,71385.80,EMP
67,Lucas,Girard,67909813579269,Nantes,29381.47,EMP
68,Marie,Lefebvre,86804088761861,Marseille,30614.23,EMP
69,Chloé,Moreau,75212818696659,Marseille,19532.57,EMP
70,Nicolas,Dupont,58349202706611,Lyon,56359.61,EMP
71,Nicolas,Dupont,96215555107848,Marseille,60052.02,EMP
72,Nicolas,Lefebvre,40028211673477,Bordeaux,21700.46,EMP
73,Jean,Moreau,90090271517619,Marseille,89787.56,EMP
74,Chloé,Moreau,70618936688134,Paris,77812.89,EMP
75,Jean,Laurent,46735686587470,Lyon,32490.48,EMP
76,Jean,Girard,35236255298933,Lyon,24098.82,EMP
77,Chloé,Dupont,32893429228081,Marseille,54778.93,EMP
78,Thomas,Laurent,60534436487952,Nantes,57795.55,EMP
79,Nicolas,Laurent,45068542372203,Lyon,50950.92,EMP
80,Jean,Lefebvre,61442140699708,Marseille,47316.18,EMP
81,Chloé,Dupont,24781110080838,Lille,25535.24,EMP
82,Jean,Lefebvre,91426625039245,Paris,41162.44,EMP
83,Jean,Dupont,88892234206935,Marseille,77767.47,EMP
84,Jean,Lefebvre,72033897739100,Lille,68674.81,EMP
85,Lucas,Lefebvre,41132707922622,Bordeaux,82552.00,EMP
86,Thomas,Moreau,35536935940124,Nantes,60701.83,EMP
87,Chloé,Moreau,68941114632340,Nantes,50710.87,EMP
88,Camille,Girard,30310744781112,Nantes,48485.00,EMP
89,Jean,Martin,68116273317806,Paris,56253.22,EMP
90,Chloé,Moreau,17939566967808,Bordeaux,56098.07,EMP
91,Chloé,Moreau,27351347625081,Nantes,77512.87,EMP
92,Lucas,Girard,61770527144042,Marseille,59501.97,EMP
93,Thomas,Laurent,65852394380822,Paris,19622.69,EMP
94,Nicolas,Dupont,15533455720866,Bordeaux,17292.20,EMP
95,Marie,Lefebvre,60389731344064,Marseille,67687.11,EMP
96,Thomas,Moreau,95867146819401,Lille,72210.48,EMP
97,Lucas,Lefebvre,96384998378443,Bordeaux,66581.35,EMP
98,Jean,Moreau,32082367160426,Marseille,57005.52,EMP
99,Nicolas,Martin,44812164670251,Bordeaux,71826.94,EMP
100,Nicolas,Dupont,64906484618799,Lyon,22897.24,EMP
101,Nicolas,Martin,12058046946287,Lyon,39298.23,EMP
102,Chloé,Martin,23909453270088,Nantes,32320.75,EMP
103,Chloé,Moreau,84557470007676,Nantes,32347.84,EMP
104,Chloé,Girard,34817535183363,Nantes,54686.09,EMP
105,Jean,Girard,64752655864805,Marseille,37073.92,EMP
106,Chloé,Martin,41354345297387,Nantes,41257.41,EMP
107,Camille,Dupont,34691547277624,Marseille,64794.73,EMP
108,Lucas,Lefebvre,97517705188261,Marseille,16270.66,EMP
109,Chloé,Dupont,85247119070848,Paris,51271.08,EMP
110,Nicolas,Moreau,28084124851508,Paris,68612.02,EMP
111,Thomas,Dupont,96571095798565,Paris,56871.21,EMP
112,Chloé,Laurent,13294137579230,Bordeaux,48981.86,EMP
113,Nicolas,Moreau,28346990986754,Bordeaux,56655.59,EMP
114,Marie,Lefebvre,68977736866026,Nantes,83455.57,EMP
115,Marie,Girard,33838952345295,Lille,89263.58,EMP
116,Nicolas,Laurent,45257339558834,Nantes,56220.96,EMP
117,Thomas,Dupont,39324702550645,Bordeaux,17222.22,EMP
118,Jean,Dupont,17933225670687,Lyon,53216.07,EMP
119,Camille,Laurent,49731755583192,Lyon,37183.63,EMP
120,Marie,Martin,40365053514996,Paris,71089.30,EMP
121,Camille,Dupont,61828287323449,Marseille,16845.93,EMP
122,Lucas,Martin,53682059174990,Nantes,74700.12,EMP
123,Marie,Girard,46602094138505,Lyon,31077.60,EMP
124,Lucas,Dupont,38024087196708,Bordeaux,32346.16,EMP
125,Jean,Girard,69774277203396,Nantes,38247.64,EMP
126,Camille,Lefebvre,54666231517249,Bordeaux,58690.81,EMP
127,Thomas,Lefebvre,41785056918101,Paris,24899.74,EMP
128,Jean,Laurent,64284725877308,Paris,36271.38,EMP
129,Thomas,Laurent,76336819869760,Lille,58182.29,EMP
130,Camille,Moreau,44303629009685,Marseille,40288.48,EMP
131,Jean,Laurent,46799612499863,Lyon,34529.06,EMP
132,Marie,Lefebvre,33925570885531,Paris,63459.28,EMP
133,Chloé,Lefebvre,40179512272179,Lyon,77231.70,EMP
134,Chloé,Laurent,55108911761333,Nantes,22211.63,EMP
135,Lucas,Girard,18631988489034,Bordeaux,36314.06,EMP
136,Lucas,Laurent,80884019473557,Marseille,29801.81,EMP
137,Chloé,Lefebvre,11881043913029,Marseille,89070.70,EMP
138,Chloé,Dupont,44171322521881,Paris,77093.05,EMP
139,Lucas,Martin,54426976474237,Nantes,33885.77,EMP
140,Marie,Martin,92097242913435,Bordeaux,38022.91,EMP
141,Thomas,Lefebvre,27850831814504,Lille,77606.75,EMP
142,Thomas,Dupont,71031594390299,Nantes,50517.34,EMP
143,Jean,Martin,77690841153686,Lille,58096.77,EMP
144,Thomas,Girard,60353746087351,Marseille,59537.91,EMP
145,Thomas,Laurent,38546166988391,Paris,89237.20,EMP
146,Nicolas,Laurent,86465835332072,Nantes,44985.82,EMP
147,Chloé,Laurent,48251772572165,Paris,62616.74,EMP
148,Lucas,Lefebvre,35257388059268,Marseille,83647.66,EMP
149,Thomas,Lefebvre,55064751252173,Lille,31865.46,EMP
150,Marie,Girard,14643594628173,Paris,68436.38,EMP
151,Chloé,Dupont,24694155788679,Lille,53950.17,EMP
152,Nicolas,Martin,68041544475722,Nantes,16637.15,EMP
153,Camille,Martin,71800666951539,Paris,35791.48,EMP
154,Nicolas,Moreau,87497425283380,Paris,43708.94,EMP
155,Camille,Laurent,10362372385613,Paris,65136.89,EMP
156,Jean,Martin,82544714245973,Lyon,43633.31,EMP
157,Lucas,Dupont,84805347646602,Bordeaux,86346.74,EMP
158,Jean,Lefebvre,80063284784772,Bordeaux,59316.03,EMP
159,Nicolas,Moreau,69918801124625,Nantes,19619.94,EMP
160,Nicolas,Dupont,87924172268484,Lille,23686.89,EMP
161,Jean,Moreau,60947154554603,Bordeaux,25086.44,EMP
162,Camille,Girard,44164717196962,Marseille,15114.78,EMP
163,Camille,Moreau,37548074008764,Nantes,55889.75,EMP
164,Lucas,Moreau,45777686536207,Lille,46372.22,EMP
165,Marie,Dupont,93635996091480,Bordeaux,61147.63,EMP
166,Nicolas,Martin,68367314288107,Marseille,52425.54,EMP
167,Marie,Laurent,51109862881590,Bordeaux,58394.31,EMP
168,Camille,Lefebvre,45944796423645,Marseille,30392.50,EMP
169,Camille,Lefebvre,40318461677663,Marseille,89940.75,EMP
170,Nicolas,Laurent,73942506369716,Marseille,76006.84,EMP
171,Lucas,Girard,89288020013652,Lyon,48744.15,EMP
172,Nicolas,Girard,69355193169110,Bordeaux,82794.49,EMP
173,Thomas,Girard,42596664459828,Marseille,72200.69,EMP
174,Marie,Girard,23365160830533,Lille,71205.41,EMP
175,Marie,Martin,67067112903135,Lyon,45515.78,EMP
176,Thomas,Girard,72521572296816,Paris,17872.80,EMP
177,Thomas,Martin,82989038667142,Nantes,38985.84,EMP
178,Jean,Moreau,68489979426733,Lyon,73594.68,EMP
179,Jean,Martin,19724346344463,Lille,80238.16,EMP
180,Thomas,Laurent,56251740925589,Lille,69634.01,EMP
181,Chloé,Laurent,34801352148296,Paris,69882.46,EMP
182,Marie,Martin,21872881566823,Paris,36224.13,EMP
183,Camille,Martin,80972845245308,Bordeaux,25959.63,EMP
184,Marie,Moreau,62250287714532,Marseille,74898.86,EMP
185,Camille,Moreau,78888981435875,Paris,76698.11,EMP
186,Camille,Martin,36250335370833,Lyon,54466.19,EMP
187,Jean,Moreau,50797634698277,Lyon,62440.90,EMP
188,Chloé,Dupont,29073372860682,Bordeaux,29856.61,EMP
189,Lucas,Laurent,49583096836015,Bordeaux,56297.24,EMP
190,Lucas,Lefebvre,42831325091343,Bordeaux,46167.52,EMP
191,Camille,Girard,21823890358746,Bordeaux,32895.30,EMP
192,Nicolas,Girard,37719494744668,Lyon,70145.34,EMP
193,Jean,Girard,71080422599890,Bordeaux,51478.36,EMP
194,Lucas,Lefebvre,18551441307695,Paris,69936.02,EMP
195,Lucas,Dupont,98708683623139,Lyon,85293.82,EMP
196,Chloé,Moreau,21267887306848,Lille,24235.72,EMP
197,Lucas,Lefebvre,65643385583841,Nantes,25407.86,EMP
198,Nicolas,Moreau,33468757047640,Nantes,37176.83,EMP
199,Marie,Laurent,44801413932401,Paris,37038.16,EMP
200,Thomas,Girard,57640719945553,Bordeaux,47996.05,EMP
201,Lucas,Lefebvre,24107392927463,Lille,18178.58,EMP
202,Nicolas,Laurent,91186959502569,Lyon,87937.23,EMP
203,Camille,Laurent,27583602869646,Bordeaux,81782.96,EMP
204,Camille,Laurent,57883986133967,Lille,56832.76,EMP
205,Nicolas,Girard,62575540902320,Nantes,83963.13,EMP
206,Camille,Girard,72519039999649,Lille,18845.94,EMP
207,Marie,Lefebvre,32556091936554,Nantes,20701.49,EMP
208,Chloé,Laurent,14770330427705,Marseille,85615.49,EMP
209,Camille,Laurent,50484765744376,Paris,62499.91,EMP
210,Camille,Girard,10924401946610,Nantes,51881.63,EMP
211,Chloé,Girard,59139758392311,Lille,36681.77,EMP
212,Jean,Moreau,76077492604035,Lyon,63365.62,EMP
213,Jean,Moreau,82309981806706,Lille,15920.23,EMP
214,Marie,Girard,56250172150824,Nantes,87472.17,EMP
215,Lucas,Martin,64600198607959,Lyon,59800.52,EMP
216,Chloé,Lefebvre,50595014524476,Marseille,35936.39,EMP
217,Thomas,Laurent,12365859904959,Nantes,82406.59,EMP
218,Marie,Girard,58885519965261,Lyon,60960.40,EMP
219,Camille,Moreau,65809272917190,Nantes,61295.68,EMP
220,Camille,Girard,10514465495964,Nantes,75376.68,EMP
221,Camille,Moreau,30416842102115,Lille,83629.86,EMP
222,Chloé,Laurent,26634919081757,Bordeaux,87719.66,EMP
223,Jean,Dupont,98447991843681,Paris,18562.55,EMP
224,Lucas,Girard,27991809630681,Paris,57146.05,EMP
225,Nicolas,Moreau,83721438089217,Lyon,86195.38,EMP
226,Thomas,Lefebvre,15087159113220,Paris,21160.77,EMP
227,Nicolas,Martin,94650834556781,Lyon,63199.06,EMP
228,Thomas,Lefebvre,42147347679667,Lille,71236.03,EMP
229,Marie,Girard,36214616674568,Lille,89058.39,EMP
230,Chloé,Girard,28194938136178,Nantes,59850.97,EMP
231,Nicolas,Laurent,42713253554244,Lille,69651.09,EMP
232,Marie,Martin,87625183504290,Bordeaux,52503.53,EMP
233,Thomas,Girard,42414574343273,Lyon,68912.41,EMP
234,Nicolas,Dupont,15473757855081,Lille,37783.55,EMP
235,Lucas,Martin,31494511318290,Lille,83645.50,EMP
236,Jean,Dupont,16115021768251,Marseille,29283.93,EMP
237,Camille,Lefebvre,19702544686820,Marseille,88105.92,EMP
238,Marie,Dupont,35046799493466,Bordeaux,49547.20,EMP
239,Nicolas,Girard,21904804861243,Nantes,73347.71,EMP
240,Lucas,Moreau,67746153931384,Paris,38870.03,EMP
241,Nicolas,Laurent,23806177794829,Paris,15786.26,EMP
242,Lucas,Lefebvre,64033656281510,Marseille,35437.03,EMP
243,Camille,Dupont,59459202662513,Nantes,41372.23,EMP
244,Nicolas,Girard,75224320997630,Lyon,59028.78,EMP
245,Camille,Moreau,13445689008112,Bordeaux,30678.98,EMP
246,Marie,Girard,97665512058385,Marseille,31227.24,EMP
247,Marie,Dupont,33501730700647,Bordeaux,59272.31,EMP
248,Thomas,Girard,70242645701141,Bordeaux,56610.34,EMP
249,Lucas,Martin,52506603346580,Marseille,34713.63,EMP
250,Chloé,Martin,41799437366992,Bordeaux,83808.83,EMP
251,Marie,Laurent,75288592151312,Paris,88160.57,EMP
252,Chloé,Martin,94663120526088,Lille,21353.64,EMP
253,Jean,Moreau,42407086488105,Lyon,37238.62,EMP
254,Thomas,Lefebvre,24058489640650,Bordeaux,33814.36,EMP
255,Lucas,Martin,91064091531596,Nantes,27142.26,EMP
256,Thomas,Martin,40317743693663,Lyon,18221.82,EMP
257,Camille,Martin,14773347409875,Paris,28057.93,EMP
258,Jean,Girard,53807842479368,Nantes,78951.57,EMP
259,Thomas,Girard,80853062103838,Lyon,74479.15,EMP
260,Marie,Dupont,60715359645175,Lille,40275.63,EMP
261,Nicolas,Girard,44869001246246,Lille,87161.04,EMP
262,Nicolas,Moreau,14736510009283,Bordeaux,57830.60,EMP
263,Camille,Laurent,72733606356936,Lyon,39812.83,EMP
264,Chloé,Moreau,98586159730611,Marseille,19836.91,EMP
265,Lucas,Moreau,68135882856014,Paris,63385.54,EMP
266,Nicolas,Dupont,25212366050314,Nantes,30515.03,EMP
267,Nicolas,Moreau,30506964497901,Nantes,23546.03,EMP
268,Nicolas,Moreau,25197341438781,Marseille,65550.36,EMP
269,Nicolas,Dupont,41132496136250,Paris,76878.72,EMP
270,Thomas,Laurent,82360542625558,Marseille,37396.98,EMP
271,Camille,Girard,52183122304407,Paris,15995.26,EMP
272,Jean,Lefebvre,21554498819967,Paris,17673.48,EMP
273,Jean,Dupont,63352795366476,Bordeaux,46644.31,EMP
274,Lucas,Laurent,23582203314345,Lyon,68456.45,EMP
275,Jean,Moreau,21302232694785,Lille,70026.20,EMP
276,Camille,Girard,73236316667385,Bordeaux,87440.02,EMP
277,Chloé,Martin,17858074046146,Nantes,73983.41,EMP
278,Lucas,Laurent,28937737034932,Paris,23334.44,EMP
279,Marie,Laurent,73862252788281,Bordeaux,80426.80,EMP
280,Marie,Girard,70225284130736,Nantes,15134.49,EMP
281,Chloé,Martin,36431406248527,Paris,61955.57,EMP
282,Camille,Girard,19472460292803,Lille,26815.16,EMP
283,Thomas,Girard,84503275461347,Bordeaux,84152.16,EMP
284,Camille,Laurent,67125172939550,Marseille,49884.35,EMP
285,Lucas,Moreau,77947702908824,Paris,46216.24,EMP
286,Jean,Martin,13571201212540,Marseille,16437.53,EMP
287,Camille,Lefebvre,48348150814466,Bordeaux,46694.37,EMP
288,Camille,Lefebvre,57423780897836,Paris,88670.29,EMP
289,Marie,Girard,93146290017554,Lyon,40602.98,EMP
290,Thomas,Martin,64742441335960,Lyon,35824.16,EMP
291,Nicolas,Dupont,44838814097389,Paris,71866.99,EMP
292,Marie,Dupont,91534580608841,Bordeaux,80736.76,EMP
293,Marie,Moreau,96043312380639,Bordeaux,61611.79,EMP
294,Camille,Girard,48392111191869,Lille,79792.93,EMP
295,Marie,Laurent,60846785318620,Lyon,24926.27,EMP
296,Jean,Lefebvre,79949551944700,Bordeaux,34609.08,EMP
297,Lucas,Girard,30571057645269,Lille,49361.28,EMP
298,Nicolas,Martin,48138268862632,Paris,46295.89,EMP
299,Chloé,Moreau,97387736882752,Nantes,73050.88,EMP
300,Camille,Martin,57539223837878,Lyon,77850.49,EMP
301,Chloé,Girard,30308599501483,Lille,28235.56,EMP
302,Nicolas,Laurent,35303806866488,Marseille,69347.25,EMP
303,Nicolas,Moreau,93378523498311,Bordeaux,31920.36,EMP
304,Thomas,Lefebvre,21836689005649,Nantes,20481.58,EMP
305,Camille,Lefebvre,51048619361366,Marseille,73158.80,EMP
306,Nicolas,Lefebvre,62355985893070,Nantes,36724.68,EMP
307,Thomas,Lefebvre,56647340581034,Marseille,83644.32,EMP
308,Jean,Girard,58768259864240,Paris,52294.27,EMP
309,Camille,Moreau,47338087086203,Marseille,78900.68,EMP
310,Nicolas,Dupont,44100498729741,Marseille,73499.68,EMP
311,Camille,Moreau,56718288921521,Nantes,42344.83,EMP
312,Chloé,Moreau,20623648846988,Lille,25979.69,EMP
313,Marie,Laurent,20056343139389,Lille,89536.31,EMP
314,Jean,Lefebvre,91394051076697,Nantes,20700.86,EMP
315,Chloé,Lefebvre,16996771002211,Lyon,71087.02,EMP
316,Thomas,Girard,64767406264201,Lyon,73503.23,EMP
317,Lucas,Girard,44590365803941,Paris,67718.94,EMP
318,Nicolas,Martin,55237088866379,Lille,76626.60,EMP
319,Chloé,Lefebvre,71530819670650,Nantes,54327.19,EMP
320,Jean,Laurent,76921101675066,Lille,64947.31,EMP
321,Jean,Lefebvre,94587300711305,Lille,48998.61,EMP
322,Nicolas,Girard,72010455527905,Lyon,46607.19,EMP
323,Camille,Moreau,54941671244508,Lyon,35397.38,EMP
324,Chloé,Lefebvre,46555474612488,Marseille,51017.26,EMP
325,Chloé,Laurent,14960702926995,Marseille,24816.15,EMP
326,Camille,Moreau,73934783461517,Lille,24016.24,EMP
327,Jean,Lefebvre,48006360388940,Marseille,41815.35,EMP
328,Camille,Moreau,85253280021240,Lyon,25904.01,EMP
329,Jean,Girard,42025761020161,Lille,83722.60,EMP
330,Camille,Moreau,17138552421557,Bordeaux,60836.32,EMP
331,Camille,Martin,85428919577835,Nantes,22704.78,EMP
332,Camille,Lefebvre,66790858929117,Marseille,43151.52,EMP
333,Marie,Moreau,38863665121590,Lyon,30925.25,EMP
334,Lucas,Dupont,29682807494758,Lyon,66852.81,EMP
335,Lucas,Moreau,18840860035962,Nantes,69256.41,EMP
336,Lucas,Laurent,59798051775137,Nantes,81284.03,EMP
337,Nicolas,Martin,48302711672074,Lille,19680.35,EMP
338,Jean,Lefebvre,63486698230374,Nantes,32776.05,EMP
339,Jean,Martin,85599452595430,Nantes,35493.17,EMP
340,Jean,Girard,23102501346328,Marseille,70925.30,EMP
341,Marie,Moreau,37999329785537,Bordeaux,39700.09,EMP
342,Nicolas,Martin,78264102252102,Lille,88397.20,EMP
343,Nicolas,Martin,77200257414847,Lille,56678.52,EMP
344,Lucas,Lefebvre,18927873441577,Lyon,22302.71,EMP
345,Marie,Martin,34718866411577,Marseille,23604.64,EMP
346,Camille,Martin,41582308459410,Lille,15402.67,EMP
347,Thomas,Laurent,16968138837434,Lyon,25082.79,EMP
348,Thomas,Moreau,74205792456962,Paris,80485.43,EMP
349,Lucas,Moreau,79186669608664,Nantes,87316.22,EMP
350,Thomas,Dupont,47184072095677,Bordeaux,52776.39,EMP
351,Marie,Dupont,32850507911594,Lille,63460.77,EMP
352,Lucas,Martin,25397159975798,Paris,57301.50,EMP
353,Marie,Dupont,71946525980799,Nantes,29443.53,EMP
354,Camille,Lefebvre,40134733851704,Bordeaux,74638.17,EMP
355,Marie,Martin,12135332896677,Bordeaux,47694.43,EMP
356,Camille,Girard,69295953723131,Lille,57667.44,EMP
357,Jean,Girard,87526356361874,Paris,78291.64,EMP
358,Camille,Dupont,26185516145545,Bordeaux,48047.17,EMP
359,Nicolas,Moreau,46624085390694,Lyon,27121.21,EMP
360,Chloé,Dupont,13607625959557,Nantes,66929.66,EMP
361,Lucas,Moreau,19509635836413,Lyon,64202.48,EMP
362,Lucas,Lefebvre,69585473960526,Lille,32393.62,EMP
363,Chloé,Dupont,12982630344171,Lyon,72380.15,EMP
364,Lucas,Lefebvre,59762083563540,Bordeaux,48886.02,EMP
365,Jean,Laurent,44657803179420,Marseille,85428.57,EMP
366,Jean,Girard,67571300189134,Lille,71348.46,EMP
367,Nicolas,Martin,20349425058364,Bordeaux,78107.05,EMP
368,Thomas,Lefebvre,85584695631117,Paris,54369.24,EMP
369,Jean,Moreau,80379627398227,Marseille,21593.55,EMP
370,Chloé,Martin,10237496627510,Nantes,47573.27,EMP
371,Nicolas,Dupont,84833953067329,Lille,41017.83,EMP
372,Lucas,Girard,46565987432345,Marseille,41022.03,EMP
373,Marie,Girard,61949480252321,Paris,34313.25,EMP
374,Marie,Martin,84774213002722,Lyon,70275.70,EMP
375,Jean,Laurent,91947511721012,Nantes,60279.29,EMP
376,Lucas,Laurent,57827894303864,Marseille,67575.08,EMP
377,Marie,Dupont,29317550504932,Marseille,80632.23,EMP
378,Nicolas,Laurent,88392920939496,Lille,78160.86,EMP
379,Lucas,Dupont,50459107885625,Paris,70798.03,EMP
380,Marie,Girard,35957993971110,Marseille,47763.89,EMP
381,Camille,Martin,25883046542964,Bordeaux,19104.13,EMP
382,Marie,Dupont,21033353647527,Lyon,50322.21,EMP
383,Thomas,Moreau,41243889523778,Paris,61104.08,EMP
384,Chloé,Martin,22040115553436,Marseille,40986.53,EMP
385,Marie,Martin,16670466956450,Nantes,88891.71,EMP
386,Marie,Dupont,75876716545827,Lyon,37681.55,EMP
387,Thomas,Martin,97257127959686,Lyon,59695.09,EMP
388,Jean,Dupont,28649845973074,Marseille,22439.71,EMP
389,Chloé,Girard,11405066423876,Lyon,82436.44,EMP
390,Nicolas,Lefebvre,96269736700363,Marseille,46710.56,EMP
391,Jean,Girard,63248217206814,Marseille,88013.54,EMP
392,Lucas,Martin,80100348141012,Marseille,32227.35,EMP
393,Lucas,Martin,66066833997005,Lyon,44531.49,EMP
394,Thomas,Girard,98790105989410,Marseille,34319.01,EMP
395,Jean,Laurent,32616464752644,Lyon,32383.28,EMP
396,Lucas,Lefebvre,75416579810613,Lyon,85607.21,EMP
397,Thomas,Moreau,97508795377903,Lille,28691.01,EMP
398,Thomas,Moreau,26973112791205,Lyon,50593.62,EMP
399,Jean,Martin,46781388813799,Lyon,39059.81,EMP
400,Camille,Moreau,70489570614739,Marseille,24081.30,EMP
401,Camille,Lefebvre,34578056843968,Bordeaux,48491.57,EMP
402,Nicolas,Moreau,76898984716651,Paris,25479.95,EMP
403,Thomas,Girard,57642541954904,Lille,73942.63,EMP
404,Lucas,Martin,13975956945924,Lyon,68817.77,EMP
405,Nicolas,Girard,87982765358357,Marseille,16760.22,EMP
406,Chloé,Martin,87453773973178,Marseille,63750.26,EMP
407,Thomas,Lefebvre,59640423269058,Marseille,84858.60,EMP
408,Marie,Martin,54209931737891,Bordeaux,44816.54,EMP
409,Chloé,Laurent,30515367550978,Bordeaux,69855.02,EMP
410,Lucas,Laurent,79288751291796,Lille,44422.18,EMP
411,Lucas,Martin,22050857921931,Lyon,74183.02,EMP
412,Chloé,Martin,56568878935152,Lyon,47040.58,EMP
413,Lucas,Lefebvre,90202407264106,Marseille,22713.08,EMP
414,Marie,Moreau,84753252330257,Bordeaux,31484.57,EMP
415,Thomas,Girard,48664539598286,Lyon,73527.96,EMP
416,Thomas,Lefebvre,94033836696453,Lyon,40630.42,EMP
417,Nicolas,Martin,48631799839332,Marseille,46037.79,EMP
418,Jean,Martin,51255798972601,Paris,57775.91,EMP
419,Lucas,Dupont,50177750513617,Lille,82624.57,EMP
420,Lucas,Dupont,34206540097217,Nantes,79898.73,EMP
421,Marie,Laurent,27869781615783,Marseille,20319.31,EMP
422,Jean,Moreau,19383296030747,Marseille,32222.85,EMP
423,Chloé,Dupont,24460306880623,Lyon,57825.08,EMP
424,Marie,Girard,54703941453363,Nantes,43869.26,EMP
425,Thomas,Martin,40602885801787,Nantes,80583.07,EMP
426,Lucas,Lefebvre,81653450981071,Paris,79758.32,EMP
427,Camille,Martin,53746236163359,Bordeaux,86536.24,EMP
428,Thomas,Girard,88542902639963,Lille,63674.06,EMP
429,Marie,Dupont,60283897865037,Lyon,64856.56,EMP
430,Nicolas,Girard,95847537399437,Marseille,37700.66,EMP
431,Marie,Moreau,87762826359366,Marseille,54412.02,EMP
432,Chloé,Martin,12094478013085,Marseille,21628.43,EMP
433,Chloé,Martin,36701564112462,Paris,60437.32,EMP
434,Jean,Dupont,44593468969505,Marseille,23633.14,EMP
435,Camille,Dupont,58431545771127,Lyon,35439.45,EMP
436,Thomas,Dupont,78507994462586,Lyon,80033.20,EMP
437,Nicolas,Girard,56738261717237,Lyon,85093.76,EMP
438,Camille,Girard,72705533370457,Marseille,42003.03,EMP
439,Marie,Girard,98295104418621,Paris,23445.06,EMP
440,Lucas,Martin,22777212435881,Nantes,76663.96,EMP
441,Nicolas,Dupont,14968925349615,Nantes,50138.69,EMP
442,Camille,Martin,81161321515659,Lille,42616.79,EMP
443,Camille,Moreau,30143083088816,Paris,45658.84,EMP
444,Thomas,Moreau,99421506764213,Marseille,57704.33,EMP
445,Nicolas,Girard,71660867831301,Paris,28817.30,EMP
446,Marie,Laurent,69233070521750,Nantes,34268.46,EMP
447,Nicolas,Laurent,57691316436230,Lyon,31891.81,EMP
448,Marie,Lefebvre,88016716129067,Paris,69099.48,EMP
449,Thomas,Lefebvre,39255613133188,Paris,67359.67,EMP
450,Jean,Moreau,42116396797729,Paris,16118.53,EMP
451,Camille,Laurent,12891283576296,Nantes,58974.51,EMP
452,Camille,Lefebvre,86475599678965,Paris,84042.48,EMP
453,Thomas,Lefebvre,38037868068793,Paris,15810.73,EMP
454,Nicolas,Moreau,29437453127992,Lyon,34733.76,EMP
455,Chloé,Laurent,35317993260365,Nantes,17941.96,EMP
456,Jean,Moreau,99124268760043,Marseille,36319.47,EMP
457,Lucas,Laurent,14260518841295,Bordeaux,17616.78,EMP
458,Jean,Lefebvre,18227276970221,Paris,83565.15,EMP
459,Nicolas,Girard,34696118990808,Lille,81530.94,EMP
460,Jean,Dupont,74647031647835,Marseille,53397.23,EMP
461,Jean,Dupont,44494959613422,Lille,82265.60,EMP
462,Camille,Lefebvre,81688890255437,Paris,29093.34,EMP
463,Thomas,Girard,94468116910577,Marseille,16095.42,EMP
464,Camille,Lefebvre,88336755475469,Bordeaux,59557.18,EMP
465,Camille,Girard,27861384652345,Nantes,48662.88,EMP
466,Thomas,Laurent,82996429315842,Bordeaux,46960.28,EMP
467,Chloé,Lefebvre,13088815279260,Paris,21490.38,EMP
468,Nicolas,Martin,52296316613774,Nantes,30175.84,EMP
469,Thomas,Moreau,46825794695431,Bordeaux,24250.29,EMP
470,Thomas,Moreau,49840249989748,Paris,41306.54,EMP
471,Chloé,Laurent,73465644323720,Nantes,73268.03,EMP
472,Thomas,Girard,21159255444213,Paris,53448.73,EMP
473,Jean,Lefebvre,99281934038757,Bordeaux,68508.27,EMP
474,Chloé,Lefebvre,75924964496174,Nantes,34685.99,EMP
475,Nicolas,Moreau,41935288286446,Paris,76235.45,EMP
476,Thomas,Girard,26157369194344,Nantes,63715.00,EMP
477,Nicolas,Dupont,99052143286570,Marseille,23538.32,EMP
478,Thomas,Dupont,25139627295505,Lille,36790.88,EMP
479,Camille,Martin,89722404477036,Paris,68647.25,EMP
480,Nicolas,Martin,38464121948497,Nantes,78080.95,EMP
481,Lucas,Dupont,98189765383229,Paris,23678.52,EMP
482,Nicolas,Lefebvre,58760835878017,Lyon,60480.07,EMP
483,Nicolas,Laurent,45345943686023,Marseille,77367.68,EMP
484,Lucas,Girard,22096903701233,Paris,68684.11,EMP
485,Thomas,Moreau,25357106287566,Marseille,42149.33,EMP
486,Nicolas,Moreau,89634059954650,Nantes,25289.38,EMP
487,Jean,Laurent,51947939424100,Marseille,56951.59,EMP
488,Camille,Moreau,47072339896557,Bordeaux,20520.87,EMP
489,Nicolas,Moreau,90296360097906,Paris,38217.72,EMP
490,Camille,Lefebvre,38451793352123,Nantes,69527.50,EMP
491,Marie,Laurent,62702110186398,Lille,87376.14,EMP
492,Camille,Dupont,17225480027173,Bordeaux,61461.99,EMP
493,Camille,Laurent,98229850815430,Lyon,38255.00,EMP
494,Marie,Martin,28834993391247,Marseille,58435.56,EMP
495,Thomas,Martin,46661159008080,Paris,87113.38,EMP
496,Camille,Laurent,51788082802340,Bordeaux,79987.15,EMP
497,Marie,Laurent,14713441136001,Nantes,89655.67,EMP
498,Marie,Dupont,13014775704168,Lille,76761.79,EMP
499,Jean,Lefebvre,26045057780198,Lille,31034.18,EMP
500,Thomas,Martin,94863449924075,Bordeaux,52189.93,EMP
501,Jean,Dupont,14197395072050,Lille,83248.24,EMP
502,Marie,Lefebvre,40420497574288,Nantes,44125.25,EMP
503,Nicolas,Laurent,73972574539148,Bordeaux,56948.59,EMP
504,Marie,Martin,89716463090990,Paris,46556.54,EMP
505,Jean,Lefebvre,36229709897389,Marseille,88216.59,EMP
506,Chloé,Dupont,28522183931129,Lyon,15929.09,EMP
507,Jean,Lefebvre,35618661922204,Lyon,19924.98,EMP
508,Camille,Lefebvre,73320058240110,Bordeaux,42047.15,EMP
509,Thomas,Martin,74118511377890,Bordeaux,82052.92,EMP
510,Lucas,Martin,96642831934586,Lyon,27696.18,EMP
511,Jean,Moreau,70672669688728,Bordeaux,62791.62,EMP
512,Nicolas,Martin,77601143934783,Bordeaux,19028.58,EMP
513,Jean,Dupont,47581214610264,Lille,76276.79,EMP
514,Camille,Lefebvre,48899878384738,Bordeaux,26512.64,EMP
515,Lucas,Girard,28428474866729,Marseille,59359.24,EMP
516,Chloé,Dupont,41415691580495,Lille,30634.96,EMP
517,Chloé,Dupont,95595380216071,Bordeaux,22124.93,EMP
518,Camille,Dupont,85618874787117,Nantes,67425.10,EMP
519,Lucas,Dupont,73351809486481,Nantes,45045.14,EMP
520,Camille,Laurent,83697181092395,Paris,71793.37,EMP
521,Nicolas,Martin,95437052485137,Bordeaux,25615.19,EMP
522,Nicolas,Dupont,62465209577008,Bordeaux,36188.35,EMP
523,Camille,Lefebvre,38261301186147,Marseille,39192.58,EMP
524,Nicolas,Girard,79677356878307,Bordeaux,58956.62,EMP
525,Camille,Moreau,56841308506945,Lille,56702.27,EMP
526,Thomas,Moreau,72415182757735,Nantes,72430.69,EMP
527,Thomas,Girard,83817181922183,Lyon,29195.77,EMP
528,Jean,Moreau,46368519724662,Lille,75862.15,EMP
529,Marie,Lefebvre,15595014970150,Marseille,81918.36,EMP
530,Camille,Laurent,53183245240045,Lille,49633.77,EMP
531,Nicolas,Moreau,48280939790323,Paris,31548.40,EMP
532,Thomas,Moreau,31211718611593,Bordeaux,25752.96,EMP
533,Lucas,Laurent,11259307733409,Lyon,55190.00,EMP
534,Nicolas,Lefebvre,67293166413104,Nantes,66119.17,EMP
535,Nicolas,Martin,34216455666283,Nantes,88610.50,EMP
536,Thomas,Lefebvre,14537617253441,Lille,50928.03,EMP
537,Camille,Laurent,14342603026585,Lyon,89443.26,EMP
538,Thomas,Laurent,81479623208890,Lille,79167.54,EMP
539,Chloé,Laurent,45189430437112,Lille,44184.36,EMP
540,Jean,Moreau,60565828154654,Marseille,34194.89,EMP
541,Thomas,Lefebvre,82918498000917,Bordeaux,36485.85,EMP
542,Nicolas,Dupont,51594577884203,Lille,29316.75,EMP
543,Nicolas,Martin,49316521182535,Nantes,32004.71,EMP
544,Camille,Lefebvre,98529471691884,Bordeaux,59543.89,EMP
545,Nicolas,Laurent,20328832919220,Nantes,68221.71,EMP
546,Jean,Moreau,86896982280192,Bordeaux,82236.08,EMP
547,Marie,Martin,90335560637471,Paris,87582.24,EMP
548,Marie,Dupont,87844082943226,Lyon,79642.26,EMP
549,Marie,Lefebvre,62409724147012,Lille,53614.44,EMP
550,Camille,Moreau,82788950019737,Nantes,43582.50,EMP
551,Lucas,Lefebvre,75905256653251,Bordeaux,62276.19,EMP
552,Jean,Dupont,44292796121619,Marseille,51435.43,EMP
553,Nicolas,Dupont,95488776556727,Lille,61025.82,EMP
554,Camille,Martin,42925955214764,Paris,77954.78,EMP
555,Thomas,Moreau,68368447814596,Marseille,56665.59,EMP
556,Marie,Moreau,30208484153405,Lyon,62767.02,EMP
557,Jean,Martin,78523630159304,Paris,69020.10,EMP
558,Nicolas,Dupont,29219439990046,Nantes,79148.27,EMP
559,Camille,Laurent,40947884608321,Paris,84004.25,EMP
560,Marie,Dupont,95828607804486,Marseille,18359.68,EMP
561,Chloé,Martin,43911727381155,Lille,23872.70,EMP
562,Chloé,Girard,81643832958578,Marseille,87009.77,EMP
563,Chloé,Lefebvre,71984990894823,Lyon,40442.95,EMP
564,Camille,Dupont,77952268986582,Nantes,24438.97,EMP
565,Lucas,Dupont,40591576309555,Lille,32969.45,EMP
566,Lucas,Girard,19313861980537,Lyon,78921.20,EMP
567,Marie,Girard,60801310102043,Lille,44447.93,EMP
568,Camille,Dupont,26843808884408,Nantes,31026.10,EMP
569,Marie,Laurent,93295138020658,Lille,53788.64,EMP
570,Marie,Lefebvre,63675953367205,Lille,64778.74,EMP
571,Marie,Martin,36660905205551,Nantes,61332.91,EMP
572,Nicolas,Lefebvre,30940265805971,Lille,82819.97,EMP
573,Camille,Moreau,77578536387921,Lyon,19241.54,EMP
574,Jean,Laurent,50031144447585,Lille,37826.56,EMP
575,Jean,Girard,97221847848267,Marseille,57167.07,EMP
576,Camille,Lefebvre,34000488349902,Lyon,34506.69,EMP
577,Marie,Dupont,68088455293678,Bordeaux,20339.83,EMP
578,Thomas,Girard,67534988157207,Bordeaux,16287.74,EMP
579,Nicolas,Martin,75607895869519,Lille,22029.51,EMP
580,Chloé,Lefebvre,31127012624603,Paris,74628.66,EMP
581,Camille,Dupont,93609628921371,Lyon,39030.20,EMP
582,Marie,Dupont,70641135465475,Lyon,72691.71,EMP
583,Camille,Laurent,37296158042188,Nantes,78992.45,EMP
584,Thomas,Laurent,83296006210948,Marseille,62991.21,EMP
585,Camille,Laurent,74437890773289,Marseille,64391.89,EMP
586,Thomas,Martin,14166334177197,Paris,61969.47,EMP
587,Jean,Laurent,93131567978352,Marseille,34928.31,EMP
588,Lucas,Moreau,82962372728088,Bordeaux,80833.04,EMP
589,Jean,Girard,21128755916124,Lyon,15485.93,EMP
590,Chloé,Laurent,18576492574691,Marseille,32115.18,EMP
591,Nicolas,Lefebvre,25230483997502,Lille,18149.72,EMP
592,Marie,Martin,26278590510604,Nantes,72151.02,EMP
593,Marie,Moreau,42030767450098,Bordeaux,40439.28,EMP
594,Marie,Girard,13672187402245,Bordeaux,40014.41,EMP
595,Marie,Moreau,85338443688948,Lyon,70626.67,EMP
596,Chloé,Moreau,14900385238105,Nantes,30883.30,EMP
597,Lucas,Laurent,39422462942602,Lille,49518.13,EMP
598,Chloé,Laurent,40789551989986,Bordeaux,51092.04,EMP
599,Marie,Moreau,45621706541397,Lyon,16273.27,EMP
600,Jean,Moreau,30907600511074,Lyon,23250.42,EMP
601,Camille,Girard,91539981306063,Lyon,47471.48,EMP
602,Camille,Martin,85497896973239,Bordeaux,60337.94,EMP
603,Camille,Laurent,84759791192977,Lille,18514.01,EMP
604,Lucas,Moreau,90023395047694,Nantes,72088.11,EMP
605,Chloé,Girard,63755122136232,Paris,42577.77,EMP
606,Camille,Girard,76031805014898,Paris,23779.19,EMP
607,Camille,Laurent,90409097867414,Lille,86080.36,EMP
608,Camille,Lefebvre,42122403921854,Paris,58499.94,EMP
609,Lucas,Girard,51298823056274,Lyon,89681.28,EMP
610,Camille,Moreau,83170991176695,Marseille,39828.93,EMP
611,Thomas,Dupont,28727912172226,Marseille,49450.42,EMP
612,Marie,Martin,50068976961574,Lyon,44458.60,EMP
613,Nicolas,Lefebvre,71889303028409,Bordeaux,58495.74,EMP
614,Lucas,Lefebvre,75977607113103,Nantes,72922.48,EMP
615,Chloé,Lefebvre,99123546055821,Lyon,89702.11,EMP
616,Lucas,Girard,74035302972083,Nantes,82220.38,EMP
617,Marie,Martin,84384357207719,Lyon,79682.20,EMP
618,Camille,Moreau,54366569326319,Bordeaux,21041.33,EMP
619,Chloé,Martin,55943364508788,Lille,31872.74,EMP
620,Jean,Lefebvre,20904368562192,Paris,52519.70,EMP
621,Thomas,Moreau,97804762810374,Marseille,48028.52,EMP
622,Marie,Moreau,56831106643260,Nantes,23032.60,EMP
623,Marie,Moreau,90031709169531,Paris,40142.86,EMP
624,Thomas,Girard,61590308600825,Bordeaux,57588.96,EMP
625,Nicolas,Dupont,26816835996897,Nantes,47283.09,EMP
626,Chloé,Martin,82286401521939,Lille,50367.54,EMP
627,Camille,Dupont,82226874387472,Nantes,66174.21,EMP
628,Lucas,Laurent,48364792604592,Lyon,22781.32,EMP
629,Camille,Dupont,29332376638289,Lyon,60261.22,EMP
630,Jean,Moreau,32583881021929,Lille,52686.78,EMP
631,Marie,Lefebvre,50152832284815,Marseille,42675.35,EMP
632,Jean,Moreau,47909490462356,Nantes,63225.26,EMP
633,Thomas,Lefebvre,97332116451969,Paris,88909.50,EMP
634,Nicolas,Moreau,86595034399618,Lyon,58405.29,EMP
635,Nicolas,Martin,51096439752075,Marseille,65560.65,EMP
636,Nicolas,Moreau,83189663680225,Bordeaux,51074.80,EMP
637,Camille,Girard,10299167375327,Marseille,32887.92,EMP
638,Camille,Moreau,66863318367214,Marseille,61220.52,EMP
639,Jean,Girard,85288572632347,Lille,81123.83,EMP
640,Nicolas,Girard,78770415884048,Lille,39715.06,EMP
641,Chloé,Martin,75813329392006,Bordeaux,44320.60,EMP
642,Thomas,Martin,92196750139844,Nantes,39697.39,EMP
643,Thomas,Dupont,60399360776449,Paris,82119.69,EMP
644,Chloé,Girard,14005325319442,Lyon,45387.40,EMP
645,Marie,Laurent,58184204901983,Nantes,39201.73,EMP
646,Thomas,Martin,28494651639316,Bordeaux,36168.80,EMP
647,Nicolas,Girard,85077464064383,Paris,80635.14,EMP
648,Nicolas,Moreau,13389444132534,Lyon,64373.29,EMP
649,Thomas,Laurent,37514458509203,Nantes,74888.49,EMP
650,Jean,Moreau,77067931036539,Bordeaux,85808.68,EMP
651,Lucas,Lefebvre,11221781344273,Lyon,32278.64,EMP
652,Chloé,Laurent,86960299520760,Lyon,41882.26,EMP
653,Lucas,Moreau,48205169574402,Lyon,51805.62,EMP
654,Chloé,Girard,79299747232101,Lille,80450.03,EMP
655,Lucas,Girard,68543465955092,Marseille,81332.48,EMP
656,Lucas,Lefebvre,81088420133750,Paris,61002.89,EMP
657,Thomas,Lefebvre,11349982336966,Lyon,15616.15,EMP
658,Jean,Dupont,70290603423239,Paris,19555.78,EMP
659,Marie,Laurent,56486715947815,Nantes,33325.71,EMP
660,Chloé,Moreau,27455009801415,Marseille,52475.88,EMP
661,Chloé,Laurent,49259005035640,Marseille,47421.31,EMP
662,Jean,Lefebvre,76306678577576,Lyon,16108.24,EMP
663,Marie,Girard,46078749021168,Nantes,73491.43,EMP
664,Camille,Girard,69943550188797,Bordeaux,38699.26,EMP
665,Camille,Laurent,53939655015952,Nantes,44409.45,EMP
666,Marie,Lefebvre,80732050391248,Lille,53071.93,EMP
667,Marie,Martin,45487328075703,Marseille,74027.93,EMP
668,Jean,Martin,25998683923853,Marseille,37345.76,EMP
669,Chloé,Dupont,16373488576723,Marseille,24822.71,EMP
670,Lucas,Girard,18537889455484,Bordeaux,39473.27,EMP
671,Marie,Laurent,84015221388223,Paris,29684.48,EMP
672,Lucas,Moreau,94007659083277,Paris,34906.32,EMP
673,Jean,Girard,70252206501100,Nantes,49793.75,EMP
674,Thomas,Laurent,32392081720261,Marseille,69197.72,EMP
675,Chloé,Laurent,52995995883754,Lille,34488.76,EMP
676,Thomas,Moreau,76388556196528,Paris,65046.53,EMP
677,Marie,Martin,42453132611536,Nantes,78307.36,EMP
678,Lucas,Girard,60763846527483,Lille,57346.62,EMP
679,Camille,Lefebvre,20429601986923,Lille,73519.58,EMP
680,Camille,Martin,83854397120955,Paris,48896.88,EMP
681,Marie,Girard,33869305938794,Nantes,59762.89,EMP
682,Lucas,Dupont,21259421850261,Lyon,52653.11,EMP
683,Jean,Martin,57414908060635,Nantes,84532.48,EMP
684,Lucas,Girard,42980709909562,Lille,27966.29,EMP
685,Marie,Dupont,83830358665990,Lyon,51016.06,EMP
686,Thomas,Lefebvre,20940005801399,Lille,43430.76,EMP
687,Marie,Martin,36480284176936,Lille,29688.55,EMP
688,Nicolas,Martin,73797930764761,Bordeaux,56098.00,EMP
689,Chloé,Dupont,18878047239389,Bordeaux,44029.34,EMP
690,Marie,Laurent,62141867321930,Marseille,37747.66,EMP
691,Camille,Laurent,71069723841506,Lyon,23459.93,EMP
692,Thomas,Laurent,10406866054844,Nantes,85552.83,EMP
693,Camille,Martin,92815232907036,Lille,23061.85,EMP
694,Lucas,Dupont,25778298370475,Bordeaux,51464.62,EMP
695,Lucas,Lefebvre,66777410502823,Paris,24603.61,EMP
696,Nicolas,Lefebvre,69812994986957,Lyon,69642.46,EMP
697,Lucas,Lefebvre,79161274098944,Lille,38715.90,EMP
698,Nicolas,Dupont,17751706711118,Paris,45559.90,EMP
699,Lucas,Laurent,39011226902204,Marseille,78855.17,EMP
700,Camille,Martin,35859181539662,Marseille,46995.25,EMP
701,Nicolas,Dupont,83422530049955,Lyon,79047.58,EMP
702,Thomas,Laurent,58428407120447,Nantes,17063.92,EMP
703,Marie,Girard,17170135063984,Bordeaux,35973.20,EMP
704,Chloé,Moreau,33821527671263,Marseille,49648.26,EMP
705,Camille,Lefebvre,69617432500298,Lille,56951.03,EMP
706,Lucas,Lefebvre,28012076378837,Nantes,61713.83,EMP
707,Marie,Laurent,17388183657635,Lille,85120.94,EMP
708,Lucas,Martin,61365897856813,Marseille,51346.18,EMP
709,Thomas,Martin,98300135163749,Nantes,49357.38,EMP
710,Jean,Laurent,85879670755427,Paris,64401.91,EMP
711,Chloé,Girard,78149581729244,Marseille,25314.09,EMP
712,Nicolas,Dupont,40920208380244,Lyon,66450.03,EMP
713,Jean,Martin,63605953157877,Paris,51505.73,EMP
714,Nicolas,Laurent,88326608598121,Marseille,80839.02,EMP
715,Jean,Laurent,38618823583818,Paris,64587.12,EMP
716,Marie,Moreau,93041531591342,Bordeaux,76769.27,EMP
717,Marie,Girard,34506676938441,Marseille,65008.50,EMP
718,Lucas,Lefebvre,11549033449963,Bordeaux,68475.50,EMP
719,Chloé,Lefebvre,66985934393957,Marseille,53713.47,EMP
720,Chloé,Martin,13335670272818,Nantes,21073.70,EMP
721,Marie,Laurent,78043899016618,Lyon,70235.68,EMP
722,Thomas,Laurent,57145739253841,Nantes,31805.30,EMP
723,Thomas,Martin,31367298755010,Bordeaux,64081.69,EMP
724,Camille,Lefebvre,34286251351137,Lille,17527.86,EMP
725,Nicolas,Dupont,92928435699315,Paris,80046.70,EMP
726,Marie,Dupont,70488393464010,Paris,59224.35,EMP
727,Jean,Lefebvre,97844253759042,Marseille,63836.71,EMP
728,Lucas,Laurent,99320887158262,Paris,33950.72,EMP
729,Jean,Laurent,27593976016380,Marseille,70973.66,EMP
730,Thomas,Girard,94425718107755,Bordeaux,62453.70,EMP
731,Camille,Moreau,14948075196860,Bordeaux,64913.34,EMP
732,Nicolas,Dupont,16291547874670,Marseille,75538.38,EMP
733,Thomas,Moreau,30850957939294,Marseille,52883.14,EMP
734,Marie,Girard,57109387877160,Paris,32132.31,EMP
735,Jean,Laurent,73001763572068,Nantes,22238.05,EMP
736,Nicolas,Dupont,16150656728604,Nantes,76428.25,EMP
737,Lucas,Moreau,83668331319420,Lyon,81544.90,EMP
738,Thomas,Martin,67980773554513,Paris,57804.75,EMP
739,Jean,Moreau,48606293598402,Paris,80239.02,EMP
740,Jean,Dupont,75792622051514,Nantes,73585.13,EMP
741,Nicolas,Martin,31457050781712,Nantes,62051.25,EMP
742,Nicolas,Lefebvre,47510978169003,Marseille,44180.11,EMP
743,Lucas,Dupont,85517312547917,Nantes,36328.14,EMP
744,Camille,Lefebvre,39816730601468,Paris,65735.63,EMP
745,Marie,Girard,70457703162574,Paris,30019.43,EMP
746,Marie,Lefebvre,93970107054225,Lyon,49078.20,EMP
747,Jean,Moreau,19472262870256,Lille,53778.18,EMP
748,Jean,Lefebvre,29508057538518,Bordeaux,45065.81,EMP
749,Lucas,Dupont,37712252878956,Lyon,65372.00,EMP
750,Thomas,Laurent,19875631968875,Marseille,74140.33,EMP
751,Nicolas,Lefebvre,27843636809048,Nantes,43240.46,EMP
752,Chloé,Girard,77644155947740,Lille,74024.22,EMP
753,Thomas,Girard,86307337728997,Lille,37790.80,EMP
754,Marie,Moreau,36937250096896,Paris,48309.27,EMP
755,Jean,Martin,95068794142832,Lyon,75609.68,EMP
756,Camille,Girard,32833734168980,Paris,62272.55,EMP
757,Lucas,Martin,23929260182623,Paris,72599.93,EMP
758,Marie,Dupont,68998176920556,Nantes,34631.59,EMP
759,Jean,Laurent,51422873747299,Marseille,52926.12,EMP
760,Chloé,Girard,89390024412441,Paris,23317.94,EMP
761,Chloé,Lefebvre,97592143346336,Nantes,56398.99,EMP
762,Lucas,Lefebvre,32091677759599,Bordeaux,58451.03,EMP
763,Jean,Girard,16658500078113,Lyon,57877.07,EMP
764,Marie,Girard,29749323927865,Marseille,41152.50,EMP
765,Camille,Moreau,32539188154043,Lille,73430.98,EMP
766,Camille,Martin,33537575307177,Bordeaux,82683.52,EMP
767,Nicolas,Dupont,87720425487020,Marseille,36758.06,EMP
768,Nicolas,Martin,25109486432485,Lyon,58712.44,EMP
769,Jean,Lefebvre,59716863224959,Marseille,78733.60,EMP
770,Lucas,Dupont,57180210462892,Paris,76511.82,EMP
771,Jean,Martin,29621444995605,Marseille,15423.25,EMP
772,Jean,Lefebvre,62626525187677,Lille,48454.60,EMP
773,Chloé,Laurent,88867486237052,Bordeaux,87329.74,EMP
774,Nicolas,Laurent,19337978939374,Paris,46905.87,EMP
775,Chloé,Moreau,22609620403071,Paris,29160.06,EMP
776,Jean,Dupont,85680805368230,Marseille,69278.72,EMP
777,Thomas,Lefebvre,10073794135445,Nantes,17416.78,EMP
778,Lucas,Dupont,39852125370942,Marseille,52037.11,EMP
779,Marie,Laurent,57990703974977,Nantes,29903.04,EMP
780,Marie,Moreau,38859510995675,Bordeaux,34443.70,EMP
781,Marie,Girard,89607497312991,Marseille,88464.67,EMP
782,Marie,Moreau,19085517776149,Paris,54995.38,EMP
783,Nicolas,Martin,76172766325092,Lille,80334.17,EMP
784,Jean,Girard,96115325753380,Nantes,19617.59,EMP
785,Camille,Dupont,64705951142405,Nantes,50407.15,EMP
786,Nicolas,Martin,40636081690502,Nantes,63057.76,EMP
787,Jean,Moreau,79947392348090,Lille,51716.07,EMP
788,Marie,Moreau,97815715997393,Nantes,88948.11,EMP
789,Nicolas,Laurent,63344336358248,Lille,15624.81,EMP
790,Jean,Girard,64896454434693,Nantes,80659.20,EMP
791,Marie,Dupont,12780426415477,Paris,47290.24,EMP
792,Marie,Girard,80108905160023,Lyon,35810.93,EMP
793,Thomas,Martin,26043023478330,Marseille,17094.92,EMP
794,Chloé,Girard,95545623343735,Nantes,79917.37,EMP
795,Nicolas,Martin,48180015037444,Paris,80714.60,EMP
796,Marie,Lefebvre,38823864609685,Nantes,77567.41,EMP
797,Lucas,Laurent,32982666623568,Nantes,74997.50,EMP
798,Marie,Girard,19457816143879,Marseille,58656.34,EMP
799,Lucas,Dupont,24244926827300,Nantes,60859.53,EMP
800,Marie,Girard,37126220979672,Paris,46922.41,EMP
801,Nicolas,Lefebvre,35020590221080,Bordeaux,30079.64,EMP
802,Marie,Lefebvre,99955589311182,Paris,27823.59,EMP
803,Marie,Moreau,75895660406645,Marseille,89504.15,EMP
804,Jean,Laurent,27541584140516,Lyon,81516.87,EMP
805,Marie,Girard,83408988032487,Bordeaux,75192.04,EMP
806,Chloé,Girard,87019067722709,Lyon,20517.41,EMP
807,Lucas,Moreau,52368828077155,Bordeaux,88667.21,EMP
808,Thomas,Martin,73152663614910,Lyon,27182.85,EMP
809,Camille,Martin,20407924555978,Paris,29844.14,EMP
810,Camille,Laurent,36904062258043,Lyon,71265.98,EMP
811,Nicolas,Lefebvre,90916278333791,Lille,22153.28,EMP
812,Camille,Martin,48110351358212,Bordeaux,67925.34,EMP
813,Thomas,Dupont,83381554618054,Marseille,37821.86,EMP
814,Nicolas,Laurent,32622094864990,Paris,60804.34,EMP
815,Nicolas,Girard,76045721867395,Lyon,41777.67,EMP
816,Camille,Moreau,98345169967524,Marseille,81659.38,EMP
817,Lucas,Dupont,12328671763326,Paris,55842.44,EMP
818,Lucas,Martin,23109910420571,Paris,16526.38,EMP
819,Chloé,Laurent,21551118322948,Bordeaux,17933.79,EMP
820,Camille,Laurent,93416562902204,Lyon,72596.78,EMP
821,Lucas,Lefebvre,69710376852075,Paris,44025.82,EMP
822,Jean,Dupont,85203379472978,Marseille,19324.44,EMP
823,Nicolas,Moreau,91018495650540,Marseille,75662.98,EMP
824,Marie,Laurent,87836440567922,Marseille,39688.14,EMP
825,Nicolas,Laurent,53353645221339,Paris,30707.33,EMP
826,Lucas,Girard,69073192311239,Paris,36805.52,EMP
827,Marie,Moreau,47699140069278,Marseille,41391.18,EMP
828,Nicolas,Laurent,37599305125813,Paris,67091.00,EMP
829,Camille,Dupont,98168853452871,Paris,39312.16,EMP
830,Lucas,Laurent,67044606758109,Nantes,71070.22,EMP
831,Nicolas,Moreau,67400467401466,Nantes,23707.91,EMP
832,Thomas,Dupont,17622260038474,Bordeaux,77356.32,EMP
833,Camille,Martin,89140521545855,Marseille,71984.79,EMP
834,Lucas,Laurent,97026669725515,Nantes,77444.79,EMP
835,Lucas,Moreau,78210116391241,Marseille,17425.31,EMP
836,Thomas,Dupont,65112938336608,Nantes,16439.45,EMP
837,Nicolas,Dupont,65713984008913,Paris,57379.01,EMP
838,Lucas,Moreau,36477400226984,Lille,32797.11,EMP
839,Nicolas,Girard,91252370793206,Bordeaux,82500.10,EMP
840,Thomas,Laurent,53911250491834,Paris,65499.95,EMP
841,Camille,Martin,18474248630526,Marseille,64247.13,EMP
842,Jean,Girard,46480438400617,Paris,33688.32,EMP
843,Marie,Dupont,58531570710008,Bordeaux,86469.51,EMP
844,Jean,Dupont,56502867675382,Paris,81834.01,EMP
845,Thomas,Girard,38389596333748,Lyon,35484.27,EMP
846,Lucas,Moreau,10634673706406,Paris,29709.52,EMP
847,Lucas,Moreau,29508855147383,Nantes,75485.36,EMP
848,Marie,Moreau,99144516601707,Lyon,43831.19,EMP
849,Chloé,Dupont,58579015140556,Paris,68386.14,EMP
850,Nicolas,Moreau,93657496779150,Paris,18768.34,EMP
851,Chloé,Martin,81681287935234,Nantes,44523.20,EMP
852,Camille,Laurent,81637270050271,Bordeaux,20252.45,EMP
853,Chloé,Girard,90349920498713,Nantes,22821.91,EMP
854,Nicolas,Moreau,70885514009535,Bordeaux,31345.03,EMP
855,Chloé,Lefebvre,75710025323659,Lille,86701.48,EMP
856,Chloé,Dupont,69340102173186,Paris,80581.32,EMP
857,Jean,Girard,97602847647278,Paris,83293.10,EMP
858,Lucas,Moreau,41030890963898,Paris,37622.02,EMP
859,Marie,Girard,26274392488097,Bordeaux,41216.01,EMP
860,Jean,Lefebvre,39214983031794,Lille,49356.52,EMP
861,Thomas,Laurent,23454752779524,Lille,36443.88,EMP
862,Nicolas,Martin,59899942897809,Marseille,53445.40,EMP
863,Chloé,Lefebvre,84837589550494,Paris,15344.17,EMP
864,Jean,Girard,62820293684932,Bordeaux,27429.40,EMP
865,Nicolas,Martin,14924596507637,Lyon,37475.30,EMP
866,Jean,Dupont,63932412512315,Bordeaux,61716.23,EMP
867,Chloé,Girard,28339890575637,Lille,64757.10,EMP
868,Chloé,Martin,36489708198629,Nantes,78610.79,EMP
869,Lucas,Girard,31410522468631,Lille,54138.17,EMP
870,Chloé,Dupont,30377240959480,Nantes,81479.83,EMP
871,Chloé,Lefebvre,30869782161780,Paris,33264.25,EMP
872,Marie,Girard,91830839265507,Nantes,75781.70,EMP
873,Nicolas,Martin,43825320427287,Bordeaux,51040.33,EMP
874,Nicolas,Girard,19180563795293,Lyon,51665.65,EMP
875,Chloé,Moreau,92043679402324,Marseille,71897.21,EMP
876,Nicolas,Dupont,97133898420450,Lyon,54257.93,EMP
877,Lucas,Laurent,88122975447596,Nantes,64739.20,EMP
878,Marie,Lefebvre,46425328494708,Paris,19574.75,EMP
879,Jean,Dupont,35527522154729,Lille,25209.78,EMP
880,Jean,Dupont,53197949496884,Lille,32321.06,EMP
881,Thomas,Laurent,46390049427293,Lille,37468.86,EMP
882,Chloé,Martin,55245529446459,Nantes,87397.37,EMP
883,Camille,Lefebvre,95994171206477,Paris,19650.41,EMP
884,Lucas,Laurent,42233623822023,Marseille,45090.11,EMP
885,Chloé,Dupont,58226258177549,Nantes,73592.00,EMP
886,Chloé,Lefebvre,14681935185111,Paris,33669.62,EMP
887,Nicolas,Martin,57904818117434,Paris,31031.76,EMP
888,Marie,Dupont,32003821035831,Lille,38807.39,EMP
889,Thomas,Laurent,56173688566324,Paris,53477.51,EMP
890,Chloé,Girard,83894089513079,Lille,48553.34,EMP
891,Marie,Laurent,16005070057874,Lyon,27827.90,EMP
892,Lucas,Martin,30666982375952,Lille,44316.43,EMP
893,Camille,Dupont,68433018968335,Marseille,41506.70,EMP
894,Thomas,Martin,47377239498368,Paris,80555.79,EMP
895,Marie,Moreau,51300787894000,Marseille,71199.34,EMP
896,Jean,Lefebvre,98785812837489,Bordeaux,49794.63,EMP
897,Camille,Dupont,21528490543017,Paris,53854.21,EMP
898,Camille,Laurent,54144182733901,Paris,72215.57,EMP
899,Marie,Moreau,94927301462404,Lille,52200.37,EMP
900,Lucas,Martin,97753795991263,Nantes,85974.80,EMP
901,Jean,Laurent,34988750086391,Nantes,62846.38,EMP
902,Thomas,Girard,23776257140197,Paris,73529.45,EMP
903,Camille,Girard,74752961330503,Lyon,54894.15,EMP
904,Chloé,Lefebvre,46233934578827,Nantes,47383.26,EMP
905,Thomas,Dupont,24102973206489,Lyon,19050.68,EMP
906,Chloé,Dupont,82543256410912,Lille,80182.69,EMP
907,Jean,Girard,17255528893571,Lille,38073.09,EMP
908,Thomas,Girard,49831626243624,Nantes,38271.05,EMP
909,Nicolas,Laurent,33216993675924,Bordeaux,17076.63,EMP
910,Camille,Lefebvre,77917199858922,Lille,15379.19,EMP
911,Chloé,Dupont,72489479807574,Lyon,30700.69,EMP
912,Chloé,Girard,47002785251948,Lyon,67771.87,EMP
913,Thomas,Dupont,68420938690952,Paris,38427.89,EMP
914,Thomas,Laurent,59853461484205,Marseille,65019.78,EMP
915,Thomas,Girard,75089698397361,Paris,30022.23,EMP
916,Camille,Dupont,71840154577406,Lyon,72423.20,EMP
917,Camille,Lefebvre,61654689204505,Bordeaux,59931.27,EMP
918,Marie,Dupont,21501301229998,Nantes,68518.50,EMP
919,Lucas,Martin,75386440092716,Bordeaux,49650.41,EMP
920,Thomas,Girard,19094485915460,Nantes,35007.75,EMP
921,Marie,Martin,91685909586923,Paris,70637.31,EMP
922,Chloé,Girard,25132402203770,Marseille,30037.98,EMP
923,Marie,Laurent,76285445672914,Paris,82549.72,EMP
924,Chloé,Moreau,79793637206515,Paris,49074.54,EMP
925,Jean,Girard,24359830092822,Paris,48784.09,EMP
926,Jean,Girard,69652403390734,Lyon,61903.93,EMP
927,Nicolas,Moreau,52240948645907,Lille,26268.00,EMP
928,Nicolas,Moreau,43804960214778,Lille,30170.67,EMP
929,Nicolas,Girard,57234956850160,Lille,66173.61,EMP
930,Marie,Girard,82042034786196,Paris,54135.65,EMP
931,Lucas,Dupont,16106004101488,Paris,43139.32,EMP
932,Marie,Lefebvre,68537476362225,Lille,29876.59,EMP
933,Jean,Lefebvre,88855278002723,Lille,27673.77,EMP
934,Marie,Girard,40280880090700,Lille,64776.97,EMP
935,Nicolas,Girard,73945891473875,Nantes,25298.52,EMP
936,Lucas,Laurent,64893145163423,Lyon,80262.39,EMP
937,Marie,Lefebvre,91243991737413,Paris,41480.86,EMP
938,Marie,Moreau,58882008770549,Lille,85738.79,EMP
939,Nicolas,Lefebvre,43806767002640,Lille,19002.08,EMP
940,Nicolas,Laurent,22135604764834,Bordeaux,34691.74,EMP
941,Lucas,Moreau,68248822840911,Bordeaux,34891.26,EMP
942,Jean,Dupont,52486746976527,Lyon,82239.86,EMP
943,Jean,Martin,91571185620435,Marseille,18909.25,EMP
944,Jean,Girard,25513220587331,Bordeaux,22201.68,EMP
945,Thomas,Dupont,88355101487779,Paris,83428.73,EMP
946,Nicolas,Dupont,78072396949394,Nantes,53114.74,EMP
947,Lucas,Dupont,17370786903700,Nantes,26824.35,EMP
948,Nicolas,Moreau,84745515987437,Paris,67393.78,EMP
949,Lucas,Girard,51382901922138,Lille,23297.52,EMP
950,Marie,Girard,25440971345680,Paris,60795.94,EMP
951,Jean,Dupont,94886966144557,Paris,50958.89,EMP
952,Marie,Martin,82200920491892,Bordeaux,50325.63,EMP
953,Thomas,Lefebvre,16660621766873,Nantes,34081.56,EMP
954,Lucas,Girard,98195908187211,Marseille,38753.17,EMP
955,Nicolas,Martin,24251051138675,Paris,55900.07,EMP
956,Lucas,Laurent,80681812420877,Bordeaux,46944.15,EMP
957,Thomas,Girard,92586883533452,Bordeaux,80517.74,EMP
958,Lucas,Dupont,70198332885120,Bordeaux,59943.66,EMP
959,Camille,Martin,63089587353088,Nantes,45663.32,EMP
960,Marie,Martin,32948470414204,Lille,28765.28,EMP
961,Chloé,Laurent,51761299650972,Lyon,69160.44,EMP
962,Camille,Laurent,12926874124002,Paris,15775.35,EMP
963,Jean,Girard,71835540862692,Nantes,89105.81,EMP
964,Chloé,Moreau,92225071286278,Paris,47388.03,EMP
965,Marie,Moreau,52059045051886,Bordeaux,68425.94,EMP
966,Thomas,Martin,91837904721054,Lille,49898.88,EMP
967,Camille,Dupont,80485583163387,Bordeaux,39346.87,EMP
968,Marie,Lefebvre,10839586308533,Lille,20612.76,EMP
969,Camille,Dupont,47855680849827,Bordeaux,67357.79,EMP
970,Lucas,Dupont,54768853898238,Lille,18972.63,EMP
971,Marie,Dupont,14006031875306,Paris,78661.88,EMP
972,Camille,Moreau,47849523219763,Marseille,40415.20,EMP
973,Nicolas,Dupont,21386847775338,Lille,65161.10,EMP
974,Nicolas,Girard,32398071351296,Paris,24926.27,EMP
975,Camille,Laurent,38047788076134,Marseille,68831.86,EMP
976,Chloé,Dupont,77724886567408,Marseille,62080.90,EMP
977,Thomas,Lefebvre,20177002003804,Lille,44286.34,EMP
978,Nicolas,Girard,65268591503572,Marseille,34061.88,EMP
979,Chloé,Dupont,56935482676286,Bordeaux,41667.47,EMP
980,Jean,Girard,35685476375910,Lyon,52701.72,EMP
981,Jean,Moreau,45386451847469,Lille,33993.71,EMP
982,Camille,Laurent,54501950053171,Marseille,22703.76,EMP
983,Jean,Lefebvre,38717789749518,Nantes,52664.06,EMP
984,Camille,Dupont,90924224899888,Nantes,20198.02,EMP
985,Thomas,Moreau,50604648653527,Nantes,47317.74,EMP
986,Lucas,Lefebvre,26757916333362,Nantes,80161.65,EMP
987,Thomas,Girard,16812228436877,Lyon,53104.26,EMP
988,Jean,Martin,39975261730532,Nantes,88945.54,EMP
989,Marie,Martin,44063178429678,Nantes,25453.64,EMP
990,Lucas,Moreau,20010737285215,Nantes,55646.85,EMP
991,Chloé,Moreau,58645846699182,Lille,83899.12,EMP
992,Jean,Girard,29614134226237,Marseille,74250.08,EMP
993,Marie,Martin,47855146579987,Marseille,56536.61,EMP
994,Thomas,Laurent,97625767389552,Nantes,29779.45,EMP
995,Marie,Laurent,66979118231343,Lyon,73462.26,EMP
996,Marie,Lefebvre,85648839416099,Lyon,23359.77,EMP
997,Camille,Moreau,44349379771858,Marseille,42408.94,EMP
998,Nicolas,Martin,65025081139600,Marseille,36982.88,EMP
999,Camille,Lefebvre,16976667438586,Bordeaux,29922.29,EMP
1000,Marie,Martin,99536264002143,Lille,82843.36,EMP
1001,Thomas,Lefebvre,57789638629199,Nantes,75900.40,EMP
1002,Nicolas,Dupont,22986956656566,Paris,55177.32,EMP
1003,Jean,Laurent,90668836362244,Bordeaux,33887.72,EMP
1004,Lucas,Dupont,38246161231291,Nantes,41332.76,EMP
1005,Thomas,Dupont,41356791021462,Lyon,66808.85,EMP
1006,Lucas,Dupont,40147722126973,Lille,82646.50,EMP
1007,Marie,Girard,57340460447485,Bordeaux,34150.24,EMP
1008,Camille,Laurent,83434070969970,Nantes,61264.03,EMP
1009,Camille,Girard,26876402480505,Marseille,75492.74,EMP
1010,Camille,Lefebvre,35221395242655,Lille,88178.05,EMP
1011,Jean,Martin,74544340968182,Bordeaux,58587.75,EMP
1012,Lucas,Dupont,63337496243534,Lille,21182.21,EMP
1013,Thomas,Moreau,24288438111361,Lille,80920.22,EMP
1014,Chloé,Lefebvre,44024470814974,Lille,58323.49,EMP
1015,Thomas,Girard,79507996341365,Lille,68749.30,EMP
1016,Marie,Girard,89759390464542,Paris,41995.49,EMP
1017,Chloé,Moreau,83880247473540,Marseille,28714.14,EMP
1018,Lucas,Girard,32866622749207,Lyon,36582.47,EMP
1019,Thomas,Lefebvre,11792650030741,Lyon,32259.38,EMP
1020,Jean,Girard,65067987903791,Lyon,51437.32,EMP
1021,Camille,Moreau,82798169028980,Nantes,38329.24,EMP
1022,Jean,Lefebvre,71614599366929,Nantes,51418.47,EMP
1023,Lucas,Dupont,92377140745671,Nantes,55402.87,EMP
1024,Lucas,Moreau,97184131455697,Lille,75771.62,EMP
1025,Chloé,Martin,29270373311464,Nantes,69369.21,EMP
1026,Nicolas,Laurent,33687865599086,Bordeaux,18050.32,EMP
1027,Marie,Lefebvre,81725570734270,Nantes,28472.16,EMP
1028,Marie,Martin,85164943164413,Nantes,72902.66,EMP
1029,Thomas,Moreau,42334168058394,Lyon,22358.32,EMP
1030,Chloé,Dupont,97771320297380,Paris,45441.09,EMP
1031,Jean,Girard,28061035936431,Lyon,56485.04,EMP
1032,Jean,Martin,28738731591009,Paris,59879.67,EMP
1033,Marie,Lefebvre,66716543687784,Lyon,34414.45,EMP
1034,Lucas,Moreau,45670271085981,Paris,44197.61,EMP
1035,Chloé,Martin,79927576317725,Lille,83735.98,EMP
1036,Chloé,Moreau,81021407218106,Nantes,64737.84,EMP
1037,Marie,Moreau,69197331927731,Lyon,66391.43,EMP
1038,Marie,Dupont,86993702839347,Lyon,44295.36,EMP
1039,Marie,Moreau,80368107613585,Bordeaux,42155.11,EMP
1040,Camille,Moreau,41103483687381,Nantes,49289.81,EMP
1041,Nicolas,Laurent,73275396018120,Marseille,31506.04,EMP
1042,Thomas,Lefebvre,81215114392910,Marseille,69771.95,EMP
1043,Lucas,Martin,73518293134588,Lille,28995.93,EMP
1044,Chloé,Girard,65385629918294,Paris,83137.38,EMP
1045,Chloé,Girard,57131163073779,Paris,17873.77,EMP
1046,Camille,Moreau,85044385882992,Marseille,78173.34,EMP
1047,Lucas,Girard,33703792271353,Bordeaux,84197.81,EMP
1048,Marie,Dupont,71061221538002,Paris,24585.26,EMP
1049,Lucas,Dupont,44794166057428,Paris,86863.04,EMP
1050,Lucas,Lefebvre,48430121451991,Lille,45487.72,EMP
1051,Nicolas,Martin,64611326503388,Lille,66103.39,EMP
1052,Thomas,Girard,38174221715809,Marseille,67178.20,EMP
1053,Lucas,Laurent,81975554270676,Lille,34355.36,EMP
1054,Chloé,Laurent,43252554130861,Nantes,89482.19,EMP
1055,Chloé,Dupont,14766905643840,Lille,35179.36,EMP
1056,Camille,Girard,16752889150132,Marseille,56427.78,EMP
1057,Lucas,Laurent,12549401473767,Nantes,16714.24,EMP
1058,Lucas,Moreau,91910521504961,Nantes,27827.33,EMP
1059,Jean,Girard,44943895993468,Bordeaux,70925.22,EMP
1060,Chloé,Lefebvre,37343010132072,Lille,19629.40,EMP
1061,Jean,Laurent,14631883730269,Lyon,48887.06,EMP
1062,Thomas,Girard,20876568429313,Paris,79836.62,EMP
1063,Camille,Moreau,98520317178919,Paris,42809.49,EMP
1064,Jean,Martin,94511933726389,Bordeaux,49157.73,EMP
1065,Nicolas,Moreau,75547904744418,Nantes,34086.76,EMP
1066,Marie,Laurent,71465056442893,Lyon,70961.36,EMP
1067,Jean,Martin,19077449023722,Nantes,34049.56,EMP
1068,Camille,Laurent,55236495458059,Lille,65616.20,EMP
1069,Thomas,Lefebvre,15887162710229,Nantes,25383.18,EMP
1070,Chloé,Moreau,35974880953855,Nantes,29404.27,EMP
1071,Nicolas,Moreau,93522151048811,Bordeaux,23769.10,EMP
1072,Marie,Lefebvre,43176691947438,Marseille,22289.37,EMP
1073,Marie,Martin,51011144163484,Paris,17030.70,EMP
1074,Marie,Moreau,44853561093669,Lyon,74902.54,EMP
1075,Jean,Girard,50749759042187,Lille,60368.01,EMP
1076,Chloé,Lefebvre,35972536466644,Paris,73179.76,EMP
1077,Thomas,Laurent,85444986499345,Marseille,66330.72,EMP
1078,Thomas,Moreau,21170869493857,Lyon,64232.79,EMP
1079,Chloé,Girard,25748967348249,Nantes,49826.41,EMP
1080,Thomas,Dupont,41761064119633,Marseille,27580.62,EMP
1081,Chloé,Lefebvre,91673943015518,Marseille,46680.06,EMP
1082,Jean,Martin,34096723107005,Bordeaux,50420.86,EMP
1083,Lucas,Dupont,85948852626651,Lille,40383.43,EMP
1084,Nicolas,Moreau,28799451332498,Marseille,33356.19,EMP
1085,Camille,Laurent,16842620933378,Paris,24517.46,EMP
1086,Marie,Laurent,84270368305690,Lille,25663.12,EMP
1087,Chloé,Martin,98635799440243,Lille,73921.04,EMP
1088,Jean,Girard,27311370520294,Lille,55133.81,EMP
1089,Camille,Girard,14261023303465,Marseille,72190.19,EMP
1090,Lucas,Moreau,99740279665713,Paris,36917.98,EMP
1091,Thomas,Dupont,38884287290851,Marseille,31917.02,EMP
1092,Thomas,Laurent,63931258591284,Lyon,73472.54,EMP
1093,Camille,Girard,59388703968761,Lyon,65007.46,EMP
1094,Nicolas,Lefebvre,92291954056311,Bordeaux,79084.71,EMP
1095,Nicolas,Lefebvre,95090516335798,Bordeaux,68204.42,EMP
1096,Camille,Moreau,12220984590964,Paris,55002.90,EMP
1097,Nicolas,Martin,71191424724992,Bordeaux,52522.83,EMP
1098,Nicolas,Martin,48176396372350,Lyon,27334.68,EMP
1099,Camille,Lefebvre,86374589425991,Nantes,77550.99,EMP
1100,Nicolas,Dupont,12347055991779,Bordeaux,46434.88,EMP
1101,Thomas,Girard,25433054616828,Marseille,37042.80,EMP
1102,Nicolas,Martin,66603249823307,Paris,31158.67,EMP
1103,Thomas,Lefebvre,51032195996534,Lyon,78380.28,EMP
1104,Nicolas,Girard,91660576141292,Lyon,50769.76,EMP
1105,Nicolas,Laurent,76508194065691,Nantes,15652.10,EMP
1106,Jean,Lefebvre,76363690602608,Marseille,48276.49,EMP
1107,Camille,Girard,46614890963179,Paris,16651.96,EMP
1108,Marie,Martin,24439191719209,Nantes,55371.75,EMP
1109,Chloé,Girard,72279732714504,Bordeaux,25883.29,EMP
1110,Lucas,Moreau,98378474777771,Lyon,84666.54,EMP
1111,Nicolas,Lefebvre,60659422334848,Bordeaux,63646.52,EMP
1112,Chloé,Girard,92244639432629,Marseille,19367.81,EMP
1113,Lucas,Moreau,53424444538465,Lyon,73659.46,EMP
1114,Lucas,Lefebvre,39614951279891,Paris,35564.28,EMP
1115,Nicolas,Martin,78444394891281,Lille,81879.13,EMP
1116,Chloé,Moreau,96665704187115,Paris,75935.11,EMP
1117,Lucas,Laurent,81296055962197,Nantes,70010.55,EMP
1118,Lucas,Lefebvre,38288727583075,Lille,43717.38,EMP
1119,Marie,Lefebvre,95637408214837,Paris,15010.75,EMP
1120,Jean,Laurent,98113254866053,Bordeaux,84704.04,EMP
1121,Lucas,Lefebvre,16712215463991,Lille,42095.55,EMP
1122,Camille,Laurent,41494602718305,Nantes,34677.75,EMP
1123,Nicolas,Dupont,85064168314885,Nantes,48116.03,EMP
1124,Thomas,Laurent,96141981683623,Lille,50523.57,EMP
1125,Nicolas,Martin,31860961808587,Lyon,74675.95,EMP
1126,Marie,Martin,16231399748289,Lyon,16457.47,EMP
1127,Marie,Laurent,27364521598886,Bordeaux,40941.31,EMP
1128,Marie,Lefebvre,74810638570693,Lyon,16751.60,EMP
1129,Camille,Moreau,18315740739281,Paris,87980.46,EMP
1130,Lucas,Dupont,13666326766449,Lille,36361.99,EMP
1131,Camille,Dupont,70369356017586,Bordeaux,73615.54,EMP
1132,Camille,Girard,73052049750319,Lille,83552.57,EMP
1133,Nicolas,Girard,27308464001123,Paris,40208.10,EMP
1134,Jean,Girard,60446128797469,Nantes,75215.73,EMP
1135,Jean,Dupont,89791479074758,Paris,80528.15,EMP
1136,Lucas,Lefebvre,18623109528472,Marseille,41994.27,EMP
1137,Marie,Dupont,76419307140759,Lille,81753.69,EMP
1138,Camille,Dupont,57346702711065,Marseille,50453.88,EMP
1139,Camille,Laurent,99693102837172,Marseille,40032.04,EMP
1140,Jean,Martin,75209937788535,Marseille,62190.07,EMP
1141,Jean,Moreau,63413231353122,Lyon,56159.71,EMP
1142,Lucas,Lefebvre,24098623623005,Lille,22893.46,EMP
1143,Camille,Girard,96497284323259,Lille,25063.54,EMP
1144,Marie,Laurent,16246108646982,Lyon,74119.29,EMP
1145,Chloé,Laurent,50520643963877,Nantes,29160.35,EMP
1146,Lucas,Moreau,96812960639075,Marseille,27927.79,EMP
1147,Jean,Laurent,42109221564210,Bordeaux,30495.52,EMP
1148,Nicolas,Laurent,43782455726132,Nantes,33755.77,EMP
1149,Marie,Lefebvre,19748429885952,Lyon,56204.17,EMP
1150,Chloé,Dupont,95504609395062,Lille,42626.47,EMP
1151,Jean,Laurent,93743566356184,Lille,18759.19,EMP
1152,Camille,Moreau,68805957991555,Paris,66512.79,EMP
1153,Jean,Martin,86135154039628,Lyon,19726.59,EMP
1154,Thomas,Moreau,69904986195200,Lille,51391.24,EMP
1155,Marie,Lefebvre,40877004452730,Bordeaux,82698.93,EMP
1156,Marie,Lefebvre,72442655526593,Lyon,61703.56,EMP
1157,Thomas,Laurent,63864296612637,Paris,33691.57,EMP
1158,Thomas,Moreau,85240387362435,Marseille,47642.09,EMP
1159,Jean,Lefebvre,59355564084579,Lille,19136.89,EMP
1160,Marie,Laurent,70612258868909,Paris,48023.93,EMP
1161,Jean,Girard,92385131263391,Marseille,71758.55,EMP
1162,Jean,Laurent,88738923593244,Paris,27293.92,EMP
1163,Lucas,Dupont,21825290942806,Marseille,70817.07,EMP
1164,Marie,Martin,90939985100349,Lyon,51892.57,EMP
1165,Chloé,Moreau,14581551867553,Marseille,61295.25,EMP
1166,Lucas,Moreau,84819544678972,Bordeaux,60416.06,EMP
1167,Lucas,Laurent,36075965350859,Bordeaux,45468.24,EMP
1168,Thomas,Lefebvre,60441781205738,Lyon,39115.12,EMP
1169,Nicolas,Dupont,93930178784288,Nantes,32877.66,EMP
1170,Chloé,Lefebvre,95472442889295,Lyon,40311.86,EMP
1171,Thomas,Lefebvre,61733466909091,Paris,88368.34,EMP
1172,Thomas,Moreau,16994617263681,Lyon,44788.96,EMP
1173,Nicolas,Girard,64387819795361,Paris,78450.50,EMP
1174,Jean,Martin,35269100617534,Bordeaux,51513.70,EMP
1175,Nicolas,Martin,96300928492429,Paris,59177.05,EMP
1176,Nicolas,Moreau,21553045488208,Paris,38937.56,EMP
1177,Thomas,Lefebvre,26399502362654,Lille,57364.45,EMP
1178,Thomas,Laurent,57022418634047,Lyon,59979.66,EMP
1179,Thomas,Lefebvre,46816360313424,Bordeaux,81931.66,EMP
1180,Jean,Laurent,54926378066154,Paris,49755.96,EMP
1181,Jean,Girard,22210339347678,Nantes,31835.72,EMP
1182,Chloé,Lefebvre,23973141424586,Nantes,38111.03,EMP
1183,Nicolas,Martin,59804381846577,Nantes,22174.70,EMP
1184,Marie,Laurent,66511662698971,Lyon,53285.59,EMP
1185,Jean,Lefebvre,17584845523312,Lille,51168.52,EMP
1186,Nicolas,Girard,48166110924316,Bordeaux,38571.52,EMP
1187,Lucas,Girard,32416369627161,Lille,18098.73,EMP
1188,Nicolas,Dupont,34347984411343,Lyon,37139.75,EMP
1189,Jean,Laurent,38532179517066,Lille,15391.55,EMP
1190,Chloé,Dupont,92545708474745,Paris,55193.85,EMP
1191,Marie,Girard,25025616938441,Marseille,31300.64,EMP
1192,Camille,Dupont,30646955437168,Nantes,78784.59,EMP
1193,Chloé,Girard,58276484276732,Paris,31505.10,EMP
1194,Chloé,Martin,60976430603465,Marseille,42355.69,EMP
1195,Lucas,Lefebvre,22844492012114,Nantes,51764.31,EMP
1196,Nicolas,Girard,31477468271275,Marseille,57750.46,EMP
1197,Marie,Dupont,77054474754557,Paris,78505.62,EMP
1198,Jean,Laurent,89927637245183,Lille,21981.13,EMP
1199,Camille,Martin,63740486441066,Nantes,74409.93,EMP
1200,Lucas,Girard,69964567459726,Bordeaux,66980.09,EMP
1201,Camille,Dupont,52172512599165,Lille,81760.66,EMP
1202,Camille,Laurent,62774775585993,Marseille,63356.81,EMP
1203,Chloé,Moreau,60643438404391,Nantes,73106.39,EMP
1204,Camille,Dupont,12631219140781,Bordeaux,46439.42,EMP
1205,Nicolas,Lefebvre,14677578880359,Marseille,31476.64,EMP
1206,Chloé,Martin,86527212921206,Bordeaux,70892.17,EMP
1207,Thomas,Laurent,89836672860177,Paris,38140.45,EMP
1208,Nicolas,Martin,17917776921623,Nantes,19230.86,EMP
1209,Camille,Moreau,23635058771657,Lyon,73713.64,EMP
1210,Marie,Martin,30948723049377,Marseille,60990.80,EMP
1211,Camille,Lefebvre,65543894828800,Lille,80941.13,EMP
1212,Chloé,Laurent,78900903664272,Nantes,72974.81,EMP
1213,Jean,Laurent,33892026130820,Nantes,38404.41,EMP
1214,Jean,Dupont,10848432077439,Lille,64484.05,EMP
1215,Jean,Martin,54301695597926,Marseille,48576.88,EMP
1216,Lucas,Dupont,93269319821262,Marseille,60403.16,EMP
1217,Nicolas,Martin,64191829029487,Lille,73015.53,EMP
1218,Nicolas,Martin,38131813030809,Paris,30039.77,EMP
1219,Lucas,Laurent,37042022515387,Nantes,74561.34,EMP
1220,Nicolas,Lefebvre,21408966923437,Nantes,25400.97,EMP
1221,Jean,Dupont,28966627797425,Nantes,43692.05,EMP
1222,Thomas,Laurent,75635888761056,Lyon,63348.10,EMP
1223,Chloé,Dupont,70992465270374,Paris,82176.95,EMP
1224,Nicolas,Laurent,64123479325356,Lille,24337.32,EMP
1225,Camille,Lefebvre,19243712328929,Marseille,49555.02,EMP
1226,Lucas,Martin,21789343550541,Lille,63037.96,EMP
1227,Marie,Martin,44353447027505,Paris,22418.12,EMP
1228,Camille,Moreau,90574514900434,Paris,75656.67,EMP
1229,Nicolas,Laurent,12792175824405,Paris,82679.62,EMP
1230,Camille,Laurent,69102919883796,Lyon,70289.79,EMP
1231,Thomas,Moreau,71445474518226,Lyon,25091.29,EMP
1232,Marie,Martin,78903673100543,Paris,64558.63,EMP
1233,Lucas,Laurent,92413009476052,Paris,44668.10,EMP
1234,Marie,Martin,87022100693555,Lyon,62883.76,EMP
1235,Nicolas,Girard,91697068753257,Paris,53536.09,EMP
1236,Lucas,Laurent,22219866291926,Marseille,79384.22,EMP
1237,Lucas,Moreau,88794687183837,Lille,19049.24,EMP
1238,Camille,Laurent,49085957940717,Paris,79177.66,EMP
1239,Camille,Dupont,10395166222867,Bordeaux,19452.04,EMP
1240,Jean,Dupont,23841028180938,Lyon,61110.41,EMP
1241,Nicolas,Laurent,11361737084363,Bordeaux,42556.67,EMP
1242,Jean,Lefebvre,22494365649346,Paris,67926.02,EMP
1243,Marie,Martin,69075112823211,Lyon,43357.59,EMP
1244,Lucas,Martin,29525982583819,Bordeaux,76492.83,EMP
1245,Lucas,Girard,95652893281454,Lille,68840.37,EMP
1246,Thomas,Moreau,40493804347152,Lille,72275.34,EMP
1247,Nicolas,Dupont,38926382181347,Nantes,53781.51,EMP
1248,Camille,Martin,87865798436349,Paris,49526.80,EMP
1249,Nicolas,Martin,42082577311288,Lille,87261.05,EMP
1250,Lucas,Laurent,45534635533080,Lyon,46449.32,EMP
1251,Thomas,Martin,48133496895287,Marseille,89184.81,EMP
1252,Thomas,Dupont,76224964530578,Paris,75449.47,EMP
1253,Nicolas,Laurent,97480939969135,Paris,73371.45,EMP
1254,Chloé,Moreau,29454045650472,Nantes,46676.91,EMP
1255,Nicolas,Dupont,34326787323372,Nantes,81551.47,EMP
1256,Marie,Moreau,12347143533359,Lille,46980.35,EMP
1257,Marie,Martin,56034139734125,Nantes,83196.66,EMP
1258,Marie,Lefebvre,79144388323026,Lille,76946.09,EMP
1259,Thomas,Moreau,95974391821116,Paris,42182.66,EMP
1260,Lucas,Lefebvre,63527683269224,Paris,37588.58,EMP
1261,Jean,Moreau,28861933864734,Nantes,48385.24,EMP
1262,Thomas,Dupont,52394055944675,Bordeaux,85055.09,EMP
1263,Lucas,Martin,34516296148557,Lyon,49120.62,EMP
1264,Marie,Moreau,96620003855131,Lyon,64613.02,EMP
1265,Marie,Laurent,45293593812962,Lyon,29022.28,EMP
1266,Jean,Dupont,41257400131776,Marseille,32301.52,EMP
1267,Camille,Laurent,25975049983816,Bordeaux,30201.18,EMP
1268,Marie,Laurent,50366717304289,Lille,81840.96,EMP
1269,Lucas,Girard,45974835032761,Paris,75754.64,EMP
1270,Chloé,Girard,41412447077367,Paris,42866.23,EMP
1271,Lucas,Dupont,85648348116597,Paris,65061.49,EMP
1272,Camille,Girard,48079749238330,Paris,19294.02,EMP
1273,Marie,Dupont,74895997224112,Lille,48399.59,EMP
1274,Jean,Martin,28001564550267,Lille,82639.97,EMP
1275,Nicolas,Dupont,74658498098958,Marseille,84936.24,EMP
1276,Camille,Lefebvre,84332512567378,Paris,29276.00,EMP
1277,Nicolas,Lefebvre,96398991267904,Bordeaux,29714.85,EMP
1278,Jean,Girard,67660120354412,Nantes,71199.72,EMP
1279,Nicolas,Girard,82353836061554,Bordeaux,60715.34,EMP
1280,Jean,Girard,72097714819742,Lyon,61562.22,EMP
1281,Camille,Martin,60849236682831,Lyon,42564.58,EMP
1282,Chloé,Martin,64025030030624,Nantes,26107.72,EMP
1283,Lucas,Moreau,28675277261098,Paris,61026.45,EMP
1284,Nicolas,Moreau,67320845433633,Nantes,16119.74,EMP
1285,Marie,Girard,56093506510979,Lille,55218.49,EMP
1286,Nicolas,Moreau,80170399704721,Marseille,45513.46,EMP
1287,Nicolas,Lefebvre,97459159910695,Marseille,23478.30,EMP
1288,Chloé,Lefebvre,42023255611270,Lyon,74835.13,EMP
1289,Thomas,Laurent,11551814055459,Marseille,78405.96,EMP
1290,Lucas,Girard,50940136062002,Lille,45278.87,EMP
1291,Marie,Dupont,92609994679692,Nantes,81796.03,EMP
1292,Marie,Girard,66468684497554,Marseille,88049.14,EMP
1293,Jean,Dupont,59388758113489,Lille,17268.88,EMP
1294,Lucas,Laurent,29028060404645,Bordeaux,34840.38,EMP
1295,Camille,Moreau,66197650547949,Marseille,53443.20,EMP
1296,Nicolas,Laurent,74684234427260,Lyon,70996.91,EMP
1297,Marie,Laurent,88836306407799,Paris,61740.61,EMP
1298,Chloé,Martin,28809658967317,Lyon,23708.04,EMP
1299,Marie,Girard,22141583992940,Lyon,68810.10,EMP
1300,Lucas,Martin,95753477404537,Bordeaux,75578.69,EMP
1301,Lucas,Martin,11082713079517,Paris,30474.48,EMP
1302,Jean,Dupont,86650646881981,Bordeaux,51800.35,EMP
1303,Lucas,Moreau,97829645466031,Nantes,52579.21,EMP
1304,Lucas,Moreau,10357397764002,Lyon,35916.87,EMP
1305,Camille,Moreau,82460747676017,Paris,72885.53,EMP
1306,Nicolas,Girard,75509809934591,Lyon,51411.53,EMP
1307,Thomas,Martin,86295554666179,Paris,23210.56,EMP
1308,Marie,Girard,92070266322669,Lyon,23556.59,EMP
1309,Nicolas,Moreau,46580104097788,Lille,77579.80,EMP
1310,Chloé,Lefebvre,50141292997667,Bordeaux,62259.45,EMP
1311,Chloé,Moreau,13737443039662,Lyon,43459.95,EMP
1312,Chloé,Lefebvre,57560158154172,Marseille,47188.98,EMP
1313,Camille,Laurent,77925901170707,Nantes,26534.54,EMP
1314,Chloé,Martin,33034864189747,Bordeaux,63076.02,EMP
1315,Lucas,Martin,64715530248941,Bordeaux,34491.52,EMP
1316,Lucas,Laurent,11396462051950,Lille,15828.60,EMP
1317,Nicolas,Martin,91874616970081,Marseille,18374.23,EMP
1318,Camille,Lefebvre,10072067482627,Nantes,51266.97,EMP
1319,Thomas,Dupont,69963754644594,Nantes,33458.12,EMP
1320,Thomas,Dupont,56011581205243,Bordeaux,16404.33,EMP
1321,Nicolas,Dupont,45154923583823,Paris,34871.50,EMP
1322,Chloé,Martin,44484174524917,Lille,88631.63,EMP
1323,Marie,Martin,95211898561501,Lille,77408.09,EMP
1324,Jean,Martin,20262788289264,Paris,50774.41,EMP
1325,Chloé,Moreau,86054417811299,Lille,53073.55,EMP
1326,Lucas,Laurent,19625771560910,Marseille,68826.61,EMP
1327,Jean,Girard,92408222462800,Lille,74325.30,EMP
1328,Chloé,Girard,77719801794597,Paris,30011.54,EMP
1329,Camille,Martin,90420074359612,Lyon,80861.56,EMP
1330,Jean,Moreau,69301424518436,Paris,17068.82,EMP
1331,Camille,Martin,34416569355046,Paris,46242.40,EMP
1332,Lucas,Martin,74351712499205,Lyon,88942.09,EMP
1333,Thomas,Moreau,58264956168477,Marseille,33023.25,EMP
1334,Camille,Martin,99288025176684,Marseille,65993.09,EMP
1335,Camille,Dupont,84611214527897,Nantes,64006.51,EMP
1336,Marie,Dupont,87344780344865,Lyon,31519.04,EMP
1337,Lucas,Laurent,15208884309040,Marseille,46688.14,EMP
1338,Chloé,Laurent,56511174805250,Lyon,41330.40,EMP
1339,Marie,Moreau,53212422125057,Paris,72776.56,EMP
1340,Chloé,Laurent,60251711821969,Nantes,48124.34,EMP
1341,Thomas,Laurent,33023074147475,Nantes,36499.57,EMP
1342,Nicolas,Girard,54428993607389,Bordeaux,55814.73,EMP
1343,Nicolas,Laurent,55989879691404,Marseille,40338.89,EMP
1344,Jean,Moreau,42723684021782,Bordeaux,84729.91,EMP
1345,Thomas,Lefebvre,49996451872299,Lyon,48188.16,EMP
1346,Lucas,Moreau,96508641928440,Lyon,41475.44,EMP
1347,Marie,Dupont,19688563801327,Paris,73270.78,EMP
1348,Thomas,Moreau,51626367448109,Marseille,86317.18,EMP
1349,Nicolas,Dupont,37344515844849,Paris,54075.43,EMP
1350,Camille,Girard,65800691986425,Bordeaux,53131.40,EMP
1351,Jean,Lefebvre,71487952151674,Marseille,36048.21,EMP
1352,Jean,Martin,98243376986308,Nantes,29531.28,EMP
1353,Jean,Moreau,30644197046078,Bordeaux,79745.57,EMP
1354,Nicolas,Lefebvre,19400562303274,Nantes,44342.98,EMP
1355,Lucas,Martin,74328396393423,Marseille,80817.55,EMP
1356,Thomas,Lefebvre,22886426249288,Bordeaux,56814.21,EMP
1357,Nicolas,Laurent,65800941085066,Marseille,50943.21,EMP
1358,Lucas,Lefebvre,14317009716071,Lyon,29777.82,EMP
1359,Chloé,Lefebvre,31864103033951,Marseille,81094.43,EMP
1360,Thomas,Girard,95461391029176,Marseille,85953.13,EMP
1361,Camille,Moreau,92536166329864,Paris,67867.60,EMP
1362,Camille,Laurent,97416886215929,Marseille,70345.97,EMP
1363,Camille,Martin,67237695170413,Paris,50728.67,EMP
1364,Chloé,Dupont,61675990254043,Lille,53484.20,EMP
1365,Nicolas,Laurent,41965009310403,Paris,64373.91,EMP
1366,Jean,Moreau,49620912427568,Bordeaux,83236.50,EMP
1367,Chloé,Laurent,37462332371077,Lyon,34441.41,EMP
1368,Marie,Martin,68971425968193,Nantes,32752.27,EMP
1369,Thomas,Girard,55247594774565,Nantes,81126.72,EMP
1370,Marie,Laurent,79959718526489,Paris,29081.48,EMP
1371,Camille,Laurent,62158009219492,Lyon,45626.95,EMP
1372,Jean,Moreau,87199379775213,Nantes,83077.11,EMP
1373,Lucas,Laurent,22859202012266,Marseille,40373.19,EMP
1374,Nicolas,Dupont,26528547824436,Marseille,70141.29,EMP
1375,Lucas,Martin,98197738061394,Lille,39085.45,EMP
1376,Marie,Girard,98765188679935,Lyon,80605.12,EMP
1377,Chloé,Moreau,53399025401520,Lyon,65875.17,EMP
1378,Camille,Martin,57462981310972,Paris,68116.86,EMP
1379,Thomas,Dupont,45421786979948,Marseille,79005.22,EMP
1380,Nicolas,Lefebvre,19363530680098,Lille,17108.79,EMP
1381,Nicolas,Moreau,48624226839892,Bordeaux,57045.93,EMP
1382,Chloé,Moreau,85891477587127,Lyon,75276.12,EMP
1383,Thomas,Lefebvre,68936232198905,Lyon,64574.22,EMP
1384,Lucas,Girard,41927181343168,Nantes,42411.47,EMP
1385,Chloé,Lefebvre,14206089937260,Lille,86022.52,EMP
1386,Camille,Martin,46139833865566,Paris,30849.47,EMP
1387,Jean,Laurent,90646496282499,Nantes,21594.91,EMP
1388,Marie,Dupont,58049885240362,Nantes,51288.73,EMP
1389,Camille,Lefebvre,23752726783127,Nantes,80727.19,EMP
1390,Marie,Girard,27735960313738,Lille,62658.38,EMP
1391,Jean,Lefebvre,56113238171386,Lyon,21114.70,EMP
1392,Marie,Dupont,61988421080335,Bordeaux,48903.59,EMP
1393,Thomas,Dupont,85396229554846,Marseille,59370.89,EMP
1394,Thomas,Laurent,87064438103791,Bordeaux,21791.05,EMP
1395,Nicolas,Laurent,62325945352500,Marseille,45742.24,EMP
1396,Camille,Moreau,64576724485605,Lille,58233.50,EMP
1397,Thomas,Dupont,33202798208850,Nantes,64293.75,EMP
1398,Thomas,Laurent,74012601712562,Lille,89615.28,EMP
1399,Camille,Laurent,62943400531612,Nantes,30253.11,EMP
1400,Thomas,Laurent,12738862398310,Nantes,33115.65,EMP
1401,Nicolas,Dupont,43297593101813,Lyon,17656.50,EMP
1402,Chloé,Martin,70101090098399,Bordeaux,53220.01,EMP
1403,Jean,Moreau,92792034549298,Lille,80326.56,EMP
1404,Nicolas,Girard,29148635441288,Bordeaux,19379.84,EMP
1405,Jean,Martin,13516929730630,Lille,81558.06,EMP
1406,Chloé,Martin,33827565865207,Marseille,76672.06,EMP
1407,Chloé,Moreau,49674151714833,Lille,66839.89,EMP
1408,Jean,Martin,71391540473361,Bordeaux,29346.73,EMP
1409,Thomas,Laurent,95532020121923,Paris,31785.49,EMP
1410,Lucas,Girard,46083197301016,Lille,81272.16,EMP
1411,Thomas,Moreau,54778802895844,Bordeaux,36145.53,EMP
1412,Lucas,Dupont,49306987301011,Paris,61539.64,EMP
1413,Lucas,Girard,73757630252548,Marseille,82889.84,EMP
1414,Lucas,Moreau,72154388622797,Bordeaux,37894.26,EMP
1415,Camille,Laurent,87863274978293,Marseille,47510.22,EMP
1416,Marie,Girard,88622756385500,Bordeaux,26325.31,EMP
1417,Nicolas,Girard,90056532322569,Lyon,88831.48,EMP
1418,Lucas,Martin,94740707069373,Nantes,78038.62,EMP
1419,Marie,Dupont,62745253949157,Lyon,58037.62,EMP
1420,Chloé,Lefebvre,44446250805667,Lyon,86117.99,EMP
1421,Camille,Moreau,63899869562457,Bordeaux,81293.80,EMP
1422,Camille,Martin,78420579975167,Lille,78640.85,EMP
1423,Camille,Dupont,51140260195752,Nantes,44846.44,EMP
1424,Marie,Martin,91729685106466,Paris,35409.04,EMP
1425,Jean,Moreau,63805021445041,Lille,24826.40,EMP
1426,Jean,Girard,66301355410833,Nantes,78147.33,EMP
1427,Nicolas,Dupont,76786029574241,Paris,71886.34,EMP
1428,Nicolas,Dupont,99531718609389,Marseille,82142.45,EMP
1429,Nicolas,Laurent,17469075954147,Bordeaux,78156.26,EMP
1430,Camille,Laurent,27966717753603,Bordeaux,76160.98,EMP
1431,Camille,Lefebvre,54585033396782,Lyon,46419.35,EMP
1432,Thomas,Laurent,94645517378322,Paris,57352.24,EMP
1433,Camille,Lefebvre,35390465222933,Bordeaux,65596.47,EMP
1434,Camille,Girard,73069788662056,Nantes,36906.50,EMP
1435,Marie,Martin,56487704942522,Bordeaux,79674.19,EMP
1436,Marie,Laurent,53184920401702,Bordeaux,66540.43,EMP
1437,Marie,Laurent,91400603929429,Bordeaux,23469.51,EMP
1438,Jean,Lefebvre,39866482456248,Lille,64300.67,EMP
1439,Chloé,Girard,56346500511206,Lyon,26899.49,EMP
1440,Marie,Girard,62967371742281,Bordeaux,60051.42,EMP
1441,Thomas,Lefebvre,25831823200331,Lyon,42187.33,EMP
1442,Lucas,Moreau,83747023464370,Marseille,29198.62,EMP
1443,Lucas,Moreau,20253145288012,Nantes,70299.96,EMP
1444,Chloé,Girard,43480156810429,Lille,59677.76,EMP
1445,Lucas,Lefebvre,41683289870092,Lille,73675.99,EMP
1446,Chloé,Dupont,38646682520598,Marseille,71206.58,EMP
1447,Nicolas,Moreau,67907549445958,Lille,76069.99,EMP
1448,Chloé,Dupont,28547329373422,Paris,48154.52,EMP
1449,Camille,Dupont,84438936100920,Lille,69270.47,EMP
1450,Thomas,Dupont,18880428846162,Nantes,50843.40,EMP
1451,Lucas,Dupont,75180357824822,Paris,76040.18,EMP
1452,Camille,Girard,77136653118849,Lille,63491.98,EMP
1453,Camille,Moreau,62062949977014,Marseille,49225.45,EMP
1454,Chloé,Moreau,50751026694523,Nantes,42302.09,EMP
1455,Chloé,Martin,39821368395589,Lille,85389.99,EMP
1456,Chloé,Dupont,58862767743025,Lyon,28073.93,EMP
1457,Jean,Laurent,91224530685038,Bordeaux,18114.80,EMP
1458,Nicolas,Girard,53304411892991,Bordeaux,89096.62,EMP
1459,Nicolas,Lefebvre,77042525388099,Lyon,81158.01,EMP
1460,Jean,Moreau,60883641593553,Nantes,73568.61,EMP
1461,Lucas,Moreau,71285171053249,Lyon,69678.30,EMP
1462,Marie,Moreau,26400857906843,Lille,52688.21,EMP
1463,Camille,Dupont,35490003503914,Lille,58973.75,EMP
1464,Chloé,Girard,61522597244059,Lyon,71249.48,EMP
1465,Camille,Martin,31172394261446,Bordeaux,50854.68,EMP
1466,Nicolas,Girard,80234242374623,Marseille,29264.45,EMP
1467,Jean,Laurent,91802546778688,Bordeaux,70504.64,EMP
1468,Chloé,Lefebvre,67622207901515,Bordeaux,75163.79,EMP
1469,Marie,Moreau,27880637468334,Nantes,47040.07,EMP
1470,Thomas,Lefebvre,91412295077858,Paris,33366.88,EMP
1471,Camille,Dupont,65462210411433,Paris,25280.46,EMP
1472,Jean,Dupont,79950324242407,Nantes,46339.79,EMP
1473,Thomas,Dupont,11249692713720,Lille,52486.62,EMP
1474,Lucas,Dupont,87839305524356,Marseille,83324.23,EMP
1475,Jean,Lefebvre,44081066519970,Nantes,58257.58,EMP
1476,Nicolas,Moreau,99561095856911,Marseille,55427.51,EMP
1477,Lucas,Martin,47047203407322,Bordeaux,86204.50,EMP
1478,Jean,Dupont,71668261043206,Paris,30839.59,EMP
1479,Lucas,Dupont,29767365113737,Marseille,63845.57,EMP
1480,Chloé,Girard,21281315965138,Lille,80640.38,EMP
1481,Nicolas,Lefebvre,79132630254854,Lille,45421.79,EMP
1482,Marie,Moreau,62259208360713,Nantes,71181.33,EMP
1483,Jean,Girard,31563807218803,Marseille,70919.00,EMP
1484,Camille,Laurent,43018982904859,Lyon,43564.41,EMP
1485,Nicolas,Dupont,34234402380668,Bordeaux,80814.04,EMP
1486,Marie,Laurent,55412578345074,Lille,86454.19,EMP
1487,Camille,Moreau,61568177560263,Bordeaux,80402.47,EMP
1488,Nicolas,Laurent,28011920645458,Marseille,36054.53,EMP
1489,Camille,Dupont,59672353321177,Lyon,71669.32,EMP
1490,Chloé,Lefebvre,42882447294926,Marseille,85237.55,EMP
1491,Thomas,Martin,59490614938817,Bordeaux,47376.61,EMP
1492,Nicolas,Girard,50317323858340,Nantes,86516.90,EMP
1493,Thomas,Martin,35272324688971,Lille,74171.23,EMP
1494,Lucas,Laurent,36952856221288,Lille,18377.82,EMP
1495,Nicolas,Moreau,44117545174640,Bordeaux,80078.99,EMP
1496,Marie,Martin,16645395010207,Marseille,34580.24,EMP
1497,Marie,Girard,13984958674045,Lyon,25878.14,EMP
1498,Camille,Martin,87225052884550,Marseille,68215.48,EMP
1499,Lucas,Laurent,84724454585743,Nantes,55115.04,EMP
1500,Nicolas,Lefebvre,55452842887144,Lyon,55995.08,EMP
1501,Thomas,Dupont,41154641545352,Lyon,68041.24,EMP
1502,Camille,Laurent,34505106969771,Lyon,68428.87,EMP
1503,Camille,Laurent,82766480064113,Lille,35169.70,EMP
1504,Jean,Girard,91750786241293,Lille,84728.26,EMP
1505,Camille,Girard,81241208854060,Lyon,42450.90,EMP
1506,Jean,Laurent,75854795016952,Bordeaux,62897.71,EMP
1507,Camille,Dupont,23983203715445,Lyon,41373.98,EMP
1508,Lucas,Lefebvre,11488163396802,Paris,57792.19,EMP
1509,Thomas,Girard,50200460016828,Bordeaux,50732.22,EMP
1510,Thomas,Lefebvre,77964872899858,Nantes,33587.15,EMP
1511,Marie,Girard,22153961625120,Marseille,39373.31,EMP
1512,Marie,Moreau,45223017846497,Paris,27213.71,EMP
1513,Chloé,Laurent,67608069436824,Lille,35438.63,EMP
1514,Lucas,Moreau,36503457379847,Marseille,82155.11,EMP
1515,Nicolas,Girard,75576233841872,Marseille,80578.81,EMP
1516,Chloé,Dupont,90802335937834,Nantes,70154.99,EMP
1517,Chloé,Girard,98756846665320,Nantes,23959.49,EMP
1518,Lucas,Laurent,52653451796072,Nantes,29911.08,EMP
1519,Chloé,Laurent,69812231086863,Nantes,42364.32,EMP
1520,Chloé,Girard,18218983771533,Nantes,47327.37,EMP
1521,Thomas,Martin,48185624753268,Lyon,65452.41,EMP
1522,Thomas,Laurent,84091096536905,Marseille,79975.78,EMP
1523,Jean,Dupont,19406395201044,Marseille,37831.17,EMP
1524,Nicolas,Laurent,69396133378555,Marseille,24223.11,EMP
1525,Jean,Laurent,52965516996624,Lyon,64695.24,EMP
1526,Marie,Dupont,95759695091475,Lille,23212.79,EMP
1527,Jean,Girard,55909102533364,Nantes,62180.42,EMP
1528,Marie,Girard,68648053309383,Lyon,69701.53,EMP
1529,Marie,Laurent,68605582744141,Lyon,65262.40,EMP
1530,Jean,Laurent,32944698891324,Lyon,28645.39,EMP
1531,Chloé,Dupont,23898327975672,Bordeaux,47916.47,EMP
1532,Chloé,Girard,53310867713153,Nantes,83064.64,EMP
1533,Nicolas,Laurent,43348501222443,Lille,37237.67,EMP
1534,Camille,Laurent,88476182214584,Marseille,49530.75,EMP
1535,Nicolas,Moreau,91891160706963,Nantes,64137.74,EMP
1536,Marie,Dupont,89959924283462,Marseille,36644.65,EMP
1537,Camille,Moreau,62899265637067,Bordeaux,56923.35,EMP
1538,Marie,Moreau,81245491656942,Nantes,42391.46,EMP
1539,Jean,Martin,74370181602239,Lille,22531.22,EMP
1540,Chloé,Dupont,14568767764117,Lyon,59949.33,EMP
1541,Camille,Moreau,34427592290782,Marseille,24807.30,EMP
1542,Jean,Girard,65652185997051,Lille,79940.65,EMP
1543,Jean,Moreau,97537546260921,Nantes,67974.24,EMP
1544,Camille,Lefebvre,58619508722476,Bordeaux,38206.00,EMP
1545,Nicolas,Lefebvre,32567609907963,Paris,21983.92,EMP
1546,Jean,Moreau,15166583844763,Bordeaux,30652.56,EMP
1547,Camille,Lefebvre,55705608228436,Lyon,18579.36,EMP
1548,Thomas,Girard,51889966358879,Bordeaux,16792.23,EMP
1549,Jean,Dupont,83615518316443,Paris,72690.84,EMP
1550,Thomas,Martin,42200348942870,Marseille,78318.09,EMP
1551,Chloé,Moreau,69918024564597,Bordeaux,74258.72,EMP
1552,Jean,Girard,27095442244555,Lyon,87456.22,EMP
1553,Lucas,Martin,58291350329035,Bordeaux,86722.87,EMP
1554,Marie,Laurent,29463376581461,Paris,85113.04,EMP
1555,Camille,Dupont,58010768582337,Marseille,87189.35,EMP
1556,Marie,Martin,10704352493149,Lille,36432.67,EMP
1557,Lucas,Moreau,71049310918614,Marseille,58140.73,EMP
1558,Camille,Dupont,48768932717666,Lyon,32233.86,EMP
1559,Lucas,Moreau,51223281572195,Bordeaux,55119.95,EMP
1560,Camille,Girard,99091184233337,Lyon,89442.39,EMP
1561,Chloé,Girard,55405237417243,Lyon,64037.19,EMP
1562,Chloé,Moreau,70383551958406,Marseille,34058.95,EMP
1563,Camille,Dupont,46839604840565,Paris,55612.67,EMP
1564,Chloé,Girard,78315774193961,Paris,15998.54,EMP
1565,Marie,Dupont,60557708410002,Marseille,39256.69,EMP
1566,Marie,Girard,47380995274328,Paris,21271.92,EMP
1567,Thomas,Martin,22655452141026,Lyon,39587.30,EMP
1568,Nicolas,Moreau,51348233138614,Paris,42001.21,EMP
1569,Thomas,Dupont,50191280417789,Nantes,72325.74,EMP
1570,Jean,Lefebvre,50343720820066,Paris,57323.66,EMP
1571,Camille,Martin,57494641656110,Marseille,68585.30,EMP
1572,Lucas,Martin,59578629718536,Lyon,41266.11,EMP
1573,Jean,Laurent,92741558562051,Lille,52474.91,EMP
1574,Marie,Lefebvre,16635793909844,Marseille,22839.22,EMP
1575,Thomas,Moreau,42022014736632,Lille,89036.94,EMP
1576,Lucas,Moreau,88093944163373,Bordeaux,15805.82,EMP
1577,Jean,Girard,66936978527402,Marseille,15475.87,EMP
1578,Lucas,Martin,31003881506789,Nantes,25416.11,EMP
1579,Lucas,Girard,27599151700892,Lyon,89856.51,EMP
1580,Nicolas,Martin,61743557824860,Bordeaux,18451.66,EMP
1581,Lucas,Moreau,25385829441899,Paris,73591.02,EMP
1582,Marie,Martin,70961865818438,Lyon,47760.31,EMP
1583,Nicolas,Dupont,83782057088265,Nantes,25026.77,EMP
1584,Camille,Lefebvre,65790515499440,Lille,81374.10,EMP
1585,Marie,Laurent,77212504006173,Paris,53392.03,EMP
1586,Chloé,Martin,75586091471964,Lille,83635.20,EMP
1587,Nicolas,Moreau,38974919623487,Nantes,72085.87,EMP
1588,Camille,Dupont,89890468538315,Bordeaux,39997.98,EMP
1589,Camille,Lefebvre,12329202979422,Paris,42441.53,EMP
1590,Marie,Girard,92620153111809,Nantes,57952.69,EMP
1591,Marie,Girard,67684601173512,Marseille,57406.79,EMP
1592,Thomas,Moreau,69244488332523,Marseille,36772.03,EMP
1593,Nicolas,Martin,26191353688916,Lille,48271.47,EMP
1594,Nicolas,Dupont,84018859905178,Nantes,59440.95,EMP
1595,Camille,Girard,64671938426984,Lille,60538.64,EMP
1596,Nicolas,Martin,20383196179796,Lille,23274.88,EMP
1597,Marie,Girard,35914828326782,Bordeaux,78095.52,EMP
1598,Camille,Dupont,77226752729521,Marseille,15710.42,EMP
1599,Camille,Lefebvre,57406536191460,Nantes,27161.18,EMP
1600,Marie,Moreau,99929362574576,Bordeaux,74490.89,EMP
1601,Thomas,Moreau,32135425948026,Lille,76988.27,EMP
1602,Marie,Lefebvre,76989755713039,Nantes,70432.21,EMP
1603,Camille,Laurent,63303258094469,Lyon,21046.30,EMP
1604,Jean,Laurent,43245165493878,Marseille,16010.75,EMP
1605,Camille,Dupont,71383653886989,Marseille,49287.82,EMP
1606,Marie,Laurent,85856480463173,Paris,29899.46,EMP
1607,Chloé,Moreau,42982627964280,Lyon,37171.25,EMP
1608,Marie,Dupont,55584557519317,Paris,88914.09,EMP
1609,Marie,Dupont,86964456528793,Paris,58802.53,EMP
1610,Chloé,Lefebvre,60433439400622,Bordeaux,45395.76,EMP
1611,Lucas,Moreau,39729992187582,Nantes,44882.55,EMP
1612,Camille,Dupont,51467277654770,Lyon,50380.61,EMP
1613,Lucas,Moreau,79312651555877,Marseille,28454.74,EMP
1614,Marie,Laurent,30968510421957,Lyon,19986.99,EMP
1615,Jean,Martin,54349654474044,Nantes,66057.36,EMP
1616,Lucas,Lefebvre,86446910537728,Marseille,82758.90,EMP
1617,Camille,Laurent,57234623014271,Lyon,84705.52,EMP
1618,Camille,Martin,18931148364918,Paris,83103.11,EMP
1619,Nicolas,Laurent,25378194611964,Paris,43679.91,EMP
1620,Nicolas,Dupont,37477594392622,Marseille,66470.13,EMP
1621,Jean,Girard,24631639472958,Lyon,39020.50,EMP
1622,Lucas,Lefebvre,12487577296132,Paris,26624.69,EMP
1623,Marie,Laurent,33673763979029,Nantes,17091.66,EMP
1624,Lucas,Lefebvre,16949764847672,Paris,16530.09,EMP
1625,Lucas,Lefebvre,29536378211097,Lille,45896.83,EMP
1626,Camille,Girard,30930535706165,Lyon,30228.61,EMP
1627,Chloé,Moreau,90943755749412,Lyon,88466.04,EMP
1628,Chloé,Dupont,41630382259935,Lille,89431.18,EMP
1629,Camille,Laurent,22802176112916,Lyon,56354.70,EMP
1630,Chloé,Moreau,68656161542568,Bordeaux,74318.89,EMP
1631,Nicolas,Dupont,13032901009872,Lille,50982.80,EMP
1632,Marie,Laurent,45390077649882,Bordeaux,54069.03,EMP
1633,Thomas,Dupont,26241125100411,Bordeaux,86680.98,EMP
1634,Nicolas,Dupont,24453061753481,Nantes,35610.75,EMP
1635,Thomas,Laurent,51582222061467,Bordeaux,64052.72,EMP
1636,Camille,Moreau,14885846268861,Lille,60549.45,EMP
1637,Jean,Lefebvre,60698743520274,Lille,45755.03,EMP
1638,Marie,Lefebvre,98787549319373,Paris,48743.25,EMP
1639,Nicolas,Dupont,36230122514833,Paris,31546.44,EMP
1640,Camille,Dupont,61684418156082,Lyon,30763.49,EMP
1641,Lucas,Moreau,15115781266346,Lille,67000.49,EMP
1642,Lucas,Martin,21205559728568,Paris,72753.82,EMP
1643,Nicolas,Dupont,64583667666036,Paris,68139.88,EMP
1644,Lucas,Lefebvre,63710029424332,Lyon,73614.62,EMP
1645,Thomas,Lefebvre,16254104941182,Lyon,72258.09,EMP
1646,Thomas,Dupont,21985469348254,Lyon,17626.52,EMP
1647,Lucas,Moreau,43975094187373,Marseille,60729.31,EMP
1648,Chloé,Laurent,95464698140650,Marseille,81866.25,EMP
1649,Jean,Dupont,99210141365868,Lille,59615.61,EMP
1650,Marie,Moreau,52399142129058,Bordeaux,56039.39,EMP
1651,Camille,Girard,24419605789757,Nantes,24764.92,EMP
1652,Chloé,Lefebvre,52275280492097,Lille,65333.26,EMP
1653,Camille,Martin,51512490050269,Nantes,28615.15,EMP
1654,Nicolas,Girard,18078231513594,Nantes,59408.52,EMP
1655,Lucas,Lefebvre,15529975196222,Nantes,40587.83,EMP
1656,Nicolas,Laurent,44971012190998,Lille,66274.37,EMP
1657,Thomas,Moreau,76884238208399,Nantes,30220.36,EMP
1658,Chloé,Laurent,84544034832679,Nantes,52383.91,EMP
1659,Lucas,Martin,58111075106867,Bordeaux,24952.43,EMP
1660,Nicolas,Lefebvre,22498607967773,Paris,36741.82,EMP
1661,Nicolas,Lefebvre,65342757246595,Marseille,21427.50,EMP
1662,Jean,Moreau,50464624945066,Paris,57421.26,EMP
1663,Camille,Laurent,40965701442450,Bordeaux,54325.49,EMP
1664,Lucas,Martin,45697945677781,Lyon,50342.74,EMP
1665,Lucas,Moreau,38865178643100,Paris,72548.02,EMP
1666,Nicolas,Martin,82419486957475,Marseille,76291.67,EMP
1667,Camille,Dupont,23812452763918,Marseille,51551.31,EMP
1668,Nicolas,Martin,94855407638655,Bordeaux,58261.53,EMP
1669,Jean,Laurent,59316455956179,Nantes,86649.30,EMP
1670,Chloé,Dupont,23875159893384,Nantes,15132.04,EMP
1671,Chloé,Lefebvre,53964105214124,Marseille,58235.94,EMP
1672,Thomas,Martin,41834469734559,Paris,67648.67,EMP
1673,Jean,Laurent,81549722537631,Lille,85507.52,EMP
1674,Jean,Lefebvre,90625825257180,Nantes,26613.07,EMP
1675,Lucas,Girard,29130983073282,Bordeaux,72619.17,EMP
1676,Chloé,Dupont,13094409455819,Marseille,37422.04,EMP
1677,Jean,Martin,30166210847456,Marseille,36090.31,EMP
1678,Thomas,Lefebvre,18830055317262,Marseille,64473.11,EMP
1679,Thomas,Girard,15134684990360,Nantes,20008.13,EMP
1680,Nicolas,Girard,38528587240052,Lille,28656.18,EMP
1681,Lucas,Laurent,16384486926634,Paris,58193.05,EMP
1682,Chloé,Moreau,79732216931504,Bordeaux,60842.42,EMP
1683,Jean,Dupont,40081624157898,Bordeaux,88721.07,EMP
1684,Chloé,Lefebvre,18007632212651,Marseille,52521.30,EMP
1685,Jean,Martin,37071651801432,Nantes,88821.70,EMP
1686,Chloé,Laurent,30157475530851,Marseille,27422.38,EMP
1687,Nicolas,Laurent,77256506997111,Lyon,40726.81,EMP
1688,Chloé,Martin,99121258477946,Bordeaux,75545.75,EMP
1689,Marie,Laurent,39139715959072,Nantes,81150.90,EMP
1690,Marie,Dupont,92661557228398,Nantes,52728.65,EMP
1691,Jean,Laurent,83953647793835,Lille,49090.10,EMP
1692,Lucas,Laurent,38868744884893,Nantes,82131.49,EMP
1693,Chloé,Moreau,18264273064243,Nantes,83507.59,EMP
1694,Camille,Lefebvre,24833682443548,Lyon,50548.11,EMP
1695,Camille,Lefebvre,50979713055431,Nantes,87262.94,EMP
1696,Chloé,Lefebvre,74330108735955,Marseille,65084.52,EMP
1697,Chloé,Martin,16568586357532,Paris,30315.91,EMP
1698,Nicolas,Laurent,85993910965956,Lyon,50281.31,EMP
1699,Camille,Martin,45237165717719,Nantes,40146.50,EMP
1700,Marie,Girard,92117400436230,Lyon,84079.72,EMP
1701,Thomas,Girard,32821613256810,Paris,16062.01,EMP
1702,Camille,Moreau,48113991118292,Paris,29473.23,EMP
1703,Camille,Laurent,89518732636640,Paris,17387.68,EMP
1704,Thomas,Martin,50450530338090,Nantes,35251.87,EMP
1705,Lucas,Martin,14209381365998,Lille,77824.64,EMP
1706,Lucas,Girard,97211495257548,Nantes,70061.56,EMP
1707,Lucas,Lefebvre,32933603291894,Paris,16977.87,EMP
1708,Marie,Dupont,71383890996043,Lyon,40351.54,EMP
1709,Lucas,Martin,77220503917099,Bordeaux,84755.48,EMP
1710,Jean,Lefebvre,45190825264036,Bordeaux,39069.88,EMP
1711,Chloé,Girard,37888571437835,Nantes,61789.07,EMP
1712,Thomas,Lefebvre,23872599000560,Lille,80013.55,EMP
1713,Marie,Moreau,47498970858591,Marseille,59496.69,EMP
1714,Nicolas,Girard,53872526438711,Lille,47161.14,EMP
1715,Chloé,Laurent,90410722550245,Paris,23245.69,EMP
1716,Thomas,Martin,87581040838653,Bordeaux,51012.20,EMP
1717,Camille,Dupont,57272513773212,Lyon,86824.31,EMP
1718,Chloé,Dupont,64432872963672,Bordeaux,67596.44,EMP
1719,Marie,Moreau,39674115862309,Lyon,42813.85,EMP
1720,Nicolas,Dupont,77033415906620,Marseille,49522.94,EMP
1721,Nicolas,Dupont,94653494131230,Lyon,53942.11,EMP
1722,Marie,Moreau,91804025637664,Nantes,55844.20,EMP
1723,Nicolas,Lefebvre,56193177391289,Marseille,82645.64,EMP
1724,Marie,Girard,67069944025679,Bordeaux,47288.44,EMP
1725,Jean,Laurent,69352493565260,Lille,42226.70,EMP
1726,Camille,Martin,68414505551619,Nantes,53030.61,EMP
1727,Thomas,Dupont,20373305140313,Marseille,37863.76,EMP
1728,Marie,Moreau,55517889392485,Bordeaux,75557.40,EMP
1729,Marie,Girard,79169991496436,Paris,17035.67,EMP
1730,Marie,Laurent,27789592626069,Marseille,83098.99,EMP
1731,Camille,Moreau,71910440126661,Marseille,61433.61,EMP
1732,Chloé,Girard,49175119985677,Bordeaux,74194.21,EMP
1733,Nicolas,Girard,29884617446607,Bordeaux,49869.73,EMP
1734,Nicolas,Laurent,60431977040274,Nantes,54074.68,EMP
1735,Chloé,Dupont,25214892811579,Marseille,35245.72,EMP
1736,Chloé,Lefebvre,61106782998001,Paris,27828.47,EMP
1737,Camille,Girard,77969699866852,Nantes,26108.14,EMP
1738,Marie,Lefebvre,44278010112467,Bordeaux,67143.18,EMP
1739,Lucas,Girard,37348091841285,Marseille,63933.61,EMP
1740,Marie,Laurent,29714389876975,Bordeaux,27943.78,EMP
1741,Lucas,Girard,73566388303354,Paris,53006.61,EMP
1742,Thomas,Moreau,30821668284913,Marseille,34226.09,EMP
1743,Jean,Martin,44924811514163,Marseille,50251.10,EMP
1744,Jean,Lefebvre,88304781574750,Lyon,64069.56,EMP
1745,Chloé,Moreau,73714581681646,Lille,29069.63,EMP
1746,Lucas,Girard,57923694159340,Paris,42172.42,EMP
1747,Chloé,Lefebvre,81508805379389,Nantes,20304.04,EMP
1748,Thomas,Girard,98429567076287,Paris,72473.85,EMP
1749,Lucas,Girard,72260071804567,Nantes,55784.67,EMP
1750,Marie,Laurent,33538646287844,Marseille,89390.48,EMP
1751,Lucas,Laurent,99306006871744,Lille,41415.54,EMP
1752,Nicolas,Laurent,28030073343921,Lille,52036.04,EMP
1753,Marie,Moreau,72366255120932,Paris,41561.17,EMP
1754,Jean,Lefebvre,91272086588777,Nantes,32779.20,EMP
1755,Camille,Laurent,22510090698682,Marseille,88383.77,EMP
1756,Lucas,Laurent,40308734614073,Lyon,15814.58,EMP
1757,Camille,Lefebvre,42402057423930,Nantes,29939.70,EMP
1758,Lucas,Martin,17542494340226,Bordeaux,73988.85,EMP
1759,Chloé,Lefebvre,47277404613136,Nantes,65903.47,EMP
1760,Camille,Moreau,69182711027930,Bordeaux,55714.30,EMP
1761,Marie,Martin,47265481869818,Paris,69081.83,EMP
1762,Nicolas,Martin,78546875707081,Marseille,19019.70,EMP
1763,Chloé,Dupont,35747196157132,Marseille,24542.09,EMP
1764,Lucas,Girard,54659033006963,Marseille,46240.88,EMP
1765,Jean,Girard,89709029725389,Paris,77114.47,EMP
1766,Chloé,Girard,16926404060462,Lyon,30506.32,EMP
1767,Nicolas,Dupont,58581624806839,Nantes,33332.80,EMP
1768,Lucas,Girard,48213605508891,Lyon,75663.92,EMP
1769,Nicolas,Martin,39311461759768,Bordeaux,25678.97,EMP
1770,Lucas,Dupont,97862680492307,Marseille,38583.79,EMP
1771,Jean,Dupont,36405213062501,Nantes,69450.50,EMP
1772,Nicolas,Laurent,69467202149355,Lyon,45005.26,EMP
1773,Thomas,Martin,15344968783442,Bordeaux,69220.38,EMP
1774,Thomas,Girard,87664924633996,Marseille,29068.86,EMP
1775,Thomas,Martin,42334679796053,Nantes,16631.14,EMP
1776,Chloé,Dupont,61305137378292,Marseille,79201.58,EMP
1777,Chloé,Moreau,62126117827234,Marseille,40969.31,EMP
1778,Nicolas,Girard,21172407239460,Bordeaux,24224.05,EMP
1779,Thomas,Dupont,36828800711790,Marseille,59556.36,EMP
1780,Nicolas,Dupont,52254384739317,Lyon,61515.01,EMP
1781,Nicolas,Dupont,51151151901494,Lyon,17843.89,EMP
1782,Nicolas,Laurent,25737204954796,Paris,24763.04,EMP
1783,Marie,Girard,50750751901596,Nantes,56142.71,EMP
1784,Thomas,Dupont,92398481595802,Nantes,36388.35,EMP
1785,Camille,Girard,24166153988491,Nantes,16105.45,EMP
1786,Camille,Dupont,77664197033055,Lille,23829.24,EMP
1787,Camille,Girard,54417505648893,Bordeaux,20636.85,EMP
1788,Marie,Lefebvre,59764846939674,Lyon,38510.32,EMP
1789,Jean,Lefebvre,82594044009849,Marseille,54103.96,EMP
1790,Nicolas,Lefebvre,40974790165927,Marseille,65814.65,EMP
1791,Thomas,Martin,90956359531536,Lille,62988.91,EMP
1792,Camille,Girard,95956060948208,Marseille,32032.19,EMP
1793,Jean,Laurent,48140877013693,Lille,45421.23,EMP
1794,Nicolas,Girard,40694179617216,Paris,73506.02,EMP
1795,Thomas,Lefebvre,36120567198222,Lille,76370.70,EMP
1796,Lucas,Martin,71009290841133,Bordeaux,71582.31,EMP
1797,Chloé,Martin,32157151020572,Marseille,29470.68,EMP
1798,Jean,Moreau,39571377982236,Marseille,53304.54,EMP
1799,Thomas,Laurent,95531548238707,Lille,84391.90,EMP
1800,Camille,Lefebvre,73884935500632,Nantes,81263.15,EMP
1801,Thomas,Lefebvre,55917743400545,Lille,47981.42,EMP
1802,Chloé,Moreau,54951630477155,Lyon,27389.24,EMP
1803,Jean,Laurent,20638489790164,Paris,43636.89,EMP
1804,Marie,Laurent,58206756892203,Lyon,49702.09,EMP
1805,Marie,Girard,90183317788068,Lille,21303.20,EMP
1806,Camille,Dupont,60040221376658,Paris,23678.24,EMP
1807,Marie,Lefebvre,75505141559410,Nantes,68980.62,EMP
1808,Camille,Lefebvre,62966766681923,Bordeaux,46801.69,EMP
1809,Jean,Laurent,15957643805175,Bordeaux,19469.90,EMP
1810,Jean,Martin,83086697863422,Nantes,16402.74,EMP
1811,Lucas,Laurent,31529644332262,Nantes,26832.58,EMP
1812,Jean,Girard,36659310479439,Marseille,43248.25,EMP
1813,Thomas,Lefebvre,54597862388052,Lille,56794.59,EMP
1814,Jean,Martin,47880243873440,Nantes,28642.84,EMP
1815,Camille,Moreau,19907508838629,Bordeaux,36030.23,EMP
1816,Nicolas,Girard,93164329989765,Lyon,50011.13,EMP
1817,Camille,Laurent,87590045364829,Marseille,15709.41,EMP
1818,Nicolas,Martin,27648177289160,Marseille,88688.23,EMP
1819,Nicolas,Moreau,49857661402594,Marseille,52517.18,EMP
1820,Jean,Dupont,24171959238380,Lyon,87851.74,EMP
1821,Marie,Lefebvre,42705381079266,Paris,78755.68,EMP
1822,Nicolas,Moreau,52640157953173,Lyon,70999.03,EMP
1823,Marie,Moreau,48211907225481,Lyon,46216.24,EMP
1824,Jean,Lefebvre,33131972555379,Lyon,79342.85,EMP
1825,Chloé,Dupont,11740870891974,Paris,31878.95,EMP
1826,Jean,Moreau,74957877048229,Lille,61574.92,EMP
1827,Chloé,Girard,39665997118875,Lille,88514.89,EMP
1828,Nicolas,Moreau,30423879911011,Lyon,40832.43,EMP
1829,Thomas,Martin,90221632822438,Marseille,61149.11,EMP
1830,Nicolas,Moreau,95413742321048,Lille,39870.55,EMP
1831,Chloé,Girard,69790320763760,Lille,46131.62,EMP
1832,Marie,Girard,26353808504629,Bordeaux,86218.65,EMP
1833,Marie,Laurent,90674048157125,Bordeaux,38250.97,EMP
1834,Marie,Laurent,97458701908333,Lyon,82208.44,EMP
1835,Marie,Lefebvre,38102508839932,Marseille,80564.09,EMP
1836,Nicolas,Moreau,73583704799186,Paris,30582.85,EMP
1837,Nicolas,Lefebvre,90922104972286,Lyon,17340.76,EMP
1838,Nicolas,Laurent,46026313736415,Paris,73454.70,EMP
1839,Camille,Lefebvre,34566395076687,Nantes,47313.00,EMP
1840,Marie,Martin,17077898957211,Lille,17866.41,EMP
1841,Nicolas,Girard,70152375343442,Nantes,76896.11,EMP
1842,Chloé,Lefebvre,19636905134333,Lyon,39674.16,EMP
1843,Nicolas,Dupont,96017451217041,Marseille,38874.67,EMP
1844,Nicolas,Moreau,13868985920635,Bordeaux,68520.68,EMP
1845,Lucas,Dupont,69096766530333,Bordeaux,49583.14,EMP
1846,Nicolas,Lefebvre,82095137562839,Lille,16610.32,EMP
1847,Camille,Martin,24762246029765,Lille,36125.67,EMP
1848,Camille,Lefebvre,74420032773387,Lyon,34405.75,EMP
1849,Jean,Dupont,27754769658945,Nantes,64154.90,EMP
1850,Thomas,Moreau,72458690905182,Paris,48734.30,EMP
1851,Camille,Laurent,33919043890147,Paris,22102.47,EMP
1852,Nicolas,Moreau,67790074644058,Nantes,37946.26,EMP
1853,Nicolas,Girard,75933804057281,Lyon,89593.68,EMP
1854,Chloé,Lefebvre,26706762971751,Nantes,69548.09,EMP
1855,Lucas,Martin,13099283365108,Lille,59788.99,EMP
1856,Jean,Martin,88560358125499,Marseille,64762.79,EMP
1857,Chloé,Laurent,81523395050756,Nantes,88351.38,EMP
1858,Nicolas,Martin,54222538943311,Lyon,63712.71,EMP
1859,Marie,Martin,30509909438982,Nantes,69596.56,EMP
1860,Thomas,Moreau,77438345943300,Lyon,19967.79,EMP
1861,Camille,Moreau,45573734573431,Bordeaux,47151.82,EMP
1862,Lucas,Girard,85025683779413,Marseille,30614.86,EMP
1863,Nicolas,Girard,17748102327201,Nantes,21260.60,EMP
1864,Thomas,Martin,15371992506042,Bordeaux,72690.40,EMP
1865,Chloé,Martin,24641766784196,Lyon,81111.39,EMP
1866,Chloé,Moreau,96248786442657,Bordeaux,83332.81,EMP
1867,Marie,Dupont,48247004978850,Lille,65124.56,EMP
1868,Camille,Moreau,28798024858542,Lille,24215.49,EMP
1869,Camille,Moreau,43113878825658,Bordeaux,23057.91,EMP
1870,Chloé,Girard,32901155929471,Lille,29668.08,EMP
1871,Camille,Martin,29950968342454,Nantes,22830.75,EMP
1872,Marie,Martin,39641620000656,Bordeaux,58895.61,EMP
1873,Lucas,Laurent,97296416391173,Nantes,81467.77,EMP
1874,Thomas,Moreau,19040578407321,Nantes,87330.91,EMP
1875,Lucas,Martin,98583867794109,Bordeaux,22013.88,EMP
1876,Lucas,Martin,18509877016661,Lyon,43987.49,EMP
1877,Lucas,Laurent,72048384679571,Bordeaux,24222.32,EMP
1878,Jean,Laurent,32400724876608,Paris,23869.85,EMP
1879,Lucas,Martin,84437478809122,Marseille,17915.19,EMP
1880,Marie,Martin,94329254636409,Bordeaux,18701.59,EMP
1881,Camille,Girard,91782325137297,Nantes,28213.53,EMP
1882,Nicolas,Lefebvre,79305171643250,Nantes,29310.08,EMP
1883,Nicolas,Lefebvre,14577704414506,Bordeaux,43331.28,EMP
1884,Thomas,Lefebvre,14637676823362,Lille,75646.70,EMP
1885,Lucas,Lefebvre,87024141116471,Bordeaux,33355.78,EMP
1886,Marie,Girard,40220936703437,Lille,82084.02,EMP
1887,Camille,Moreau,75895244457079,Marseille,49311.93,EMP
1888,Marie,Dupont,32512701510931,Lille,83242.26,EMP
1889,Lucas,Lefebvre,98500971777659,Lyon,69438.53,EMP
1890,Jean,Laurent,32979425877867,Lyon,41936.82,EMP
1891,Marie,Lefebvre,86161869587374,Paris,62200.40,EMP
1892,Thomas,Lefebvre,80305472972384,Paris,47286.51,EMP
1893,Lucas,Lefebvre,95340510949542,Lille,37203.28,EMP
1894,Marie,Lefebvre,37061011530658,Marseille,85025.34,EMP
1895,Marie,Martin,98479245791429,Nantes,18307.45,EMP
1896,Jean,Dupont,37681558969039,Lyon,54916.99,EMP
1897,Nicolas,Laurent,93622242065412,Nantes,30846.04,EMP
1898,Camille,Lefebvre,87818882059351,Marseille,68740.10,EMP
1899,Nicolas,Laurent,84131832514490,Lyon,46180.13,EMP
1900,Thomas,Lefebvre,25803460710755,Paris,72212.81,EMP
1901,Jean,Martin,23967934870262,Lille,59696.71,EMP
1902,Jean,Lefebvre,66737511748897,Nantes,65752.40,EMP
1903,Camille,Laurent,82246990747397,Lille,21888.82,EMP
1904,Lucas,Girard,54025359116153,Marseille,80522.01,EMP
1905,Chloé,Martin,29994270382336,Lyon,72972.36,EMP
1906,Thomas,Martin,66800906288628,Marseille,47867.98,EMP
1907,Lucas,Dupont,62164659621585,Lille,72803.35,EMP
1908,Chloé,Dupont,38573426931233,Nantes,76057.98,EMP
1909,Nicolas,Martin,38144913083132,Lille,76667.38,EMP
1910,Marie,Dupont,55965236341960,Lyon,41283.46,EMP
1911,Marie,Moreau,19108721273387,Lyon,30924.88,EMP
1912,Jean,Dupont,81732094020668,Lyon,71613.21,EMP
1913,Lucas,Girard,13620424424251,Marseille,49261.34,EMP
1914,Marie,Laurent,13040569005221,Lyon,21189.62,EMP
1915,Nicolas,Laurent,80370352428344,Paris,47710.58,EMP
1916,Camille,Lefebvre,96641349647899,Bordeaux,41793.41,EMP
1917,Thomas,Dupont,82080808169130,Paris,59461.60,EMP
1918,Jean,Girard,67158504604282,Paris,58148.54,EMP
1919,Lucas,Moreau,59431556241977,Nantes,60743.56,EMP
1920,Marie,Lefebvre,71526665591739,Bordeaux,36253.25,EMP
1921,Jean,Moreau,15415389706707,Lille,55236.11,EMP
1922,Lucas,Dupont,28524334521946,Marseille,40657.19,EMP
1923,Jean,Lefebvre,89525888447903,Lyon,51645.30,EMP
1924,Nicolas,Martin,32270891399119,Paris,67187.63,EMP
1925,Chloé,Lefebvre,43284161473640,Lille,23620.48,EMP
1926,Lucas,Moreau,22431869606490,Paris,42947.97,EMP
1927,Thomas,Laurent,48558615166333,Paris,49922.88,EMP
1928,Marie,Martin,12480587388411,Lille,48861.67,EMP
1929,Nicolas,Martin,35863790833464,Bordeaux,85240.33,EMP
1930,Thomas,Moreau,94084122381282,Lille,32057.20,EMP
1931,Lucas,Martin,25160787345735,Paris,71291.73,EMP
1932,Nicolas,Dupont,41373118936164,Lille,57678.92,EMP
1933,Lucas,Lefebvre,63837239492365,Lyon,29686.01,EMP
1934,Camille,Moreau,39009148098343,Lille,36666.65,EMP
1935,Thomas,Lefebvre,60291407403913,Marseille,63014.86,EMP
1936,Camille,Laurent,52582594906774,Paris,48627.18,EMP
1937,Marie,Laurent,26934527888627,Paris,18323.75,EMP
1938,Jean,Girard,98348786226584,Lille,81521.87,EMP
1939,Camille,Dupont,51681371296897,Lyon,74551.91,EMP
1940,Chloé,Laurent,72457386346057,Marseille,61880.42,EMP
1941,Chloé,Dupont,13848253565676,Bordeaux,45196.50,EMP
1942,Marie,Lefebvre,35170222296177,Bordeaux,64340.46,EMP
1943,Marie,Dupont,39002197554423,Nantes,48327.81,EMP
1944,Camille,Martin,67720348274757,Lyon,23078.86,EMP
1945,Jean,Moreau,61559871282047,Nantes,64486.11,EMP
1946,Chloé,Dupont,43202990839210,Bordeaux,70253.23,EMP
1947,Thomas,Moreau,53916025458557,Lyon,78358.03,EMP
1948,Jean,Lefebvre,21769485156954,Bordeaux,82956.19,EMP
1949,Jean,Girard,69718558367060,Marseille,61751.94,EMP
1950,Camille,Moreau,73206519968592,Lille,40745.52,EMP
1951,Chloé,Girard,26314485424383,Lille,68757.87,EMP
1952,Thomas,Moreau,23280209909316,Bordeaux,54621.66,EMP
1953,Nicolas,Dupont,36610835099180,Marseille,85418.84,EMP
1954,Jean,Girard,16410989073326,Lille,78881.18,EMP
1955,Camille,Laurent,94672448332417,Bordeaux,28740.51,EMP
1956,Marie,Laurent,86490713295677,Lyon,77893.50,EMP
1957,Nicolas,Dupont,48007561935912,Nantes,89826.71,EMP
1958,Lucas,Martin,84146979366491,Paris,27551.02,EMP
1959,Jean,Martin,38538078737013,Paris,30629.22,EMP
1960,Jean,Lefebvre,53101943739735,Paris,79629.88,EMP
1961,Lucas,Martin,86133125537353,Bordeaux,20336.05,EMP
1962,Thomas,Girard,53539162009334,Lyon,41978.59,EMP
1963,Thomas,Martin,60040202204812,Paris,88821.91,EMP
1964,Marie,Dupont,22260843190767,Paris,52395.04,EMP
1965,Camille,Lefebvre,28370917062017,Lyon,21898.94,EMP
1966,Jean,Lefebvre,79198037994930,Lyon,39813.58,EMP
1967,Thomas,Moreau,53699837574956,Paris,88195.93,EMP
1968,Nicolas,Moreau,28494609228922,Bordeaux,61294.62,EMP
1969,Lucas,Laurent,17074694384258,Lille,24469.49,EMP
1970,Jean,Dupont,35156624160383,Lyon,66305.05,EMP
1971,Jean,Lefebvre,79079787704236,Bordeaux,16383.09,EMP
1972,Camille,Laurent,86481052341494,Lyon,51152.37,EMP
1973,Camille,Martin,99782081290906,Bordeaux,74395.32,EMP
1974,Thomas,Martin,25747255808580,Lille,18303.46,EMP
1975,Jean,Laurent,35527954437703,Lyon,44464.37,EMP
1976,Chloé,Dupont,87841203672788,Bordeaux,24349.39,EMP
1977,Lucas,Dupont,85682080585766,Lille,84095.44,EMP
1978,Thomas,Laurent,24876301725669,Nantes,45778.04,EMP
1979,Marie,Girard,47715124568776,Paris,30962.37,EMP
1980,Marie,Martin,60309816792859,Lille,45258.03,EMP
1981,Lucas,Laurent,91526847450325,Bordeaux,50548.58,EMP
1982,Lucas,Lefebvre,66724131523124,Lyon,83284.50,EMP
1983,Jean,Girard,46913048672129,Marseille,88921.66,EMP
1984,Nicolas,Dupont,10518636813770,Nantes,73842.86,EMP
1985,Camille,Dupont,43657321863923,Bordeaux,44836.36,EMP
1986,Jean,Moreau,25003908425401,Lille,73453.92,EMP
1987,Lucas,Martin,44940871367772,Nantes,47298.77,EMP
1988,Thomas,Girard,32231710440425,Nantes,53733.22,EMP
1989,Nicolas,Martin,75495719408291,Nantes,50832.41,EMP
1990,Marie,Martin,34860041637678,Bordeaux,32021.48,EMP
1991,Jean,Lefebvre,47038299311912,Lyon,59312.28,EMP
1992,Chloé,Martin,94902903481977,Bordeaux,61687.73,EMP
1993,Nicolas,Girard,14375123964732,Marseille,87586.81,EMP
1994,Jean,Laurent,92493272824622,Lyon,85905.48,EMP
1995,Jean,Girard,90573852854063,Lyon,68435.90,EMP
1996,Jean,Moreau,40271393434500,Marseille,49982.22,EMP
1997,Chloé,Moreau,20317188251837,Lille,18974.69,EMP
1998,Chloé,Girard,68632713770007,Nantes,51517.01,EMP
1999,Camille,Girard,62178323943482,Nantes,29318.75,EMP
2000,Thomas,Lefebvre,14261134000521,Lyon,61934.77,EMP
2001,Marie,Martin,48165472345659,Lille,25759.65,EMP
2002,Lucas,Moreau,84783935561050,Paris,31598.93,EMP
2003,Nicolas,Moreau,45349196589875,Paris,41611.45,EMP
2004,Thomas,Girard,70653816717473,Lyon,88091.68,EMP
2005,Chloé,Girard,19288783017254,Bordeaux,24963.76,EMP
2006,Lucas,Girard,17936683177606,Lyon,38225.01,EMP
2007,Nicolas,Lefebvre,15610483418835,Lyon,58242.46,EMP
2008,Jean,Martin,11770880328212,Marseille,25463.77,EMP
2009,Chloé,Lefebvre,78514092489187,Paris,88565.55,EMP
2010,Lucas,Girard,55327391145665,Lyon,31553.48,EMP
2011,Thomas,Laurent,38393777363843,Lyon,19224.40,EMP
2012,Marie,Martin,96575784361359,Lyon,29544.44,EMP
2013,Marie,Lefebvre,47314917869155,Paris,77734.27,EMP
2014,Chloé,Girard,93489075992581,Paris,56302.23,EMP
2015,Lucas,Laurent,62023826026617,Bordeaux,18587.49,EMP
2016,Chloé,Martin,20718386262705,Marseille,42393.88,EMP
2017,Lucas,Dupont,79876030752018,Bordeaux,22031.39,EMP
2018,Jean,Girard,19252323912846,Lille,31692.25,EMP
2019,Nicolas,Lefebvre,15117140736726,Paris,72683.90,EMP
2020,Chloé,Martin,79245505978812,Nantes,75853.24,EMP
2021,Marie,Moreau,64510982266587,Nantes,20842.97,EMP
2022,Jean,Martin,10386926382510,Nantes,78532.07,EMP
2023,Nicolas,Dupont,14604875486797,Paris,76500.65,EMP
2024,Marie,Martin,55415498883666,Marseille,63782.21,EMP
2025,Camille,Dupont,97629901992162,Marseille,79768.25,EMP
2026,Nicolas,Moreau,19451828831606,Bordeaux,61887.69,EMP
2027,Thomas,Moreau,73526557876335,Paris,47289.12,EMP
2028,Chloé,Laurent,83564260203136,Bordeaux,16343.21,EMP
2029,Lucas,Girard,51844286155804,Lyon,33098.30,EMP
2030,Thomas,Lefebvre,46474938015030,Paris,29888.93,EMP
2031,Nicolas,Dupont,10294485385461,Lille,30931.47,EMP
2032,Lucas,Moreau,29785386781470,Lyon,43078.21,EMP
2033,Chloé,Dupont,13378291120309,Paris,89337.55,EMP
2034,Jean,Dupont,64183239088255,Marseille,21485.89,EMP
2035,Jean,Dupont,57975642454105,Nantes,70490.96,EMP
2036,Chloé,Laurent,21618857078676,Bordeaux,42020.47,EMP
2037,Lucas,Girard,84076925074982,Paris,21274.93,EMP
2038,Chloé,Laurent,46811891304129,Marseille,77124.44,EMP
2039,Thomas,Lefebvre,77021223929101,Lyon,33354.43,EMP
2040,Camille,Lefebvre,29916629108248,Nantes,41997.72,EMP
2041,Thomas,Dupont,95389068144059,Lille,69819.87,EMP
2042,Camille,Dupont,56684355642455,Marseille,31134.22,EMP
2043,Thomas,Girard,69814945574595,Nantes,27539.45,EMP
2044,Camille,Girard,70671133698801,Bordeaux,60070.33,EMP
2045,Thomas,Laurent,73044959563094,Nantes,28127.45,EMP
2046,Camille,Moreau,19591651073672,Paris,26748.50,EMP
2047,Thomas,Dupont,83644412489004,Bordeaux,22788.30,EMP
2048,Lucas,Girard,16181507274626,Marseille,89688.67,EMP
2049,Nicolas,Lefebvre,99407938198014,Paris,60465.45,EMP
2050,Lucas,Moreau,40953880205339,Bordeaux,23300.59,EMP
2051,Camille,Lefebvre,53893137670055,Marseille,62472.00,EMP
2052,Lucas,Laurent,93440471109720,Paris,22627.25,EMP
2053,Marie,Lefebvre,40747388234123,Bordeaux,60002.05,EMP
2054,Chloé,Girard,24469542725139,Marseille,71582.08,EMP
2055,Jean,Girard,53953567375897,Marseille,88375.55,EMP
2056,Nicolas,Moreau,74662247568887,Lille,77619.82,EMP
2057,Nicolas,Dupont,36095539579063,Bordeaux,59563.18,EMP
2058,Thomas,Girard,37622559001384,Marseille,43567.41,EMP
2059,Thomas,Martin,52913810225603,Paris,51985.61,EMP
2060,Lucas,Lefebvre,82958958885839,Paris,23731.56,EMP
2061,Camille,Lefebvre,91861602622561,Nantes,88433.85,EMP
2062,Chloé,Dupont,87666942701720,Nantes,84791.03,EMP
2063,Lucas,Martin,88680521525606,Lyon,20464.32,EMP
2064,Marie,Laurent,72896601620545,Marseille,22577.56,EMP
2065,Lucas,Moreau,72081649364871,Lyon,64804.17,EMP
2066,Chloé,Lefebvre,16215993231340,Bordeaux,65437.56,EMP
2067,Nicolas,Martin,46601099670150,Marseille,76768.69,EMP
2068,Camille,Moreau,11388573392974,Lille,39977.74,EMP
2069,Lucas,Lefebvre,83862021035211,Lille,79796.02,EMP
2070,Marie,Dupont,82140536609818,Bordeaux,80663.96,EMP
2071,Lucas,Dupont,26867482979069,Bordeaux,81310.13,EMP
2072,Nicolas,Laurent,73469030884654,Marseille,29812.63,EMP
2073,Jean,Lefebvre,83972677946181,Marseille,50156.36,EMP
2074,Thomas,Lefebvre,78708107043285,Nantes,77268.89,EMP
2075,Nicolas,Laurent,55554324067656,Paris,19900.19,EMP
2076,Nicolas,Dupont,71434458159491,Lille,68044.71,EMP
2077,Chloé,Dupont,27578849731613,Lille,57222.21,EMP
2078,Marie,Dupont,18760208925336,Lyon,79303.71,EMP
2079,Lucas,Dupont,98129123851812,Nantes,37058.21,EMP
2080,Lucas,Girard,23271648605058,Marseille,34368.09,EMP
2081,Nicolas,Moreau,86619190040981,Bordeaux,59025.62,EMP
2082,Marie,Moreau,42680042562162,Marseille,62891.95,EMP
2083,Nicolas,Girard,15910204513104,Lyon,52924.40,EMP
2084,Jean,Dupont,92130312512882,Bordeaux,78520.54,EMP
2085,Nicolas,Laurent,84506227262390,Nantes,44045.10,EMP
2086,Jean,Laurent,20764831932591,Marseille,47472.15,EMP
2087,Camille,Martin,40503330391127,Bordeaux,74540.08,EMP
2088,Camille,Laurent,36131598828430,Marseille,47816.98,EMP
2089,Chloé,Dupont,92557809309680,Lille,21891.13,EMP
2090,Thomas,Laurent,95565969365200,Lille,78900.99,EMP
2091,Camille,Martin,31661248918168,Lyon,58898.53,EMP
2092,Lucas,Lefebvre,82518055105067,Lille,15820.35,EMP
2093,Camille,Moreau,99232974571025,Marseille,29746.71,EMP
2094,Nicolas,Martin,27133697395549,Lille,45660.88,EMP
2095,Lucas,Laurent,80223663822356,Lyon,58982.71,EMP
2096,Jean,Moreau,41915765401999,Paris,37493.31,EMP
2097,Jean,Dupont,83160585862664,Bordeaux,46285.23,EMP
2098,Camille,Laurent,36409570717265,Marseille,71141.74,EMP
2099,Lucas,Lefebvre,19561898569600,Bordeaux,16860.36,EMP
2100,Jean,Girard,51484910034366,Nantes,73503.88,EMP
2101,Marie,Martin,58301939262683,Marseille,16066.78,EMP
2102,Camille,Laurent,86996481167181,Marseille,46875.07,EMP
2103,Lucas,Moreau,42245171681324,Lyon,22566.89,EMP
2104,Nicolas,Dupont,53624530051749,Lille,73814.84,EMP
2105,Marie,Dupont,39821084329062,Lille,57158.26,EMP
2106,Chloé,Dupont,50216899851322,Lyon,25520.26,EMP
2107,Chloé,Martin,12196425056353,Bordeaux,20116.32,EMP
2108,Thomas,Laurent,37997238314019,Lyon,39028.21,EMP
2109,Lucas,Laurent,10028515488517,Nantes,51088.57,EMP
2110,Lucas,Laurent,83860395646598,Bordeaux,79847.40,EMP
2111,Jean,Martin,15478517894827,Lyon,39067.57,EMP
2112,Thomas,Girard,34548674064655,Marseille,40167.52,EMP
2113,Thomas,Martin,46237897416514,Paris,20947.12,EMP
2114,Marie,Dupont,23948955788005,Lyon,72418.70,EMP
2115,Thomas,Moreau,38097393411503,Lyon,86401.88,EMP
2116,Nicolas,Martin,92651169667884,Lille,38563.74,EMP
2117,Lucas,Girard,79084534007908,Marseille,32464.25,EMP
2118,Thomas,Laurent,59944214965190,Nantes,18437.52,EMP
2119,Marie,Dupont,31792615838118,Nantes,60284.14,EMP
2120,Thomas,Moreau,98420335134893,Marseille,67588.23,EMP
2121,Marie,Dupont,99291603944385,Marseille,57253.22,EMP
2122,Chloé,Laurent,93852599724818,Bordeaux,62412.61,EMP
2123,Thomas,Girard,97867455146854,Lille,23659.44,EMP
2124,Camille,Dupont,17292889732458,Nantes,40132.90,EMP
2125,Lucas,Dupont,53357271000187,Lille,76941.06,EMP
2126,Lucas,Moreau,26200760803802,Marseille,40315.31,EMP
2127,Lucas,Girard,15458527602745,Nantes,16312.45,EMP
2128,Marie,Lefebvre,74461082784730,Paris,41571.43,EMP
2129,Lucas,Lefebvre,59123748300971,Paris,39232.70,EMP
2130,Nicolas,Lefebvre,70319448243584,Bordeaux,32190.97,EMP
2131,Camille,Lefebvre,64091454111291,Paris,71448.97,EMP
2132,Lucas,Lefebvre,29182823308171,Nantes,49810.21,EMP
2133,Marie,Dupont,18788239404045,Nantes,51533.32,EMP
2134,Thomas,Dupont,48158169403229,Paris,60809.07,EMP
2135,Lucas,Laurent,22221456375431,Nantes,27452.49,EMP
2136,Jean,Dupont,26825367338163,Lyon,19630.37,EMP
2137,Marie,Moreau,95118476372015,Lille,77088.31,EMP
2138,Marie,Moreau,93941672891918,Lyon,47524.02,EMP
2139,Nicolas,Girard,87856235046437,Lille,84170.86,EMP
2140,Marie,Lefebvre,21635916135285,Lyon,64679.47,EMP
2141,Chloé,Girard,43553068383826,Nantes,16034.39,EMP
2142,Chloé,Dupont,47319709087338,Marseille,15238.46,EMP
2143,Camille,Moreau,73222052642546,Lyon,61586.53,EMP
2144,Jean,Dupont,96300516126558,Bordeaux,74435.34,EMP
2145,Nicolas,Dupont,20919710035374,Lyon,21922.61,EMP
2146,Lucas,Laurent,24570601326812,Marseille,31163.38,EMP
2147,Camille,Dupont,47871704986281,Nantes,72052.42,EMP
2148,Thomas,Martin,80687221370904,Marseille,35933.96,EMP
2149,Nicolas,Girard,93672952263822,Lille,52723.86,EMP
2150,Thomas,Moreau,49697420218395,Lyon,62572.95,EMP
2151,Chloé,Lefebvre,59223307815367,Bordeaux,66781.90,EMP
2152,Jean,Dupont,79129085367135,Paris,44505.12,EMP
2153,Chloé,Girard,62283598593845,Marseille,74685.13,EMP
2154,Chloé,Laurent,96212887388293,Lille,16418.62,EMP
2155,Jean,Lefebvre,85384910703186,Paris,35168.13,EMP
2156,Camille,Dupont,33245269696214,Marseille,51211.68,EMP
2157,Marie,Martin,15749207250528,Lyon,17085.64,EMP
2158,Jean,Lefebvre,47415834872960,Nantes,41448.27,EMP
2159,Lucas,Girard,61723687182743,Paris,85233.98,EMP
2160,Thomas,Dupont,61994079784734,Lyon,30757.29,EMP
2161,Thomas,Martin,89090418559470,Lyon,15408.37,EMP
2162,Thomas,Lefebvre,19140782246881,Nantes,69697.26,EMP
2163,Marie,Lefebvre,91564941590030,Nantes,20596.97,EMP
2164,Lucas,Lefebvre,78287458120651,Lille,70061.97,EMP
2165,Thomas,Lefebvre,73273873976595,Nantes,88337.36,EMP
2166,Camille,Laurent,86679760864249,Bordeaux,86268.28,EMP
2167,Thomas,Girard,75158194175859,Paris,15565.30,EMP
2168,Nicolas,Moreau,63859517444296,Nantes,70223.45,EMP
2169,Jean,Moreau,25579519540599,Bordeaux,37839.39,EMP
2170,Marie,Laurent,90341089022126,Lyon,85588.98,EMP
2171,Thomas,Laurent,10055157952467,Lyon,47470.82,EMP
2172,Lucas,Laurent,55677264250889,Lille,79766.71,EMP
2173,Marie,Moreau,37130852591438,Lille,35707.53,EMP
2174,Nicolas,Moreau,36814902008541,Lyon,24071.60,EMP
2175,Camille,Girard,77862420848742,Paris,80002.89,EMP
2176,Jean,Moreau,30057524675377,Paris,77449.52,EMP
2177,Chloé,Girard,46464208294472,Marseille,38978.29,EMP
2178,Thomas,Dupont,76800273175637,Lyon,68919.19,EMP
2179,Jean,Martin,49471095979653,Lille,73149.57,EMP
2180,Chloé,Dupont,96196460593920,Lille,66961.34,EMP
2181,Marie,Laurent,76642465423272,Lille,15322.73,EMP
2182,Jean,Laurent,78475217090796,Lille,33239.61,EMP
2183,Chloé,Laurent,48461621109917,Lille,86680.63,EMP
2184,Thomas,Dupont,59512468885242,Nantes,22268.34,EMP
2185,Thomas,Martin,57879980502250,Nantes,33408.42,EMP
2186,Lucas,Lefebvre,75095889403201,Nantes,15623.54,EMP
2187,Lucas,Dupont,26368113210227,Lille,27762.85,EMP
2188,Thomas,Girard,29196470938695,Bordeaux,15611.66,EMP
2189,Jean,Moreau,70181681822660,Marseille,31149.18,EMP
2190,Camille,Lefebvre,26690448184187,Lille,60528.43,EMP
2191,Nicolas,Martin,62038067999760,Marseille,88093.83,EMP
2192,Jean,Moreau,19866425146501,Nantes,37978.49,EMP
2193,Camille,Moreau,33966941811789,Lyon,84482.40,EMP
2194,Nicolas,Lefebvre,49279594225145,Bordeaux,56505.88,EMP
2195,Camille,Moreau,54250055129896,Lille,60672.52,EMP
2196,Jean,Moreau,67184840859649,Marseille,81775.30,EMP
2197,Chloé,Girard,23229286971788,Bordeaux,42377.17,EMP
2198,Thomas,Girard,98109819433254,Bordeaux,58065.96,EMP
2199,Chloé,Dupont,14892525640813,Bordeaux,72415.22,EMP
2200,Camille,Lefebvre,75825708287597,Nantes,33856.24,EMP
2201,Nicolas,Lefebvre,42687533876712,Lille,37814.84,EMP
2202,Thomas,Dupont,12711565664999,Nantes,37926.31,EMP
2203,Nicolas,Girard,63354837022495,Lille,89153.36,EMP
2204,Chloé,Laurent,72238181276002,Bordeaux,50288.78,EMP
2205,Camille,Moreau,76833718067961,Lyon,74665.32,EMP
2206,Camille,Laurent,25782209940333,Nantes,84710.44,EMP
2207,Jean,Moreau,13452479792048,Bordeaux,40993.38,EMP
2208,Marie,Laurent,21597926074672,Bordeaux,33001.95,EMP
2209,Lucas,Laurent,84074480021655,Marseille,88015.21,EMP
2210,Lucas,Dupont,40768459012308,Lille,31556.08,EMP
2211,Lucas,Girard,27717547854785,Lyon,32021.32,EMP
2212,Nicolas,Martin,33443368292370,Marseille,28643.85,EMP
2213,Chloé,Lefebvre,52377602609401,Marseille,24873.22,EMP
2214,Nicolas,Martin,32779546748355,Bordeaux,15858.61,EMP
2215,Chloé,Girard,19395176591589,Marseille,75354.10,EMP
2216,Camille,Laurent,21312890612109,Nantes,47712.79,EMP
2217,Chloé,Laurent,59110925085663,Nantes,33881.11,EMP
2218,Chloé,Dupont,65977038743842,Marseille,81519.20,EMP
2219,Chloé,Laurent,57390615626531,Nantes,25642.59,EMP
2220,Marie,Dupont,36866334383484,Lyon,83818.88,EMP
2221,Nicolas,Moreau,54759600388935,Nantes,34218.95,EMP
2222,Thomas,Girard,27942141341731,Marseille,28293.99,EMP
2223,Marie,Girard,35503238586919,Marseille,38293.80,EMP
2224,Camille,Girard,24510875062289,Paris,22814.88,EMP
2225,Jean,Dupont,87635459884118,Lyon,40689.00,EMP
2226,Camille,Laurent,85337310114340,Bordeaux,77585.60,EMP
2227,Lucas,Laurent,49800138996236,Bordeaux,78152.42,EMP
2228,Nicolas,Dupont,90436757248337,Nantes,80691.91,EMP
2229,Jean,Girard,61767899077801,Lyon,43813.20,EMP
2230,Lucas,Lefebvre,69246907130073,Lyon,72882.97,EMP
2231,Thomas,Dupont,67287863048357,Nantes,32963.72,EMP
2232,Marie,Moreau,21901670317302,Bordeaux,83620.04,EMP
2233,Nicolas,Laurent,24038087466141,Marseille,82516.94,EMP
2234,Nicolas,Girard,55798824751474,Lyon,62482.63,EMP
2235,Chloé,Laurent,26720465329418,Paris,77140.26,EMP
2236,Jean,Laurent,82319822462766,Bordeaux,42305.93,EMP
2237,Chloé,Lefebvre,64020842583424,Bordeaux,63124.60,EMP
2238,Marie,Dupont,41621953154212,Nantes,59091.54,EMP
2239,Lucas,Dupont,53303159325337,Bordeaux,39625.34,EMP
2240,Jean,Girard,31057228695066,Lyon,49156.56,EMP
2241,Marie,Lefebvre,28555520068442,Lille,30178.54,EMP
2242,Thomas,Moreau,84688414268905,Nantes,31102.92,EMP
2243,Chloé,Lefebvre,89858313894112,Nantes,77822.26,EMP
2244,Chloé,Laurent,42052628332218,Paris,71875.57,EMP
2245,Marie,Moreau,29538128772288,Lille,81432.11,EMP
2246,Lucas,Dupont,58715822990007,Lille,59285.37,EMP
2247,Jean,Laurent,65453999142251,Lyon,70219.86,EMP
2248,Jean,Laurent,34387439669698,Nantes,42362.61,EMP
2249,Lucas,Martin,21319600545871,Bordeaux,15943.81,EMP
2250,Lucas,Lefebvre,93241827987885,Bordeaux,29292.33,EMP
2251,Camille,Dupont,42349660796981,Marseille,52528.99,EMP
2252,Marie,Dupont,71990611396198,Marseille,85566.24,EMP
2253,Nicolas,Laurent,89440237044517,Paris,88144.79,EMP
2254,Camille,Martin,95365558895236,Bordeaux,19952.80,EMP
2255,Thomas,Girard,93099517989255,Bordeaux,83842.54,EMP
2256,Jean,Dupont,76042019658439,Nantes,79017.21,EMP
2257,Marie,Dupont,17837905599681,Bordeaux,19303.56,EMP
2258,Marie,Lefebvre,19760563820699,Nantes,19989.73,EMP
2259,Thomas,Moreau,13259285114143,Nantes,15934.80,EMP
2260,Marie,Laurent,57397174714943,Marseille,35070.77,EMP
2261,Jean,Moreau,30595380893348,Marseille,67056.64,EMP
2262,Chloé,Lefebvre,68886313274369,Lyon,70136.48,EMP
2263,Camille,Lefebvre,24827138657730,Paris,89949.31,EMP
2264,Marie,Moreau,67385131523196,Marseille,58403.67,EMP
2265,Lucas,Martin,42601232625681,Nantes,28062.26,EMP
2266,Jean,Girard,19871812216707,Paris,60739.75,EMP
2267,Lucas,Martin,54305903210617,Bordeaux,71850.07,EMP
2268,Chloé,Martin,67536392899397,Marseille,64867.98,EMP
2269,Jean,Girard,33824177946423,Marseille,66745.34,EMP
2270,Lucas,Moreau,69790118175629,Lille,56893.66,EMP
2271,Jean,Moreau,31230087162907,Bordeaux,72805.77,EMP
2272,Camille,Moreau,28040343980412,Lyon,68467.76,EMP
2273,Marie,Lefebvre,34382762685458,Bordeaux,79070.45,EMP
2274,Lucas,Martin,95130645288309,Bordeaux,70103.12,EMP
2275,Chloé,Martin,12933969665116,Marseille,67581.77,EMP
2276,Thomas,Girard,77103813561581,Nantes,89924.38,EMP
2277,Thomas,Laurent,15546036763920,Nantes,79921.90,EMP
2278,Camille,Dupont,36441751327141,Marseille,89904.19,EMP
2279,Lucas,Dupont,79002354039010,Lille,16726.98,EMP
2280,Camille,Dupont,60379666372038,Marseille,16337.76,EMP
2281,Camille,Dupont,22261334793727,Lyon,76362.70,EMP
2282,Chloé,Dupont,71676827222477,Lyon,33645.22,EMP
2283,Nicolas,Laurent,45176620282974,Lille,50559.01,EMP
2284,Nicolas,Girard,24129092105069,Marseille,70881.37,EMP
2285,Marie,Dupont,27570447488505,Bordeaux,28973.89,EMP
2286,Nicolas,Dupont,20530983042840,Bordeaux,82705.22,EMP
2287,Nicolas,Lefebvre,32521177671671,Marseille,26897.20,EMP
2288,Camille,Moreau,21804654840280,Nantes,65429.17,EMP
2289,Marie,Moreau,81694060432175,Paris,15864.45,EMP
2290,Jean,Girard,66123387497405,Lyon,61769.24,EMP
2291,Camille,Laurent,21214108773618,Lyon,63174.64,EMP
2292,Camille,Laurent,21329495987306,Marseille,17283.52,EMP
2293,Nicolas,Lefebvre,42247491055567,Paris,51933.85,EMP
2294,Jean,Moreau,86348201211084,Marseille,37862.38,EMP
2295,Thomas,Martin,79038372310884,Marseille,20175.65,EMP
2296,Jean,Girard,20478356904673,Lille,21618.99,EMP
2297,Camille,Dupont,89234720576771,Marseille,26437.25,EMP
2298,Marie,Moreau,96511903258225,Lyon,38000.81,EMP
2299,Marie,Lefebvre,81515261339189,Lyon,37889.96,EMP
2300,Camille,Laurent,15300629414482,Bordeaux,85404.80,EMP
2301,Nicolas,Moreau,31424407591156,Marseille,44529.76,EMP
2302,Camille,Dupont,86124417333070,Bordeaux,47748.36,EMP
2303,Jean,Girard,60268641522439,Marseille,48629.03,EMP
2304,Jean,Lefebvre,86956356579694,Marseille,71696.45,EMP
2305,Jean,Dupont,97678390921916,Bordeaux,44606.37,EMP
2306,Camille,Dupont,11671498746884,Bordeaux,15208.81,EMP
2307,Lucas,Dupont,14007681992201,Nantes,30486.38,EMP
2308,Camille,Lefebvre,17847946118693,Lille,71560.88,EMP
2309,Thomas,Dupont,93965017338451,Bordeaux,50552.68,EMP
2310,Nicolas,Laurent,76763521565595,Nantes,25095.74,EMP
2311,Marie,Dupont,18212187057440,Marseille,22514.95,EMP
2312,Jean,Moreau,36413999398017,Lille,72869.36,EMP
2313,Lucas,Dupont,30553154397183,Bordeaux,87499.41,EMP
2314,Lucas,Laurent,92897578116534,Lille,51022.80,EMP
2315,Nicolas,Laurent,31097180521323,Nantes,27397.25,EMP
2316,Jean,Laurent,19469244124730,Nantes,81189.78,EMP
2317,Jean,Girard,88977974104653,Lille,73570.49,EMP
2318,Lucas,Moreau,24206651205044,Lille,30501.53,EMP
2319,Thomas,Martin,12275123981275,Lyon,17693.97,EMP
2320,Chloé,Moreau,93300171680958,Bordeaux,41503.33,EMP
2321,Lucas,Moreau,17461089204277,Bordeaux,82464.81,EMP
2322,Lucas,Girard,88683986185636,Lyon,15613.23,EMP
2323,Marie,Girard,10401869526249,Paris,71157.04,EMP
2324,Thomas,Martin,22415276804293,Nantes,42482.28,EMP
2325,Marie,Laurent,60395598464144,Paris,85469.10,EMP
2326,Jean,Girard,81521135268138,Marseille,22639.67,EMP
2327,Camille,Moreau,33631142702720,Paris,16540.56,EMP
2328,Camille,Laurent,64335217953816,Nantes,67036.01,EMP
2329,Thomas,Laurent,66721270498077,Nantes,51921.11,EMP
2330,Camille,Dupont,95387634997776,Marseille,73039.83,EMP
2331,Lucas,Martin,25158471381936,Lyon,47447.18,EMP
2332,Nicolas,Laurent,27747889771341,Bordeaux,76137.27,EMP
2333,Lucas,Moreau,22322743522555,Nantes,32435.81,EMP
2334,Chloé,Girard,99228062716252,Lille,50509.30,EMP
2335,Jean,Moreau,64744280650439,Nantes,16300.89,EMP
2336,Camille,Dupont,19839946509227,Paris,30207.25,EMP
2337,Thomas,Moreau,47936646469439,Lyon,55936.86,EMP
2338,Chloé,Laurent,98083711643162,Paris,58226.21,EMP
2339,Marie,Martin,20740151443132,Marseille,53408.32,EMP
2340,Jean,Girard,40201063116861,Marseille,30646.05,EMP
2341,Marie,Martin,66866715063224,Bordeaux,16508.64,EMP
2342,Thomas,Girard,30611150579068,Lille,24946.46,EMP
2343,Chloé,Lefebvre,67629372245282,Marseille,82655.05,EMP
2344,Lucas,Moreau,26566911555632,Bordeaux,57595.24,EMP
2345,Nicolas,Moreau,80331298306383,Lyon,80915.60,EMP
2346,Chloé,Moreau,99178230011551,Paris,63030.71,EMP
2347,Camille,Girard,52060217511555,Lyon,18097.19,EMP
2348,Nicolas,Lefebvre,33286400693233,Paris,45005.01,EMP
2349,Thomas,Lefebvre,90164168446107,Lyon,84811.86,EMP
2350,Camille,Dupont,95480621096686,Nantes,48618.29,EMP
2351,Lucas,Laurent,53429842456868,Nantes,73507.98,EMP
2352,Camille,Lefebvre,79932332261029,Lille,22753.32,EMP
2353,Camille,Lefebvre,21544871318185,Lille,40005.01,EMP
2354,Lucas,Dupont,40511834313556,Paris,19001.42,EMP
2355,Lucas,Moreau,91501668938227,Bordeaux,23309.68,EMP
2356,Camille,Girard,82151479603565,Bordeaux,20789.51,EMP
2357,Lucas,Dupont,91311702242545,Bordeaux,78568.96,EMP
2358,Nicolas,Martin,81432018571748,Lyon,67149.31,EMP
2359,Nicolas,Lefebvre,34592113014860,Bordeaux,16091.79,EMP
2360,Camille,Girard,27315264276944,Bordeaux,87533.71,EMP
2361,Thomas,Martin,29312818249678,Lille,44813.40,EMP
2362,Nicolas,Lefebvre,91076084466358,Nantes,46428.52,EMP
2363,Chloé,Dupont,40817562729600,Bordeaux,66948.85,EMP
2364,Lucas,Dupont,99479217225066,Nantes,41970.20,EMP
2365,Nicolas,Dupont,16386101099360,Lyon,71674.58,EMP
2366,Camille,Martin,61924066015496,Marseille,68559.14,EMP
2367,Lucas,Girard,55927845282545,Nantes,52128.56,EMP
2368,Marie,Martin,70627079343255,Paris,23080.54,EMP
2369,Nicolas,Martin,93356470125673,Lyon,65904.74,EMP
2370,Nicolas,Dupont,68323220933494,Lyon,72580.08,EMP
2371,Jean,Laurent,47020446780552,Paris,87228.66,EMP
2372,Camille,Lefebvre,56931156608880,Lyon,37958.35,EMP
2373,Marie,Martin,17579451622312,Paris,33017.38,EMP
2374,Jean,Moreau,41669751024415,Lille,45647.38,EMP
2375,Lucas,Martin,31767023970523,Marseille,56252.63,EMP
2376,Marie,Martin,88342502019666,Paris,50857.06,EMP
2377,Lucas,Dupont,52924536093816,Marseille,40343.79,EMP
2378,Thomas,Girard,69898813070870,Paris,78820.87,EMP
2379,Chloé,Martin,38482011704070,Nantes,59644.57,EMP
2380,Jean,Moreau,27075409806382,Marseille,31572.78,EMP
2381,Nicolas,Dupont,88288465713368,Marseille,53410.35,EMP
2382,Chloé,Moreau,47725071728624,Marseille,66497.35,EMP
2383,Thomas,Moreau,18292686946416,Lille,56999.16,EMP
2384,Lucas,Girard,20768686969681,Lyon,17463.33,EMP
2385,Marie,Martin,80364302090838,Paris,43560.73,EMP
2386,Jean,Lefebvre,73021588864305,Bordeaux,89519.56,EMP
2387,Jean,Lefebvre,68102606182633,Bordeaux,73846.56,EMP
2388,Jean,Moreau,19118589632709,Marseille,57519.81,EMP
2389,Thomas,Moreau,92499327376362,Marseille,59802.57,EMP
2390,Thomas,Moreau,24920618201997,Lille,69055.96,EMP
2391,Thomas,Girard,64616712546442,Paris,37607.01,EMP
2392,Nicolas,Lefebvre,64754466292811,Marseille,59430.14,EMP
2393,Camille,Dupont,15080768286095,Lille,40238.44,EMP
2394,Nicolas,Dupont,52646419289348,Lyon,30121.89,EMP
2395,Marie,Lefebvre,23633085658228,Nantes,23315.99,EMP
2396,Camille,Lefebvre,65172379942079,Paris,49553.02,EMP
2397,Camille,Girard,36455764504596,Bordeaux,49139.69,EMP
2398,Marie,Dupont,70546827603393,Lyon,46767.20,EMP
2399,Camille,Lefebvre,13971817073935,Lille,61129.47,EMP
2400,Marie,Lefebvre,31465470223843,Nantes,47335.42,EMP
2401,Chloé,Moreau,57491515919290,Paris,59304.58,EMP
2402,Jean,Lefebvre,63454373069424,Bordeaux,74179.98,EMP
2403,Nicolas,Martin,42764476870150,Lille,48553.85,EMP
2404,Thomas,Dupont,35380772655658,Lyon,30838.79,EMP
2405,Camille,Laurent,29783204499709,Bordeaux,88675.80,EMP
2406,Lucas,Dupont,59712862391068,Lyon,85531.71,EMP
2407,Nicolas,Laurent,12301514008307,Paris,53997.97,EMP
2408,Chloé,Laurent,39485633045429,Lyon,27079.44,EMP
2409,Jean,Dupont,25901764452861,Lille,55471.03,EMP
2410,Camille,Girard,63555268436393,Paris,74452.54,EMP
2411,Chloé,Martin,75975014387396,Bordeaux,23156.84,EMP
2412,Chloé,Dupont,90869823281731,Marseille,89039.34,EMP
2413,Camille,Martin,44036034725911,Nantes,75050.31,EMP
2414,Camille,Laurent,53516668582301,Paris,32009.89,EMP
2415,Camille,Moreau,38344505809870,Lille,29195.67,EMP
2416,Lucas,Laurent,78793482559569,Bordeaux,61449.89,EMP
2417,Marie,Laurent,94546245073882,Lille,22073.54,EMP
2418,Nicolas,Moreau,50628388584555,Marseille,23783.73,EMP
2419,Lucas,Laurent,28910798537071,Paris,47175.41,EMP
2420,Chloé,Lefebvre,19771810905864,Nantes,32936.34,EMP
2421,Lucas,Martin,65109857507244,Lyon,52993.35,EMP
2422,Nicolas,Dupont,95933796939403,Lyon,22324.47,EMP
2423,Marie,Girard,46629473141745,Bordeaux,20773.74,EMP
2424,Nicolas,Girard,85761433958141,Lyon,27991.40,EMP
2425,Nicolas,Girard,39335371541584,Nantes,66320.50,EMP
2426,Marie,Lefebvre,38738511624280,Lille,70890.32,EMP
2427,Thomas,Moreau,85339833600807,Marseille,25865.69,EMP
2428,Chloé,Dupont,94893937689791,Paris,86283.08,EMP
2429,Chloé,Martin,20731441190558,Marseille,69449.54,EMP
2430,Jean,Laurent,18427043628558,Nantes,60589.88,EMP
2431,Jean,Martin,44641563430758,Lille,83096.98,EMP
2432,Jean,Martin,55447314086298,Bordeaux,52743.75,EMP
2433,Lucas,Laurent,64369284181224,Nantes,28275.75,EMP
2434,Nicolas,Dupont,70479306162272,Paris,60483.03,EMP
2435,Nicolas,Lefebvre,85146612228459,Bordeaux,21844.71,EMP
2436,Thomas,Moreau,42648729904424,Marseille,58257.07,EMP
2437,Jean,Moreau,32049083515327,Lille,70285.23,EMP
2438,Thomas,Martin,83157999055665,Nantes,35790.98,EMP
2439,Nicolas,Lefebvre,72081481570846,Bordeaux,72220.91,EMP
2440,Marie,Moreau,95043304091052,Lyon,62063.92,EMP
2441,Jean,Martin,89805172190238,Lyon,18179.13,EMP
2442,Nicolas,Moreau,56194380435394,Paris,81143.60,EMP
2443,Chloé,Girard,15895086468518,Marseille,42198.94,EMP
2444,Nicolas,Moreau,35798013922834,Paris,37185.16,EMP
2445,Camille,Dupont,35924149131065,Nantes,51240.20,EMP
2446,Jean,Dupont,46608944829782,Lille,43409.45,EMP
2447,Nicolas,Girard,75420903509979,Lyon,88926.92,EMP
2448,Marie,Lefebvre,93411464654032,Bordeaux,66151.97,EMP
2449,Jean,Girard,43225828334486,Bordeaux,42748.66,EMP
2450,Thomas,Lefebvre,78214104698025,Marseille,44552.43,EMP
2451,Chloé,Martin,47234776383090,Lille,53066.93,EMP
2452,Chloé,Laurent,17191004020641,Bordeaux,65386.82,EMP
2453,Thomas,Laurent,65260278318139,Nantes,32288.37,EMP
2454,Lucas,Girard,83560496945401,Bordeaux,59087.08,EMP
2455,Camille,Dupont,69375275276063,Lyon,62912.46,EMP
2456,Camille,Martin,36667946232149,Nantes,82104.61,EMP
2457,Jean,Lefebvre,82027003163261,Nantes,78974.40,EMP
2458,Marie,Martin,53334451185748,Nantes,45795.59,EMP
2459,Camille,Martin,55054884895822,Lille,44974.83,EMP
2460,Camille,Dupont,34387585346906,Nantes,74914.99,EMP
2461,Camille,Laurent,26980465827360,Bordeaux,69290.09,EMP
2462,Jean,Moreau,29249655113657,Paris,61735.97,EMP
2463,Marie,Martin,62498713948420,Marseille,29844.04,EMP
2464,Thomas,Moreau,30712533810188,Paris,71969.61,EMP
2465,Camille,Martin,79481861137877,Bordeaux,21929.76,EMP
2466,Jean,Dupont,73026284837269,Bordeaux,78648.51,EMP
2467,Lucas,Moreau,80375095836758,Nantes,66857.61,EMP
2468,Jean,Laurent,24526707838192,Bordeaux,54593.19,EMP
2469,Marie,Martin,99166193583940,Bordeaux,17236.26,EMP
2470,Marie,Laurent,19631679806843,Bordeaux,37139.67,EMP
2471,Jean,Dupont,15827163603734,Lyon,53146.68,EMP
2472,Lucas,Girard,35756030308511,Marseille,26273.45,EMP
2473,Thomas,Moreau,78273878704016,Lyon,34965.50,EMP
2474,Marie,Laurent,94926876186042,Marseille,78202.43,EMP
2475,Thomas,Martin,21732040229737,Nantes,68605.59,EMP
2476,Jean,Martin,11357680798015,Lille,18450.30,EMP
2477,Nicolas,Dupont,99301892836738,Lille,32875.00,EMP
2478,Jean,Moreau,77872185374106,Lille,60204.45,EMP
2479,Lucas,Lefebvre,10444594342725,Lyon,65808.86,EMP
2480,Chloé,Laurent,72787084622834,Lille,55735.76,EMP
2481,Lucas,Girard,42512581775325,Nantes,48985.01,EMP
2482,Lucas,Martin,29822844359854,Bordeaux,22298.84,EMP
2483,Lucas,Martin,24307009653108,Paris,26989.99,EMP
2484,Marie,Girard,60351200535150,Lille,20332.43,EMP
2485,Marie,Lefebvre,64992611017850,Nantes,27719.60,EMP
2486,Thomas,Moreau,24528827523378,Lyon,25602.90,EMP
2487,Chloé,Laurent,74797363560443,Bordeaux,57327.07,EMP
2488,Lucas,Laurent,56752911693200,Bordeaux,55206.35,EMP
2489,Chloé,Girard,11330574211189,Marseille,62554.69,EMP
2490,Nicolas,Moreau,59360921064841,Bordeaux,43438.56,EMP
2491,Jean,Laurent,97561019806664,Marseille,53717.42,EMP
2492,Jean,Martin,45696773567246,Lille,20324.97,EMP
2493,Chloé,Laurent,80548642886827,Nantes,28376.76,EMP
2494,Camille,Martin,39937192349594,Lyon,24475.15,EMP
2495,Marie,Laurent,43376224719367,Marseille,79748.37,EMP
2496,Marie,Dupont,18909619782930,Lyon,49548.98,EMP
2497,Marie,Girard,87038881745931,Marseille,41084.07,EMP
2498,Thomas,Moreau,47585150221619,Bordeaux,38514.98,EMP
2499,Nicolas,Moreau,45964231906097,Paris,83917.11,EMP
2500,Thomas,Laurent,49562074079965,Nantes,43009.34,EMP
2501,Nicolas,Martin,80555896219704,Lille,26534.33,EMP
2502,Marie,Laurent,40939474024940,Paris,42211.20,EMP
2503,Camille,Girard,87780414456554,Lyon,78608.28,EMP
2504,Lucas,Dupont,44426481689920,Lyon,25753.84,EMP
2505,Jean,Dupont,30295573459062,Marseille,88772.80,EMP
2506,Marie,Dupont,65414606369950,Bordeaux,16774.48,EMP
2507,Thomas,Lefebvre,80610052677152,Bordeaux,25420.94,EMP
2508,Thomas,Dupont,62060560096733,Lille,37564.59,EMP
2509,Chloé,Dupont,87425891598669,Lyon,79998.19,EMP
2510,Chloé,Dupont,96563153180008,Bordeaux,43074.44,EMP
2511,Lucas,Girard,12955513713161,Lille,43650.29,EMP
2512,Nicolas,Laurent,31977956707082,Lille,24162.96,EMP
2513,Jean,Girard,90216594788432,Marseille,30527.05,EMP
2514,Chloé,Dupont,15262754707236,Paris,25358.07,EMP
2515,Thomas,Laurent,74416811884802,Nantes,62293.52,EMP
2516,Marie,Moreau,45013184540290,Marseille,32466.66,EMP
2517,Thomas,Laurent,67720145209165,Nantes,60614.82,EMP
2518,Lucas,Martin,20045528170734,Paris,60941.60,EMP
2519,Chloé,Laurent,50754036233650,Lille,21725.50,EMP
2520,Lucas,Dupont,88284632889174,Bordeaux,34631.23,EMP
2521,Jean,Laurent,35101229398055,Marseille,63525.62,EMP
2522,Thomas,Moreau,98475730003554,Bordeaux,36482.90,EMP
2523,Thomas,Martin,35944603082114,Lyon,85620.79,EMP
2524,Nicolas,Lefebvre,76159203237633,Lyon,36526.45,EMP
2525,Lucas,Girard,68369756660521,Lyon,77434.16,EMP
2526,Camille,Laurent,50142893813802,Nantes,65716.64,EMP
2527,Nicolas,Laurent,76643061413643,Nantes,57018.33,EMP
2528,Jean,Dupont,70047067648214,Paris,54732.92,EMP
2529,Thomas,Moreau,22136517107365,Lille,33777.80,EMP
2530,Marie,Moreau,52769568986601,Paris,76791.87,EMP
2531,Lucas,Laurent,95514656487743,Paris,22901.62,EMP
2532,Lucas,Moreau,12730523381835,Lyon,32374.04,EMP
2533,Chloé,Dupont,34073083411517,Paris,50541.86,EMP
2534,Nicolas,Martin,83657382021827,Bordeaux,20858.00,EMP
2535,Lucas,Laurent,37026063244021,Nantes,21741.61,EMP
2536,Lucas,Dupont,29302209209969,Bordeaux,73256.54,EMP
2537,Camille,Dupont,48195074849151,Nantes,52520.35,EMP
2538,Camille,Moreau,18703715457713,Bordeaux,36348.46,EMP
2539,Camille,Laurent,29520016627492,Paris,54012.78,EMP
2540,Camille,Moreau,96343118128859,Marseille,62170.61,EMP
2541,Chloé,Dupont,27521991795504,Lille,63307.97,EMP
2542,Thomas,Laurent,94248721213077,Lille,60300.78,EMP
2543,Marie,Laurent,73559627607982,Marseille,58713.52,EMP
2544,Nicolas,Laurent,88253203804066,Paris,26071.91,EMP
2545,Marie,Girard,52279757528205,Nantes,51299.36,EMP
2546,Nicolas,Laurent,69240168537685,Lille,51124.80,EMP
2547,Thomas,Martin,37099243526284,Marseille,25983.93,EMP
2548,Camille,Lefebvre,30556292849482,Lyon,32444.07,EMP
2549,Thomas,Laurent,17676905648366,Paris,63633.38,EMP
2550,Chloé,Martin,54081151440199,Nantes,58984.79,EMP
2551,Thomas,Moreau,73714848964723,Lille,20003.08,EMP
2552,Nicolas,Dupont,86818376026004,Paris,73294.11,EMP
2553,Jean,Lefebvre,64611327800558,Nantes,17039.84,EMP
2554,Nicolas,Laurent,32191256061510,Paris,21621.43,EMP
2555,Chloé,Lefebvre,44624226511011,Bordeaux,77892.65,EMP
2556,Marie,Moreau,80250521378891,Marseille,47533.36,EMP
2557,Thomas,Lefebvre,73162343783368,Nantes,73400.00,EMP
2558,Camille,Laurent,18922255944322,Nantes,27457.71,EMP
2559,Chloé,Laurent,28108465283091,Bordeaux,59216.49,EMP
2560,Camille,Lefebvre,64963484307033,Nantes,32554.23,EMP
2561,Camille,Dupont,28977242575718,Paris,28976.59,EMP
2562,Marie,Girard,28046872998054,Lille,46337.70,EMP
2563,Nicolas,Lefebvre,93945431918492,Nantes,31774.18,EMP
2564,Thomas,Girard,65491094246390,Bordeaux,30158.44,EMP
2565,Camille,Moreau,84599212292792,Bordeaux,25348.44,EMP
2566,Jean,Martin,36197352898421,Nantes,45979.74,EMP
2567,Lucas,Dupont,82500665264071,Lyon,58496.25,EMP
2568,Camille,Laurent,67580305638564,Paris,88785.63,EMP
2569,Nicolas,Girard,71160049603503,Paris,45838.21,EMP
2570,Thomas,Martin,98894279260911,Nantes,44040.33,EMP
2571,Marie,Moreau,73110924171020,Lille,41820.50,EMP
2572,Lucas,Martin,37577331664714,Lyon,61113.96,EMP
2573,Nicolas,Laurent,80627656434718,Lyon,17765.85,EMP
2574,Lucas,Girard,90951139856200,Nantes,87459.60,EMP
2575,Lucas,Martin,91748495406300,Paris,24884.41,EMP
2576,Nicolas,Moreau,18478579831369,Nantes,35570.37,EMP
2577,Marie,Martin,28566385821083,Lille,19224.53,EMP
2578,Lucas,Lefebvre,61620758202133,Marseille,15791.26,EMP
2579,Thomas,Dupont,67359767305819,Paris,27818.34,EMP
2580,Nicolas,Moreau,89678474306252,Bordeaux,62503.12,EMP
2581,Jean,Lefebvre,99641451561775,Paris,56679.75,EMP
2582,Jean,Lefebvre,50296415396498,Marseille,70271.22,EMP
2583,Nicolas,Laurent,16318862246851,Lyon,53893.51,EMP
2584,Marie,Dupont,71150728155901,Lyon,23242.29,EMP
2585,Marie,Martin,22764665026786,Bordeaux,76809.82,EMP
2586,Lucas,Laurent,35501582038645,Bordeaux,51050.59,EMP
2587,Nicolas,Girard,34038983749903,Marseille,84157.11,EMP
2588,Camille,Martin,99774066545252,Paris,38893.62,EMP
2589,Lucas,Laurent,36241829340730,Lille,54107.23,EMP
2590,Nicolas,Moreau,36394523948381,Paris,56927.29,EMP
2591,Camille,Moreau,67747940406410,Nantes,22111.37,EMP
2592,Nicolas,Girard,60064005058632,Lille,67375.62,EMP
2593,Lucas,Dupont,60563578230597,Lyon,31698.69,EMP
2594,Thomas,Martin,41601223134582,Lyon,77295.02,EMP
2595,Jean,Moreau,64786061889570,Marseille,79657.38,EMP
2596,Lucas,Dupont,20862153638512,Nantes,25226.27,EMP
2597,Thomas,Moreau,91206879004821,Lyon,25856.90,EMP
2598,Camille,Laurent,35347189439010,Paris,45180.37,EMP
2599,Nicolas,Dupont,26210115555989,Lille,56269.31,EMP
2600,Jean,Dupont,34950202805924,Lille,60712.02,EMP
2601,Nicolas,Dupont,90401109206540,Marseille,38408.90,EMP
2602,Camille,Moreau,40037770874039,Bordeaux,19796.00,EMP
2603,Thomas,Martin,84789023224087,Marseille,35263.59,EMP
2604,Thomas,Moreau,14578623816182,Lille,86077.65,EMP
2605,Jean,Dupont,49387380576444,Lille,63979.99,EMP
2606,Jean,Martin,29318746152419,Bordeaux,18036.76,EMP
2607,Marie,Girard,54267375283377,Lyon,44219.00,EMP
2608,Lucas,Dupont,65552854509835,Nantes,72126.47,EMP
2609,Jean,Lefebvre,62225241686826,Nantes,56806.72,EMP
2610,Marie,Martin,88697552289925,Bordeaux,42995.98,EMP
2611,Lucas,Girard,15083124873885,Marseille,38410.99,EMP
2612,Thomas,Girard,13592185807634,Lyon,21458.17,EMP
2613,Thomas,Martin,70371764541853,Nantes,88502.92,EMP
2614,Jean,Martin,97318869448383,Lyon,78989.52,EMP
2615,Lucas,Martin,85149352120228,Lyon,63209.19,EMP
2616,Thomas,Lefebvre,76506388347166,Lille,75928.93,EMP
2617,Nicolas,Lefebvre,90215852923370,Lyon,70311.91,EMP
2618,Lucas,Dupont,94218399093800,Lyon,59806.25,EMP
2619,Lucas,Lefebvre,75703219315442,Lille,68369.24,EMP
2620,Nicolas,Martin,25747211319953,Lyon,54091.63,EMP
2621,Nicolas,Moreau,28687567983944,Paris,81797.71,EMP
2622,Marie,Dupont,90060121341560,Lille,33336.58,EMP
2623,Marie,Martin,70806657669804,Bordeaux,63459.59,EMP
2624,Marie,Lefebvre,76377321781440,Lyon,76734.71,EMP
2625,Camille,Dupont,81404992827066,Bordeaux,22275.61,EMP
2626,Lucas,Laurent,86221894789074,Nantes,73844.97,EMP
2627,Camille,Laurent,94115623718284,Bordeaux,31490.04,EMP
2628,Camille,Martin,80125682981926,Nantes,84740.35,EMP
2629,Jean,Dupont,11321618754494,Nantes,67485.53,EMP
2630,Camille,Laurent,68676904984708,Bordeaux,60860.83,EMP
2631,Thomas,Moreau,63640748378278,Lyon,38089.50,EMP
2632,Nicolas,Lefebvre,98144311099173,Paris,79644.09,EMP
2633,Chloé,Martin,15283184847601,Paris,19926.13,EMP
2634,Camille,Laurent,54646800529495,Paris,78469.35,EMP
2635,Lucas,Dupont,54914673309875,Nantes,20831.63,EMP
2636,Jean,Dupont,48321476692192,Lyon,55376.35,EMP
2637,Thomas,Dupont,12248815647594,Nantes,34726.34,EMP
2638,Nicolas,Moreau,69012321230491,Marseille,30860.68,EMP
2639,Camille,Girard,91342299079558,Bordeaux,23568.47,EMP
2640,Chloé,Dupont,40589336763897,Marseille,55852.27,EMP
2641,Camille,Moreau,58736368320541,Paris,59855.51,EMP
2642,Marie,Lefebvre,88026543338370,Marseille,73470.67,EMP
2643,Lucas,Lefebvre,81315206476333,Marseille,46294.63,EMP
2644,Thomas,Martin,98558145396594,Paris,64202.20,EMP
2645,Marie,Moreau,24199783339460,Paris,70306.87,EMP
2646,Lucas,Lefebvre,52059898734651,Paris,50907.83,EMP
2647,Camille,Girard,18216394650055,Lille,57967.71,EMP
2648,Lucas,Girard,23591450369261,Lille,56199.69,EMP
2649,Chloé,Martin,48398184806560,Bordeaux,33553.06,EMP
2650,Jean,Moreau,54551302862138,Lille,48907.66,EMP
2651,Jean,Girard,14179857264255,Nantes,45559.31,EMP
2652,Lucas,Moreau,62391534795362,Lille,30072.08,EMP
2653,Thomas,Moreau,95438903588838,Lille,34948.08,EMP
2654,Marie,Dupont,59544854064217,Marseille,25127.75,EMP
2655,Lucas,Laurent,32389143720034,Bordeaux,66986.13,EMP
2656,Camille,Dupont,62898309004621,Lyon,50728.92,EMP
2657,Nicolas,Lefebvre,83935321346741,Lille,78927.47,EMP
2658,Camille,Martin,42038437137456,Marseille,33783.01,EMP
2659,Jean,Girard,96000551911958,Paris,18658.19,EMP
2660,Thomas,Laurent,84581903587772,Paris,63651.31,EMP
2661,Marie,Girard,53438870216365,Nantes,44895.19,EMP
2662,Chloé,Lefebvre,55291638394183,Marseille,38983.46,EMP
2663,Lucas,Lefebvre,18544887497814,Nantes,61533.43,EMP
2664,Jean,Girard,64065201319513,Marseille,37012.67,EMP
2665,Nicolas,Martin,72722389525357,Bordeaux,72437.56,EMP
2666,Camille,Lefebvre,34932062385403,Lille,73767.05,EMP
2667,Lucas,Lefebvre,98345026308225,Bordeaux,28485.60,EMP
2668,Marie,Laurent,84008263935173,Paris,81021.64,EMP
2669,Camille,Laurent,64261803210255,Paris,46550.93,EMP
2670,Chloé,Girard,63570933430370,Nantes,71004.36,EMP
2671,Nicolas,Dupont,38745924138693,Marseille,53855.61,EMP
2672,Lucas,Laurent,78610867982485,Bordeaux,51200.94,EMP
2673,Nicolas,Dupont,53397193474726,Bordeaux,38675.29,EMP
2674,Chloé,Martin,10299244916710,Lyon,75811.31,EMP
2675,Thomas,Martin,41358520052125,Lyon,70490.02,EMP
2676,Camille,Girard,14788995192994,Nantes,28502.77,EMP
2677,Lucas,Laurent,55932571105178,Bordeaux,50907.36,EMP
2678,Marie,Dupont,98767024842269,Marseille,75021.93,EMP
2679,Jean,Laurent,90965676922130,Nantes,61369.53,EMP
2680,Chloé,Dupont,79131171629682,Bordeaux,56152.49,EMP
2681,Nicolas,Lefebvre,70172674987241,Marseille,63411.27,EMP
2682,Chloé,Dupont,86892072428090,Paris,36762.24,EMP
2683,Nicolas,Moreau,61938335827606,Nantes,88597.00,EMP
2684,Nicolas,Laurent,64894305597230,Bordeaux,24735.16,EMP
2685,Chloé,Lefebvre,33124475280641,Bordeaux,70605.85,EMP
2686,Chloé,Lefebvre,39452931075509,Paris,55275.28,EMP
2687,Chloé,Moreau,13988921139673,Bordeaux,70536.50,EMP
2688,Nicolas,Girard,41978650553563,Lille,28168.59,EMP
2689,Lucas,Moreau,18382437572035,Bordeaux,46513.85,EMP
2690,Chloé,Martin,32845968399529,Nantes,35056.15,EMP
2691,Camille,Lefebvre,14230107953980,Lille,27240.50,EMP
2692,Marie,Laurent,31942791855113,Paris,42480.58,EMP
2693,Lucas,Laurent,97268548053070,Lyon,17658.77,EMP
2694,Jean,Moreau,51424478868938,Bordeaux,36819.47,EMP
2695,Marie,Girard,77093733009270,Bordeaux,32282.11,EMP
2696,Lucas,Lefebvre,31045160845478,Lyon,81997.48,EMP
2697,Marie,Martin,70622108447606,Lyon,69632.74,EMP
2698,Lucas,Girard,94659362376495,Marseille,20390.93,EMP
2699,Nicolas,Girard,31566676435572,Lyon,40875.21,EMP
2700,Marie,Laurent,22966132029637,Lille,85052.28,EMP
2701,Jean,Dupont,21376493103953,Marseille,23203.67,EMP
2702,Marie,Dupont,85172941094175,Nantes,88100.29,EMP
2703,Thomas,Girard,27665151931551,Lyon,80351.02,EMP
2704,Chloé,Girard,67533239746428,Lyon,76517.47,EMP
2705,Thomas,Girard,30868838188511,Paris,30204.34,EMP
2706,Jean,Lefebvre,25784759392910,Bordeaux,26030.94,EMP
2707,Marie,Lefebvre,45129751959309,Paris,41661.56,EMP
2708,Lucas,Girard,23840158568027,Paris,56525.94,EMP
2709,Lucas,Moreau,53420530068186,Lille,83208.25,EMP
2710,Nicolas,Laurent,74528481713528,Lyon,58077.74,EMP
2711,Lucas,Girard,62936233750705,Nantes,22629.06,EMP
2712,Chloé,Moreau,41098875528680,Nantes,58808.09,EMP
2713,Nicolas,Lefebvre,69789968225552,Bordeaux,51261.68,EMP
2714,Lucas,Girard,40279696183954,Nantes,17941.92,EMP
2715,Marie,Moreau,93854199998012,Marseille,88663.14,EMP
2716,Jean,Laurent,54285392337386,Marseille,63586.66,EMP
2717,Thomas,Lefebvre,19503078722945,Bordeaux,87644.03,EMP
2718,Camille,Moreau,73443256271013,Nantes,38814.08,EMP
2719,Marie,Girard,19812117369311,Marseille,20225.93,EMP
2720,Marie,Martin,17680352470372,Marseille,66540.23,EMP
2721,Camille,Dupont,89804324754389,Bordeaux,25467.24,EMP
2722,Nicolas,Moreau,42508478090918,Bordeaux,87213.62,EMP
2723,Thomas,Lefebvre,69261645384884,Paris,82698.08,EMP
2724,Jean,Dupont,62654203518923,Lille,53942.44,EMP
2725,Nicolas,Laurent,66066406569844,Marseille,84674.16,EMP
2726,Nicolas,Dupont,28708686479900,Paris,74360.23,EMP
2727,Jean,Moreau,26806592313064,Marseille,21509.11,EMP
2728,Jean,Dupont,38095170841052,Bordeaux,86696.06,EMP
2729,Chloé,Moreau,61845378026912,Lille,81684.90,EMP
2730,Nicolas,Dupont,89713612351678,Paris,53540.78,EMP
2731,Jean,Girard,70112496075180,Bordeaux,42426.01,EMP
2732,Camille,Dupont,81004493678346,Nantes,28341.86,EMP
2733,Marie,Girard,24345804148924,Lille,33005.33,EMP
2734,Camille,Laurent,52579596788386,Marseille,64719.02,EMP
2735,Chloé,Moreau,92153289314893,Lille,88272.18,EMP
2736,Marie,Moreau,95257224952821,Bordeaux,43978.36,EMP
2737,Thomas,Moreau,66071729986785,Marseille,63403.23,EMP
2738,Camille,Dupont,27069659534896,Bordeaux,86741.69,EMP
2739,Jean,Dupont,54811331089948,Nantes,25669.96,EMP
2740,Chloé,Laurent,21069349217632,Lille,29909.47,EMP
2741,Chloé,Girard,14224540929820,Bordeaux,29094.42,EMP
2742,Camille,Girard,24805951359859,Paris,69041.53,EMP
2743,Marie,Martin,86065225067951,Marseille,77457.45,EMP
2744,Lucas,Martin,25454876729570,Lyon,56611.80,EMP
2745,Camille,Moreau,26828706627407,Bordeaux,79281.15,EMP
2746,Thomas,Lefebvre,43363240427333,Bordeaux,46713.11,EMP
2747,Lucas,Laurent,92891389159822,Paris,68008.64,EMP
2748,Chloé,Dupont,83018161349542,Lyon,62076.52,EMP
2749,Jean,Moreau,66079352119434,Lille,44884.24,EMP
2750,Lucas,Laurent,34878017027184,Bordeaux,36033.75,EMP
2751,Lucas,Moreau,84257216143502,Paris,58692.35,EMP
2752,Jean,Dupont,22664674625046,Nantes,68668.88,EMP
2753,Thomas,Dupont,38692468429369,Lyon,20782.35,EMP
2754,Thomas,Moreau,54230639925171,Lille,63092.94,EMP
2755,Nicolas,Martin,71887859528359,Lyon,71672.04,EMP
2756,Camille,Girard,59003301433451,Lille,76981.10,EMP
2757,Jean,Laurent,98662224060932,Nantes,79623.40,EMP
2758,Chloé,Moreau,65486148325799,Nantes,64775.03,EMP
2759,Thomas,Dupont,88825277422302,Marseille,40281.54,EMP
2760,Thomas,Martin,26607950331291,Nantes,43491.47,EMP
2761,Camille,Laurent,64265908608012,Lyon,70510.85,EMP
2762,Jean,Martin,50929868051934,Lille,15261.07,EMP
2763,Chloé,Lefebvre,13938474577657,Lyon,25350.13,EMP
2764,Jean,Martin,26005454323935,Lille,29179.90,EMP
2765,Camille,Lefebvre,60245512926751,Nantes,61904.79,EMP
2766,Lucas,Moreau,36620974700333,Lille,64051.63,EMP
2767,Marie,Martin,25691975216399,Marseille,22662.19,EMP
2768,Thomas,Moreau,31673170772750,Bordeaux,69064.29,EMP
2769,Jean,Girard,43050863430357,Paris,46379.83,EMP
2770,Nicolas,Dupont,82836182232277,Lyon,36037.74,EMP
2771,Marie,Girard,18133307636947,Marseille,78503.24,EMP
2772,Thomas,Moreau,85395681458790,Marseille,84712.81,EMP
2773,Nicolas,Laurent,35214650316698,Bordeaux,53808.93,EMP
2774,Chloé,Martin,39048682011167,Lille,84974.94,EMP
2775,Chloé,Moreau,55467214351906,Nantes,75138.40,EMP
2776,Nicolas,Lefebvre,45678067427893,Paris,19855.46,EMP
2777,Nicolas,Dupont,91074136809987,Bordeaux,84204.55,EMP
2778,Lucas,Moreau,29005854365588,Bordeaux,81422.59,EMP
2779,Chloé,Dupont,71251303791637,Bordeaux,36083.89,EMP
2780,Chloé,Lefebvre,98821222095000,Bordeaux,40162.49,EMP
2781,Thomas,Girard,77542466400303,Nantes,85495.48,EMP
2782,Chloé,Lefebvre,79050337216452,Nantes,18537.89,EMP
2783,Camille,Martin,45256765296150,Lille,32618.13,EMP
2784,Jean,Girard,11797523861073,Lille,55094.28,EMP
2785,Nicolas,Girard,51662277612936,Lyon,73788.25,EMP
2786,Marie,Moreau,70867585506428,Bordeaux,88561.40,EMP
2787,Marie,Laurent,18803328880737,Paris,48347.43,EMP
2788,Chloé,Martin,71634057427750,Marseille,89924.57,EMP
2789,Thomas,Dupont,80077988556678,Lille,58343.77,EMP
2790,Marie,Girard,55584323315954,Bordeaux,62113.38,EMP
2791,Chloé,Laurent,44270839861002,Lille,51055.54,EMP
2792,Chloé,Moreau,49711877718321,Nantes,84683.37,EMP
2793,Marie,Laurent,41784781535507,Nantes,36460.03,EMP
2794,Camille,Dupont,79904333650068,Lille,59550.38,EMP
2795,Lucas,Martin,73378398126797,Lyon,64798.08,EMP
2796,Jean,Moreau,45920781992038,Lille,58291.08,EMP
2797,Thomas,Lefebvre,39050720723375,Lyon,46778.25,EMP
2798,Lucas,Lefebvre,87539308704144,Paris,81213.71,EMP
2799,Camille,Laurent,88341290649488,Nantes,45953.37,EMP
2800,Marie,Laurent,98300746364887,Paris,74403.73,EMP
2801,Marie,Moreau,50680718229456,Marseille,88427.02,EMP
2802,Lucas,Laurent,70859450686234,Bordeaux,85051.64,EMP
2803,Camille,Moreau,28471639301514,Paris,58475.52,EMP
2804,Jean,Martin,43354305032835,Paris,53638.78,EMP
2805,Chloé,Dupont,65864898092390,Marseille,52913.80,EMP
2806,Camille,Laurent,32362865191623,Lyon,50877.49,EMP
2807,Thomas,Dupont,33560143267212,Lille,38931.38,EMP
2808,Jean,Dupont,49250438985989,Lyon,33987.00,EMP
2809,Lucas,Martin,98232464259077,Marseille,34015.60,EMP
2810,Jean,Laurent,96873160649745,Paris,40061.82,EMP
2811,Lucas,Girard,86463356088630,Paris,89077.64,EMP
2812,Camille,Martin,29467773441679,Marseille,34001.23,EMP
2813,Jean,Moreau,59788853734121,Nantes,51035.54,EMP
2814,Thomas,Dupont,73723721347113,Marseille,79440.36,EMP
2815,Camille,Dupont,16871587677583,Bordeaux,25872.39,EMP
2816,Marie,Girard,38597432216585,Marseille,41889.62,EMP
2817,Nicolas,Martin,97821020560430,Bordeaux,32123.17,EMP
2818,Thomas,Dupont,49250405062395,Marseille,39470.32,EMP
2819,Jean,Girard,52231986372368,Nantes,38329.97,EMP
2820,Camille,Lefebvre,52723528876019,Lille,41466.66,EMP
2821,Thomas,Moreau,62178552810134,Bordeaux,57228.70,EMP
2822,Nicolas,Laurent,96404860655233,Marseille,58880.67,EMP
2823,Nicolas,Dupont,10526502575446,Paris,84898.24,EMP
2824,Thomas,Girard,77138062326245,Bordeaux,82909.76,EMP
2825,Nicolas,Moreau,31889237975438,Nantes,78493.88,EMP
2826,Lucas,Moreau,95407460844347,Marseille,67631.38,EMP
2827,Nicolas,Laurent,37452475477948,Paris,83278.08,EMP
2828,Jean,Girard,29303821801421,Marseille,54561.21,EMP
2829,Chloé,Moreau,19180438065442,Bordeaux,25507.05,EMP
2830,Lucas,Moreau,44059198102829,Lyon,73363.71,EMP
2831,Chloé,Laurent,66241122776091,Marseille,55905.89,EMP
2832,Camille,Martin,81479185836778,Bordeaux,20804.59,EMP
2833,Lucas,Girard,91460574497039,Paris,53820.42,EMP
2834,Thomas,Lefebvre,83916588988418,Paris,26790.28,EMP
2835,Jean,Laurent,46152607157988,Bordeaux,28454.61,EMP
2836,Jean,Girard,61142968473897,Bordeaux,72567.82,EMP
2837,Jean,Moreau,19331318930326,Lille,40267.21,EMP
2838,Thomas,Lefebvre,60193402067466,Bordeaux,18404.85,EMP
2839,Jean,Moreau,91117568252382,Lille,27762.90,EMP
2840,Camille,Moreau,96533087981864,Nantes,17840.72,EMP
2841,Marie,Laurent,57833504571000,Marseille,54706.83,EMP
2842,Jean,Moreau,61302831635115,Paris,28892.95,EMP
2843,Camille,Girard,22094460829811,Paris,35049.31,EMP
2844,Nicolas,Moreau,67567257062695,Paris,36513.83,EMP
2845,Camille,Girard,53155560577689,Bordeaux,83189.13,EMP
2846,Jean,Moreau,25486871187199,Lille,68876.99,EMP
2847,Marie,Lefebvre,87974109827455,Paris,76800.38,EMP
2848,Nicolas,Moreau,92287864479114,Bordeaux,80951.71,EMP
2849,Camille,Martin,72789913889258,Bordeaux,38595.92,EMP
2850,Lucas,Dupont,17628399109575,Bordeaux,66165.15,EMP
2851,Chloé,Martin,94447385038341,Lyon,70454.93,EMP
2852,Jean,Moreau,93699608578114,Bordeaux,39678.79,EMP
2853,Lucas,Lefebvre,89316394903900,Lyon,31859.33,EMP
2854,Lucas,Girard,43848071406446,Paris,48463.81,EMP
2855,Thomas,Laurent,44530023550423,Bordeaux,60155.66,EMP
2856,Jean,Lefebvre,72628553638468,Paris,60019.53,EMP
2857,Jean,Lefebvre,88631192218185,Paris,82498.80,EMP
2858,Lucas,Martin,17186325392421,Nantes,40129.17,EMP
2859,Jean,Laurent,24586828184220,Paris,65620.83,EMP
2860,Lucas,Dupont,53719342980729,Lille,35675.60,EMP
2861,Lucas,Lefebvre,73141551895564,Lyon,66323.96,EMP
2862,Lucas,Lefebvre,24853974994464,Bordeaux,53535.88,EMP
2863,Lucas,Laurent,36109034554473,Marseille,58464.98,EMP
2864,Jean,Martin,92360521123184,Lyon,73229.23,EMP
2865,Lucas,Laurent,26806666602058,Lyon,35198.89,EMP
2866,Nicolas,Laurent,97430929609120,Nantes,57111.06,EMP
2867,Marie,Dupont,97721613741225,Marseille,48139.35,EMP
2868,Camille,Martin,52386275888168,Nantes,79735.13,EMP
2869,Chloé,Dupont,63108792908996,Bordeaux,55824.90,EMP
2870,Camille,Martin,17075548557288,Bordeaux,89131.31,EMP
2871,Marie,Martin,91637949265935,Lyon,15604.98,EMP
2872,Chloé,Martin,27422214391647,Marseille,21504.04,EMP
2873,Chloé,Moreau,25963409781423,Lille,89242.09,EMP
2874,Marie,Martin,22753936948055,Lyon,54383.03,EMP
2875,Jean,Moreau,80266643282160,Marseille,41145.37,EMP
2876,Marie,Moreau,13823755550571,Lyon,43976.47,EMP
2877,Camille,Girard,97940162694599,Bordeaux,54605.69,EMP
2878,Camille,Martin,27119808547679,Marseille,60972.88,EMP
2879,Thomas,Martin,45491429077138,Paris,77774.34,EMP
2880,Lucas,Laurent,94419747889735,Lyon,20414.10,EMP
2881,Lucas,Martin,54078891869474,Paris,52947.12,EMP
2882,Lucas,Girard,64859516480501,Paris,17948.63,EMP
2883,Jean,Martin,57463802983472,Paris,48683.52,EMP
2884,Camille,Girard,52745491634912,Nantes,20304.84,EMP
2885,Chloé,Girard,23953370522296,Lyon,32038.83,EMP
2886,Camille,Girard,53360221257684,Bordeaux,20838.19,EMP
2887,Nicolas,Moreau,93872867135879,Marseille,84506.36,EMP
2888,Thomas,Dupont,77964004124670,Nantes,53061.81,EMP
2889,Thomas,Dupont,84486875075620,Nantes,87387.90,EMP
2890,Lucas,Martin,55184336369884,Marseille,16406.49,EMP
2891,Camille,Dupont,14966625374232,Lyon,15034.98,EMP
2892,Chloé,Dupont,84226355070111,Paris,78826.72,EMP
2893,Lucas,Martin,14741942915197,Lille,76101.77,EMP
2894,Jean,Martin,58112293040775,Paris,80733.46,EMP
2895,Chloé,Dupont,36914310290492,Lyon,36258.91,EMP
2896,Jean,Lefebvre,91806445050333,Bordeaux,62399.93,EMP
2897,Nicolas,Moreau,77614205622981,Marseille,66291.75,EMP
2898,Jean,Laurent,91691925544348,Paris,56037.70,EMP
2899,Thomas,Martin,54391440370059,Bordeaux,19179.72,EMP
2900,Jean,Girard,72124247961160,Bordeaux,81413.68,EMP
2901,Camille,Girard,48644964543845,Lille,63603.22,EMP
2902,Nicolas,Dupont,70032793410226,Lille,69070.62,EMP
2903,Thomas,Laurent,82125383512368,Bordeaux,28611.00,EMP
2904,Jean,Laurent,76592484545019,Lyon,42851.21,EMP
2905,Jean,Moreau,53017746094237,Marseille,25505.36,EMP
2906,Jean,Lefebvre,86515170917311,Marseille,16051.80,EMP
2907,Chloé,Dupont,77476706413104,Bordeaux,52735.27,EMP
2908,Marie,Moreau,96456745654512,Bordeaux,68258.51,EMP
2909,Chloé,Laurent,70174564797033,Marseille,44246.76,EMP
2910,Marie,Dupont,73655525506416,Marseille,75097.31,EMP
2911,Marie,Lefebvre,47244219253536,Nantes,27659.31,EMP
2912,Jean,Laurent,87246629046165,Marseille,52903.48,EMP
2913,Thomas,Moreau,74209299296598,Lyon,76007.41,EMP
2914,Jean,Dupont,87880857869454,Lille,73718.36,EMP
2915,Thomas,Dupont,69517109065523,Lille,89743.31,EMP
2916,Camille,Moreau,27402898377725,Marseille,42793.75,EMP
2917,Marie,Moreau,21121979570467,Lille,62504.21,EMP
2918,Lucas,Martin,19669055395389,Lille,38541.90,EMP
2919,Nicolas,Moreau,89054928851182,Lyon,36133.86,EMP
2920,Lucas,Moreau,54055024644626,Lille,70349.74,EMP
2921,Nicolas,Girard,28461198910151,Nantes,59790.41,EMP
2922,Chloé,Girard,26185482416030,Nantes,22635.13,EMP
2923,Chloé,Lefebvre,68616771455825,Lyon,30385.71,EMP
2924,Jean,Lefebvre,67770427264050,Nantes,26797.46,EMP
2925,Camille,Lefebvre,56239721497758,Lille,64198.25,EMP
2926,Camille,Moreau,32297923496478,Lille,44999.44,EMP
2927,Jean,Dupont,88356102878240,Lille,36644.56,EMP
2928,Jean,Girard,52307388678903,Marseille,22696.01,EMP
2929,Lucas,Dupont,90526587721627,Lille,64191.45,EMP
2930,Jean,Martin,12966176697686,Lyon,81180.35,EMP
2931,Jean,Martin,27734148159992,Lille,71898.73,EMP
2932,Jean,Laurent,80516950947105,Lille,46764.96,EMP
2933,Chloé,Dupont,29991906487419,Lyon,62539.27,EMP
2934,Nicolas,Girard,30098927589996,Marseille,17501.11,EMP
2935,Marie,Dupont,31004945313817,Bordeaux,44320.94,EMP
2936,Thomas,Girard,27124926096400,Bordeaux,61250.81,EMP
2937,Nicolas,Moreau,17918717822518,Lille,16243.58,EMP
2938,Camille,Laurent,72221236925381,Bordeaux,68194.33,EMP
2939,Jean,Girard,79551822308637,Lille,30830.72,EMP
2940,Camille,Dupont,52722909923648,Lyon,43320.78,EMP
2941,Camille,Lefebvre,10219879060239,Paris,70623.08,EMP
2942,Lucas,Martin,14236951258738,Lyon,61281.95,EMP
2943,Camille,Lefebvre,92770386358872,Paris,59360.00,EMP
2944,Chloé,Girard,46984235507007,Marseille,47397.76,EMP
2945,Lucas,Girard,83119762561610,Nantes,41644.92,EMP
2946,Thomas,Girard,22639264130440,Nantes,36546.79,EMP
2947,Camille,Girard,62346172534684,Paris,49021.98,EMP
2948,Nicolas,Girard,66719336771291,Nantes,16263.38,EMP
2949,Camille,Martin,18865474509063,Paris,65165.64,EMP
2950,Thomas,Laurent,43045135193659,Paris,85032.44,EMP
2951,Chloé,Lefebvre,99440602698251,Nantes,29874.13,EMP
2952,Jean,Moreau,32242026697632,Lyon,88659.42,EMP
2953,Jean,Martin,11621346244661,Lyon,16084.82,EMP
2954,Marie,Girard,94323454477455,Marseille,87834.03,EMP
2955,Camille,Laurent,50311655184073,Nantes,76925.93,EMP
2956,Thomas,Dupont,81837432389169,Paris,52196.06,EMP
2957,Camille,Girard,49331567373440,Bordeaux,59293.73,EMP
2958,Marie,Dupont,19118228282006,Nantes,24164.00,EMP
2959,Camille,Martin,95080313181331,Paris,77649.24,EMP
2960,Camille,Dupont,65254858267214,Marseille,55143.82,EMP
2961,Jean,Moreau,99847840788252,Lille,34046.36,EMP
2962,Camille,Laurent,70446149740980,Marseille,38172.44,EMP
2963,Lucas,Martin,71904864356923,Lille,50449.01,EMP
2964,Lucas,Martin,70933160578584,Marseille,65930.11,EMP
2965,Nicolas,Moreau,76683482026657,Nantes,24251.01,EMP
2966,Chloé,Girard,58859270377415,Lille,45388.17,EMP
2967,Marie,Dupont,37931405580553,Marseille,60013.06,EMP
2968,Nicolas,Girard,21076991863896,Bordeaux,83906.04,EMP
2969,Jean,Girard,48433401696671,Marseille,72965.19,EMP
2970,Camille,Laurent,25345365929498,Paris,43197.31,EMP
2971,Camille,Martin,97356319012969,Bordeaux,59195.87,EMP
2972,Lucas,Lefebvre,62561785123200,Paris,48189.58,EMP
2973,Jean,Martin,15854313298665,Lyon,25042.31,EMP
2974,Nicolas,Moreau,28033306815833,Marseille,84409.44,EMP
2975,Chloé,Moreau,74498974268984,Lyon,87612.12,EMP
2976,Chloé,Moreau,37744742183368,Lyon,61370.98,EMP
2977,Jean,Moreau,89219728415665,Nantes,65595.41,EMP
2978,Thomas,Girard,99870350995830,Lyon,31185.22,EMP
2979,Jean,Moreau,36226457370022,Nantes,61934.45,EMP
2980,Lucas,Martin,26883037740969,Marseille,21776.95,EMP
2981,Thomas,Martin,91643980719993,Lyon,76088.44,EMP
2982,Jean,Dupont,20218051453766,Lille,89540.15,EMP
2983,Thomas,Martin,62312507015912,Lille,54317.49,EMP
2984,Nicolas,Dupont,10736630915199,Bordeaux,18823.04,EMP
2985,Chloé,Dupont,37196286046462,Nantes,74690.39,EMP
2986,Thomas,Martin,38526769973822,Nantes,35382.48,EMP
2987,Marie,Martin,65943181406498,Bordeaux,84660.19,EMP
2988,Thomas,Moreau,18762567938628,Lille,42304.49,EMP
2989,Camille,Laurent,13492316373007,Bordeaux,50258.86,EMP
2990,Camille,Moreau,55315217299006,Lyon,33124.46,EMP
2991,Marie,Laurent,39902622489484,Paris,83531.48,EMP
2992,Camille,Girard,21889522794437,Lyon,39399.99,EMP
2993,Thomas,Dupont,35068737396762,Paris,48137.24,EMP
2994,Marie,Lefebvre,89768925657416,Lyon,37052.48,EMP
2995,Lucas,Lefebvre,96157046664116,Lille,56148.61,EMP
2996,Lucas,Lefebvre,33382626477836,Marseille,24967.63,EMP
2997,Lucas,Dupont,29812084585709,Lille,16708.69,EMP
2998,Nicolas,Laurent,40327812054959,Paris,70430.63,EMP
2999,Thomas,Moreau,80965344135038,Marseille,32852.35,EMP
3000,Thomas,Laurent,29052719150952,Lyon,25679.50,EMP
3001,Jean,Moreau,21691384102222,Nantes,58210.92,EMP
3002,Jean,Moreau,31374465263134,Marseille,15751.31,EMP
3003,Nicolas,Dupont,83894204367606,Nantes,36967.73,EMP
3004,Marie,Girard,71884472647239,Paris,30247.53,EMP
3005,Marie,Lefebvre,45475463869179,Paris,73868.22,EMP
3006,Chloé,Dupont,75767035441553,Nantes,77595.31,EMP
3007,Nicolas,Girard,26446880646616,Paris,30811.44,EMP
3008,Lucas,Moreau,85331268427936,Marseille,51041.49,EMP
3009,Camille,Lefebvre,69532799599406,Paris,62684.11,EMP
3010,Lucas,Dupont,68672596832361,Lille,20939.54,EMP
3011,Thomas,Lefebvre,27695997149497,Paris,28312.12,EMP
3012,Thomas,Martin,58081397373775,Lyon,51052.41,EMP
3013,Marie,Girard,60928500614170,Lille,81701.54,EMP
3014,Chloé,Girard,46824259134549,Bordeaux,34014.49,EMP
3015,Nicolas,Girard,80403204280612,Nantes,26243.48,EMP
3016,Camille,Lefebvre,60248697257682,Lyon,22288.37,EMP
3017,Marie,Girard,28719779232061,Lyon,39926.01,EMP
3018,Camille,Girard,40124343707947,Bordeaux,30008.76,EMP
3019,Camille,Lefebvre,55914347705331,Marseille,79418.27,EMP
3020,Nicolas,Dupont,81146580017920,Marseille,31936.72,EMP
3021,Camille,Moreau,36015633972340,Nantes,83410.68,EMP
3022,Lucas,Girard,26233906887349,Nantes,33287.19,EMP
3023,Lucas,Laurent,20079512734425,Lyon,72583.87,EMP
3024,Jean,Moreau,65731917901141,Lyon,29674.65,EMP
3025,Thomas,Lefebvre,23094827047686,Bordeaux,47954.94,EMP
3026,Nicolas,Girard,83258521518943,Lille,86742.75,EMP
3027,Thomas,Dupont,45806400756248,Nantes,41041.48,EMP
3028,Camille,Lefebvre,41434664573863,Paris,58613.09,EMP
3029,Camille,Dupont,85330277866122,Paris,88509.64,EMP
3030,Nicolas,Laurent,56631728605419,Bordeaux,85116.95,EMP
3031,Thomas,Girard,92649211074745,Lille,71426.57,EMP
3032,Jean,Moreau,27233932417208,Marseille,57050.93,EMP
3033,Thomas,Moreau,84083414944473,Bordeaux,63222.08,EMP
3034,Marie,Dupont,88197285248644,Bordeaux,35366.93,EMP
3035,Chloé,Laurent,42686878491708,Paris,24069.75,EMP
3036,Camille,Dupont,59277781615558,Paris,19177.31,EMP
3037,Thomas,Moreau,18567250771797,Lyon,24287.67,EMP
3038,Nicolas,Laurent,81374760950401,Paris,57052.02,EMP
3039,Camille,Girard,16133372392194,Marseille,42519.58,EMP
3040,Jean,Laurent,52973209290592,Marseille,40974.70,EMP
3041,Nicolas,Lefebvre,66497270117805,Marseille,25189.29,EMP
3042,Marie,Martin,21861563748070,Lille,38706.54,EMP
3043,Marie,Laurent,89971651798743,Paris,35568.93,EMP
3044,Marie,Martin,61780396217848,Lille,19633.21,EMP
3045,Chloé,Lefebvre,28152140960559,Marseille,35950.57,EMP
3046,Camille,Martin,68267186405995,Nantes,45191.07,EMP
3047,Nicolas,Moreau,73930535420418,Nantes,76587.43,EMP
3048,Lucas,Lefebvre,28490887361392,Lyon,68417.12,EMP
3049,Thomas,Girard,67598788003952,Lille,18597.08,EMP
3050,Thomas,Lefebvre,10994207718583,Nantes,60147.54,EMP
3051,Jean,Lefebvre,32512871607056,Lille,69517.89,EMP
3052,Camille,Martin,73488751148723,Marseille,65909.39,EMP
3053,Marie,Martin,18354538012989,Lyon,39330.51,EMP
3054,Jean,Lefebvre,18741285174591,Paris,83453.63,EMP
3055,Chloé,Moreau,25880043835974,Nantes,79312.60,EMP
3056,Lucas,Martin,83067252535109,Paris,79541.86,EMP
3057,Jean,Dupont,34661838723215,Paris,28482.42,EMP
3058,Lucas,Dupont,76441515180706,Marseille,20423.91,EMP
3059,Marie,Martin,97231297203291,Marseille,33664.56,EMP
3060,Jean,Moreau,20061926689412,Lille,42543.57,EMP
3061,Camille,Moreau,63496892528377,Lille,19860.39,EMP
3062,Chloé,Laurent,76135013737847,Bordeaux,18548.46,EMP
3063,Marie,Dupont,72528283546764,Bordeaux,67049.19,EMP
3064,Marie,Dupont,25263014445142,Paris,37754.84,EMP
3065,Jean,Laurent,48805143174699,Bordeaux,56381.98,EMP
3066,Nicolas,Dupont,35323319068999,Lyon,56302.39,EMP
3067,Nicolas,Girard,64906777356890,Nantes,23400.12,EMP
3068,Jean,Moreau,52481915158771,Bordeaux,88554.60,EMP
3069,Thomas,Moreau,86547062742528,Bordeaux,18605.86,EMP
3070,Chloé,Girard,61275085329029,Paris,69613.96,EMP
3071,Camille,Dupont,68254472663050,Lille,34530.84,EMP
3072,Nicolas,Girard,73194562524855,Bordeaux,81192.35,EMP
3073,Thomas,Martin,93620439012236,Marseille,61079.64,EMP
3074,Chloé,Lefebvre,71825627619297,Paris,82349.56,EMP
3075,Thomas,Laurent,95924352794244,Lyon,61096.83,EMP
3076,Chloé,Martin,17156562995077,Paris,60331.38,EMP
3077,Marie,Lefebvre,25823665247615,Lyon,67056.24,EMP
3078,Thomas,Laurent,56620515686011,Nantes,71532.57,EMP
3079,Thomas,Laurent,69446168455756,Marseille,58028.71,EMP
3080,Camille,Lefebvre,48783300028931,Nantes,20950.32,EMP
3081,Jean,Lefebvre,63448070925449,Paris,88876.77,EMP
3082,Nicolas,Dupont,10064678641241,Nantes,85342.20,EMP
3083,Nicolas,Girard,95226246979682,Bordeaux,34583.02,EMP
3084,Chloé,Moreau,78265001735323,Lille,70923.39,EMP
3085,Lucas,Girard,18609694560285,Lyon,18685.23,EMP
3086,Jean,Moreau,64777771458080,Lille,58686.51,EMP
3087,Marie,Girard,10272731756177,Bordeaux,46268.16,EMP
3088,Chloé,Martin,39480993735741,Paris,60046.68,EMP
3089,Lucas,Girard,69598806329069,Marseille,31806.01,EMP
3090,Lucas,Lefebvre,93432016580848,Nantes,30860.75,EMP
3091,Marie,Laurent,87506143316169,Bordeaux,37763.01,EMP
3092,Lucas,Girard,75029302110186,Bordeaux,46337.97,EMP
3093,Nicolas,Laurent,72644708830169,Lyon,77828.73,EMP
3094,Nicolas,Martin,25917736190775,Bordeaux,67209.05,EMP
3095,Jean,Dupont,70460765628125,Lille,78999.68,EMP
3096,Jean,Dupont,78242877068471,Paris,73550.67,EMP
3097,Lucas,Lefebvre,99035359085146,Bordeaux,87495.13,EMP
3098,Jean,Laurent,84628555702009,Bordeaux,86664.12,EMP
3099,Camille,Dupont,32828240618925,Paris,32130.01,EMP
3100,Nicolas,Martin,42101065467797,Nantes,18159.41,EMP
3101,Thomas,Martin,36965169454081,Nantes,76092.83,EMP
3102,Chloé,Lefebvre,83680653195219,Nantes,49341.34,EMP
3103,Thomas,Dupont,26012119438599,Bordeaux,75711.73,EMP
3104,Jean,Dupont,51469891920499,Bordeaux,47921.20,EMP
3105,Lucas,Martin,32999448964348,Lille,69324.44,EMP
3106,Lucas,Martin,73108296633540,Paris,45184.57,EMP
3107,Thomas,Moreau,53092782186079,Lille,24931.10,EMP
3108,Chloé,Girard,94469421231331,Paris,65009.23,EMP
3109,Marie,Girard,26622336736156,Lyon,61212.05,EMP
3110,Jean,Moreau,18228798278279,Lille,18357.34,EMP
3111,Thomas,Girard,44493304458905,Lyon,42701.53,EMP
3112,Chloé,Martin,93279621380038,Paris,15827.70,EMP
3113,Nicolas,Lefebvre,96573621261498,Nantes,71874.33,EMP
3114,Nicolas,Lefebvre,97137179243383,Lille,28807.38,EMP
3115,Camille,Lefebvre,55575211495355,Lille,44326.28,EMP
3116,Camille,Martin,84216970618032,Nantes,54419.22,EMP
3117,Thomas,Girard,36541642710065,Lyon,65408.54,EMP
3118,Jean,Moreau,93553991703975,Paris,47682.97,EMP
3119,Thomas,Moreau,95554068649893,Lille,75438.66,EMP
3120,Thomas,Martin,25542331892138,Lille,86388.54,EMP
3121,Nicolas,Dupont,73653475202332,Paris,21171.56,EMP
3122,Marie,Moreau,11650024691183,Lyon,31188.18,EMP
3123,Jean,Lefebvre,72941187097527,Lille,62215.55,EMP
3124,Thomas,Lefebvre,73652025200863,Paris,89694.59,EMP
3125,Marie,Moreau,54704953895825,Marseille,47280.16,EMP
3126,Thomas,Dupont,17791243986417,Marseille,64935.25,EMP
3127,Chloé,Laurent,39310341402836,Lyon,15296.56,EMP
3128,Nicolas,Lefebvre,69789277699952,Lille,72277.19,EMP
3129,Marie,Moreau,51425382027095,Lille,35241.91,EMP
3130,Nicolas,Dupont,10484647484773,Lyon,77999.97,EMP
3131,Chloé,Moreau,33860396268167,Lille,47296.35,EMP
3132,Camille,Moreau,98705875454475,Nantes,49819.71,EMP
3133,Thomas,Girard,63081844979429,Lille,66668.82,EMP
3134,Jean,Lefebvre,97781544408176,Lyon,26160.09,EMP
3135,Camille,Lefebvre,74408990184960,Marseille,64821.13,EMP
3136,Jean,Moreau,83247382582549,Paris,37717.62,EMP
3137,Thomas,Girard,40658353306197,Lyon,19650.15,EMP
3138,Nicolas,Martin,40258626232770,Lyon,59715.49,EMP
3139,Camille,Dupont,60194267830744,Nantes,45214.43,EMP
3140,Lucas,Lefebvre,79250321333629,Lille,55679.84,EMP
3141,Jean,Laurent,79224141755998,Lyon,24592.48,EMP
3142,Lucas,Martin,66343863167605,Lyon,51876.95,EMP
3143,Jean,Laurent,61159201970560,Nantes,72392.33,EMP
3144,Thomas,Moreau,98984912620737,Bordeaux,38597.11,EMP
3145,Nicolas,Laurent,22484145806614,Marseille,59435.21,EMP
3146,Thomas,Moreau,24051551611130,Lyon,27883.36,EMP
3147,Camille,Laurent,11008888161424,Marseille,76323.26,EMP
3148,Camille,Laurent,18033252827863,Bordeaux,86052.41,EMP
3149,Thomas,Girard,58765686898578,Nantes,33922.52,EMP
3150,Lucas,Martin,79092747132008,Nantes,58398.33,EMP
3151,Chloé,Dupont,41734258590073,Bordeaux,39131.62,EMP
3152,Nicolas,Moreau,77122355786178,Paris,83302.65,EMP
3153,Thomas,Girard,43038912296588,Lyon,71831.33,EMP
3154,Camille,Dupont,87353548023542,Paris,76136.41,EMP
3155,Camille,Moreau,10142262076520,Lille,35501.24,EMP
3156,Thomas,Martin,20311239828219,Lille,38263.38,EMP
3157,Chloé,Girard,25971188692621,Marseille,70719.81,EMP
3158,Nicolas,Moreau,34052290832780,Paris,79367.95,EMP
3159,Chloé,Lefebvre,94207316237106,Nantes,41627.40,EMP
3160,Jean,Dupont,44774109551418,Bordeaux,81805.63,EMP
3161,Camille,Dupont,30253992411659,Lille,86500.55,EMP
3162,Marie,Dupont,90663806283464,Lille,79273.48,EMP
3163,Nicolas,Girard,79435354488376,Marseille,39293.24,EMP
3164,Marie,Girard,57336714166646,Bordeaux,55436.16,EMP
3165,Jean,Girard,61384024929753,Lille,43198.07,EMP
3166,Nicolas,Moreau,25703012404546,Marseille,60331.14,EMP
3167,Marie,Laurent,17402463885916,Lille,41425.64,EMP
3168,Chloé,Lefebvre,41527469348431,Paris,71453.24,EMP
3169,Thomas,Laurent,13024033616082,Nantes,89706.89,EMP
3170,Marie,Laurent,52938168608507,Lyon,64847.29,EMP
3171,Jean,Lefebvre,23917802574918,Bordeaux,29867.43,EMP
3172,Lucas,Moreau,72777357211344,Lyon,83767.39,EMP
3173,Marie,Girard,65422241278375,Lyon,27124.14,EMP
3174,Marie,Dupont,64327981036922,Lille,53881.51,EMP
3175,Lucas,Girard,40008159020309,Bordeaux,49628.89,EMP
3176,Lucas,Girard,28347430773637,Nantes,27921.15,EMP
3177,Camille,Laurent,69908441311679,Lille,83059.84,EMP
3178,Camille,Martin,75263038814469,Lyon,27708.05,EMP
3179,Chloé,Martin,45404108579758,Lyon,48804.35,EMP
3180,Chloé,Laurent,54789233103814,Bordeaux,88359.66,EMP
3181,Lucas,Dupont,29608692979143,Lille,67792.83,EMP
3182,Thomas,Moreau,29906500901020,Nantes,21462.46,EMP
3183,Jean,Dupont,89758020290244,Paris,42286.30,EMP
3184,Chloé,Lefebvre,12137938124196,Nantes,33006.72,EMP
3185,Chloé,Lefebvre,97376944698636,Lille,56715.89,EMP
3186,Lucas,Girard,13521368800977,Nantes,19051.72,EMP
3187,Thomas,Lefebvre,44520129331996,Nantes,49811.69,EMP
3188,Nicolas,Moreau,14134709317698,Lille,68925.51,EMP
3189,Chloé,Dupont,84100126824083,Paris,56293.87,EMP
3190,Thomas,Lefebvre,35477866986733,Lille,27263.62,EMP
3191,Chloé,Lefebvre,99988820319580,Marseille,85539.87,EMP
3192,Thomas,Laurent,95510854034478,Lille,20683.91,EMP
3193,Marie,Lefebvre,45644982739861,Lille,43252.68,EMP
3194,Camille,Girard,83318299262892,Bordeaux,57569.10,EMP
3195,Thomas,Girard,59097881131805,Marseille,80067.29,EMP
3196,Camille,Martin,10264630099291,Paris,69839.37,EMP
3197,Jean,Laurent,52825047033879,Lyon,63055.31,EMP
3198,Thomas,Martin,56790101826215,Paris,78701.91,EMP
3199,Marie,Laurent,68389410266427,Lille,68670.90,EMP
3200,Lucas,Dupont,26565373090826,Paris,27202.21,EMP
3201,Nicolas,Martin,60612865718715,Nantes,16400.12,EMP
3202,Jean,Martin,59796852616754,Paris,46657.71,EMP
3203,Chloé,Moreau,24471688219254,Nantes,50255.04,EMP
3204,Camille,Lefebvre,58796630218785,Marseille,55437.27,EMP
3205,Marie,Moreau,58808963369573,Paris,81611.00,EMP
3206,Marie,Dupont,42399179982070,Marseille,20668.23,EMP
3207,Marie,Lefebvre,86646728669789,Lyon,82379.25,EMP
3208,Lucas,Girard,98986849933752,Marseille,40244.38,EMP
3209,Jean,Martin,30930089738685,Paris,60285.63,EMP
3210,Jean,Laurent,72704522618736,Bordeaux,37198.37,EMP
3211,Lucas,Lefebvre,58703835002754,Marseille,75586.99,EMP
3212,Chloé,Moreau,48368904478939,Lille,57573.09,EMP
3213,Chloé,Moreau,74590744990781,Bordeaux,54874.65,EMP
3214,Nicolas,Moreau,48526322735246,Paris,39468.24,EMP
3215,Jean,Martin,65961916795230,Paris,86566.60,EMP
3216,Camille,Martin,30951986153555,Lille,61470.47,EMP
3217,Camille,Lefebvre,77211824816552,Marseille,41246.89,EMP
3218,Jean,Moreau,18926158621406,Lille,35684.37,EMP
3219,Lucas,Martin,95295413245327,Bordeaux,82017.44,EMP
3220,Nicolas,Lefebvre,66277921255706,Paris,82771.54,EMP
3221,Lucas,Laurent,15819194987810,Lille,28409.94,EMP
3222,Thomas,Dupont,33364799677334,Paris,59094.88,EMP
3223,Camille,Martin,16953205250894,Bordeaux,71214.43,EMP
3224,Chloé,Martin,69005968100124,Lyon,59547.64,EMP
3225,Lucas,Dupont,45973871946435,Marseille,47207.71,EMP
3226,Nicolas,Dupont,55683044275892,Lyon,65662.43,EMP
3227,Chloé,Lefebvre,82153753649624,Bordeaux,40230.38,EMP
3228,Chloé,Dupont,56484537134730,Lyon,40170.96,EMP
3229,Jean,Moreau,55226987035141,Bordeaux,18394.28,EMP
3230,Jean,Girard,26067493933690,Paris,47973.94,EMP
3231,Nicolas,Dupont,64725837685590,Nantes,26296.53,EMP
3232,Lucas,Dupont,65119410567062,Paris,88562.83,EMP
3233,Chloé,Dupont,47382389905114,Lille,23856.51,EMP
3234,Camille,Moreau,98357075046738,Marseille,22209.66,EMP
3235,Camille,Dupont,48057037481857,Bordeaux,87370.22,EMP
3236,Jean,Dupont,12153113856439,Marseille,41999.04,EMP
3237,Jean,Lefebvre,15633690536010,Lille,29800.49,EMP
3238,Nicolas,Laurent,66746650378782,Lyon,73989.51,EMP
3239,Nicolas,Moreau,36324878605447,Lille,31392.63,EMP
3240,Thomas,Martin,65499533232730,Nantes,24178.07,EMP
3241,Lucas,Dupont,97775179658632,Marseille,81344.24,EMP
3242,Lucas,Martin,63588915510062,Paris,89607.45,EMP
3243,Marie,Dupont,73463747797763,Lyon,50813.35,EMP
3244,Jean,Lefebvre,59120221402559,Nantes,17404.53,EMP
3245,Nicolas,Laurent,95226515875823,Bordeaux,46846.56,EMP
3246,Chloé,Moreau,75795310795684,Marseille,23751.07,EMP
3247,Chloé,Laurent,68422511114602,Marseille,63322.72,EMP
3248,Nicolas,Lefebvre,60448941027973,Nantes,82215.10,EMP
3249,Chloé,Lefebvre,76479452391452,Nantes,48329.84,EMP
3250,Marie,Martin,78933338102535,Nantes,58010.91,EMP
3251,Thomas,Laurent,16219903898334,Nantes,52772.06,EMP
3252,Thomas,Moreau,98868274854805,Paris,17981.26,EMP
3253,Jean,Moreau,77345818615297,Paris,75927.81,EMP
3254,Jean,Dupont,91212297321796,Bordeaux,20561.26,EMP
3255,Marie,Lefebvre,78380840568372,Bordeaux,43330.20,EMP
3256,Jean,Moreau,48038900355599,Bordeaux,30880.02,EMP
3257,Nicolas,Lefebvre,21267252707762,Lyon,70822.93,EMP
3258,Camille,Laurent,99005898113418,Bordeaux,72130.00,EMP
3259,Marie,Martin,30031067434587,Nantes,57952.44,EMP
3260,Nicolas,Moreau,92977125422602,Marseille,39181.09,EMP
3261,Chloé,Girard,38554468783492,Nantes,30662.70,EMP
3262,Lucas,Moreau,99423537257445,Paris,36051.16,EMP
3263,Marie,Lefebvre,13025688243487,Marseille,25293.19,EMP
3264,Camille,Laurent,19053058224244,Lyon,53570.55,EMP
3265,Thomas,Dupont,94759923227907,Paris,79687.14,EMP
3266,Chloé,Martin,13021752789007,Marseille,63217.45,EMP
3267,Lucas,Martin,17204643144347,Marseille,41258.53,EMP
3268,Jean,Dupont,34875132100787,Lille,62764.38,EMP
3269,Thomas,Lefebvre,27845803310740,Nantes,33875.98,EMP
3270,Nicolas,Girard,26694850342672,Lille,43917.37,EMP
3271,Lucas,Moreau,74621126581241,Lille,30486.26,EMP
3272,Camille,Laurent,59989418498217,Paris,80813.57,EMP
3273,Marie,Laurent,95998600561391,Bordeaux,39000.52,EMP
3274,Thomas,Moreau,89186207804793,Bordeaux,21830.26,EMP
3275,Nicolas,Lefebvre,46205082408133,Lille,57811.81,EMP
3276,Jean,Martin,14496745209724,Paris,18231.32,EMP
3277,Chloé,Dupont,58877323196835,Lille,68732.25,EMP
3278,Jean,Dupont,67972906370914,Nantes,27101.77,EMP
3279,Chloé,Lefebvre,32214535255651,Nantes,28628.08,EMP
3280,Camille,Lefebvre,60459155614725,Lille,25150.86,EMP
3281,Chloé,Martin,44240804116467,Nantes,27888.65,EMP
3282,Nicolas,Lefebvre,15396639191187,Paris,71852.95,EMP
3283,Thomas,Martin,10444102001180,Nantes,64167.20,EMP
3284,Jean,Laurent,92769572993675,Lille,33434.33,EMP
3285,Jean,Moreau,47403911470730,Paris,55565.59,EMP
3286,Nicolas,Girard,34888110402651,Lille,85063.92,EMP
3287,Chloé,Dupont,83515004712663,Paris,24041.50,EMP
3288,Camille,Dupont,93989256275517,Lille,61917.20,EMP
3289,Thomas,Martin,58670901064011,Lille,52567.81,EMP
3290,Nicolas,Girard,18527702637160,Paris,49922.53,EMP
3291,Lucas,Dupont,22843834602219,Paris,68884.38,EMP
3292,Nicolas,Martin,40575123504469,Nantes,76869.35,EMP
3293,Thomas,Moreau,24106739918376,Lille,69790.80,EMP
3294,Chloé,Laurent,42772593143297,Lyon,16877.98,EMP
3295,Camille,Laurent,77699589756460,Lyon,67269.23,EMP
3296,Jean,Dupont,87727516013272,Lille,19114.85,EMP
3297,Marie,Lefebvre,96723584388549,Marseille,30356.96,EMP
3298,Chloé,Martin,48515714052193,Marseille,83510.64,EMP
3299,Nicolas,Moreau,86561073964754,Paris,42129.64,EMP
3300,Lucas,Martin,58734202599142,Paris,21361.09,EMP
3301,Marie,Moreau,30099849830596,Marseille,73874.27,EMP
3302,Jean,Lefebvre,58612516462901,Nantes,49227.36,EMP
3303,Chloé,Martin,15799242080349,Nantes,55112.04,EMP
3304,Thomas,Dupont,69450922769445,Nantes,25434.89,EMP
3305,Chloé,Dupont,40951837210408,Nantes,29913.32,EMP
3306,Marie,Moreau,12093299257050,Bordeaux,29844.07,EMP
3307,Marie,Moreau,18665718268268,Paris,39697.16,EMP
3308,Camille,Lefebvre,95086329037508,Marseille,68585.35,EMP
3309,Jean,Laurent,17602123200439,Lille,23668.14,EMP
3310,Nicolas,Laurent,97750826327013,Nantes,56088.60,EMP
3311,Thomas,Laurent,66717524809494,Bordeaux,59712.30,EMP
3312,Thomas,Lefebvre,54652055049864,Marseille,30609.06,EMP
3313,Nicolas,Girard,72910461444540,Bordeaux,81104.38,EMP
3314,Lucas,Moreau,75619095115252,Lille,40243.20,EMP
3315,Jean,Moreau,18324585928331,Lyon,26009.78,EMP
3316,Thomas,Dupont,41773265293324,Marseille,73120.98,EMP
3317,Nicolas,Martin,59924445626444,Paris,80594.53,EMP
3318,Thomas,Girard,58969861102189,Bordeaux,58956.82,EMP
3319,Thomas,Moreau,79494540693285,Lille,87508.60,EMP
3320,Jean,Lefebvre,68560636388088,Bordeaux,88298.40,EMP
3321,Chloé,Moreau,34695749030378,Lyon,61399.69,EMP
3322,Lucas,Girard,81177731600828,Paris,75296.72,EMP
3323,Thomas,Dupont,11834801840132,Paris,25151.96,EMP
3324,Camille,Lefebvre,86192412888610,Nantes,61338.94,EMP
3325,Jean,Martin,42900914106237,Nantes,70246.81,EMP
3326,Thomas,Dupont,80938503149780,Marseille,27288.58,EMP
3327,Lucas,Martin,71133671385490,Paris,77076.67,EMP
3328,Chloé,Lefebvre,73242652420741,Nantes,47561.52,EMP
3329,Nicolas,Martin,94512838024036,Bordeaux,18954.92,EMP
3330,Nicolas,Lefebvre,96918705987879,Bordeaux,15005.83,EMP
3331,Chloé,Laurent,65614228385508,Lyon,76585.48,EMP
3332,Jean,Lefebvre,89433612529480,Lyon,80377.34,EMP
3333,Thomas,Laurent,62603144345587,Bordeaux,74027.81,EMP
3334,Lucas,Lefebvre,45595682110895,Marseille,78714.13,EMP
3335,Lucas,Dupont,31843022060543,Paris,85753.65,EMP
3336,Thomas,Martin,61697945687319,Lyon,63488.42,EMP
3337,Camille,Girard,23179317527231,Bordeaux,21747.65,EMP
3338,Lucas,Moreau,35061767526017,Paris,23481.84,EMP
3339,Camille,Dupont,74362015968110,Lyon,45399.44,EMP
3340,Jean,Martin,63183983317401,Paris,81575.29,EMP
3341,Lucas,Martin,44813047140574,Paris,15397.59,EMP
3342,Nicolas,Dupont,51358002539152,Paris,76539.27,EMP
3343,Camille,Laurent,52020980138974,Nantes,51478.55,EMP
3344,Marie,Lefebvre,26582038627005,Marseille,38664.69,EMP
3345,Chloé,Lefebvre,43793902157876,Lille,66232.77,EMP
3346,Nicolas,Laurent,64714821693965,Nantes,38759.28,EMP
3347,Jean,Laurent,56443230371438,Marseille,74111.78,EMP
3348,Thomas,Moreau,43052998053814,Nantes,48007.49,EMP
3349,Nicolas,Laurent,63588431970921,Lyon,35281.33,EMP
3350,Lucas,Moreau,75195563469396,Lyon,57422.68,EMP
3351,Nicolas,Lefebvre,19258047092848,Bordeaux,18767.07,EMP
3352,Nicolas,Moreau,90673027313623,Paris,34738.15,EMP
3353,Nicolas,Martin,81406440685197,Lyon,44698.89,EMP
3354,Lucas,Girard,27823498128207,Bordeaux,80505.67,EMP
3355,Thomas,Lefebvre,25938366673479,Nantes,55172.62,EMP
3356,Camille,Girard,21717902796844,Marseille,42300.85,EMP
3357,Camille,Dupont,22275853992827,Lille,77465.82,EMP
3358,Lucas,Moreau,23017799418172,Lille,36014.84,EMP
3359,Lucas,Girard,36228927987276,Paris,55773.31,EMP
3360,Lucas,Laurent,96618384035937,Paris,51679.79,EMP
3361,Jean,Laurent,52558944464891,Paris,15953.39,EMP
3362,Lucas,Laurent,85403520495244,Marseille,61655.62,EMP
3363,Thomas,Lefebvre,16128444793858,Paris,80332.33,EMP
3364,Marie,Laurent,96673236847839,Lyon,50865.21,EMP
3365,Marie,Girard,18648532203236,Marseille,24647.07,EMP
3366,Thomas,Girard,22329402513164,Bordeaux,44663.23,EMP
3367,Marie,Girard,95193991295071,Bordeaux,34767.64,EMP
3368,Camille,Girard,76416433803407,Lille,35769.76,EMP
3369,Thomas,Girard,82042331193053,Marseille,50370.81,EMP
3370,Nicolas,Dupont,48316596978376,Lyon,62916.75,EMP
3371,Camille,Dupont,61775222061363,Nantes,23373.23,EMP
3372,Camille,Dupont,86107720715712,Lille,26709.66,EMP
3373,Lucas,Lefebvre,28082884429657,Marseille,76510.64,EMP
3374,Thomas,Moreau,13045244853726,Lyon,80379.09,EMP
3375,Lucas,Laurent,17987601297784,Nantes,38782.86,EMP
3376,Nicolas,Lefebvre,17571796297019,Lille,43423.81,EMP
3377,Nicolas,Dupont,75025107113605,Bordeaux,15988.82,EMP
3378,Nicolas,Dupont,70129902301305,Bordeaux,30291.20,EMP
3379,Camille,Dupont,96814342259610,Nantes,80282.79,EMP
3380,Nicolas,Girard,35320547756098,Marseille,43195.43,EMP
3381,Nicolas,Girard,51049467164777,Nantes,60248.28,EMP
3382,Lucas,Lefebvre,84174512946670,Nantes,16737.23,EMP
3383,Camille,Girard,40746817411321,Lille,68608.35,EMP
3384,Camille,Moreau,87504102309795,Lyon,24973.71,EMP
3385,Marie,Dupont,11598247155501,Lille,81890.62,EMP
3386,Marie,Dupont,85710901595614,Bordeaux,76340.05,EMP
3387,Thomas,Martin,10291160629229,Lyon,69986.14,EMP
3388,Chloé,Laurent,41592025279508,Lyon,28401.22,EMP
3389,Thomas,Laurent,13128027673685,Lille,35354.21,EMP
3390,Marie,Moreau,53308558442752,Nantes,83194.85,EMP
3391,Thomas,Lefebvre,60330717300061,Nantes,67601.19,EMP
3392,Jean,Lefebvre,49737148392047,Paris,61239.60,EMP
3393,Camille,Moreau,74266382055099,Lille,30348.46,EMP
3394,Marie,Martin,14416491797386,Bordeaux,37619.18,EMP
3395,Thomas,Dupont,73750275982542,Bordeaux,71308.17,EMP
3396,Camille,Dupont,11794043853544,Paris,54612.43,EMP
3397,Marie,Laurent,44918459929686,Lille,24245.58,EMP
3398,Marie,Martin,50556363450335,Marseille,66217.74,EMP
3399,Camille,Moreau,83212482992154,Paris,20802.76,EMP
3400,Jean,Dupont,89097556046038,Bordeaux,68472.05,EMP
3401,Marie,Dupont,97870549434371,Marseille,33656.82,EMP
3402,Camille,Laurent,32232916244417,Marseille,52296.32,EMP
3403,Camille,Moreau,82615095257797,Marseille,27998.48,EMP
3404,Jean,Laurent,13989763800509,Marseille,41287.42,EMP
3405,Jean,Martin,20374831558818,Lille,58170.27,EMP
3406,Nicolas,Laurent,20942119637735,Bordeaux,28773.17,EMP
3407,Marie,Girard,13856748017657,Lille,64343.15,EMP
3408,Nicolas,Lefebvre,54492334601304,Nantes,88547.75,EMP
3409,Chloé,Lefebvre,84836803503491,Nantes,73964.17,EMP
3410,Thomas,Moreau,99038883533178,Lille,47533.00,EMP
3411,Nicolas,Dupont,91029949290465,Marseille,89345.36,EMP
3412,Jean,Lefebvre,92085620372329,Bordeaux,42403.35,EMP
3413,Thomas,Laurent,55124136349632,Bordeaux,36688.18,EMP
3414,Thomas,Moreau,10472819987184,Bordeaux,24721.90,EMP
3415,Nicolas,Moreau,16274254682011,Lyon,84395.05,EMP
3416,Nicolas,Martin,60782777747777,Nantes,36924.81,EMP
3417,Camille,Martin,79781519958863,Marseille,36474.10,EMP
3418,Camille,Lefebvre,60780786087126,Nantes,18134.15,EMP
3419,Thomas,Moreau,64260618961147,Lille,24732.63,EMP
3420,Chloé,Lefebvre,19609807246225,Bordeaux,27713.08,EMP
3421,Chloé,Lefebvre,12360785111333,Nantes,41790.59,EMP
3422,Camille,Girard,39874226237482,Paris,28728.38,EMP
3423,Marie,Dupont,24049806086070,Lille,33988.95,EMP
3424,Jean,Martin,82956096803653,Nantes,40380.53,EMP
3425,Camille,Dupont,25813902812616,Bordeaux,68006.80,EMP
3426,Thomas,Lefebvre,20894623179326,Nantes,18493.46,EMP
3427,Chloé,Lefebvre,41328677470929,Lyon,52247.38,EMP
3428,Camille,Moreau,33784710428607,Lille,47780.77,EMP
3429,Marie,Laurent,15791543410463,Marseille,75392.94,EMP
3430,Nicolas,Laurent,13075540805544,Nantes,17035.46,EMP
3431,Chloé,Girard,77980516861199,Nantes,43575.56,EMP
3432,Lucas,Lefebvre,65594533210661,Lille,20991.67,EMP
3433,Lucas,Laurent,89840745133906,Lille,85739.97,EMP
3434,Jean,Lefebvre,62211109719231,Nantes,25600.78,EMP
3435,Lucas,Lefebvre,89885355424739,Paris,67782.29,EMP
3436,Lucas,Girard,33606397003238,Nantes,77492.65,EMP
3437,Jean,Moreau,30393837487277,Bordeaux,64374.79,EMP
3438,Lucas,Lefebvre,30942647685887,Bordeaux,19196.68,EMP
3439,Chloé,Moreau,41193581195789,Paris,81063.99,EMP
3440,Lucas,Girard,49173684050138,Lyon,19629.85,EMP
3441,Camille,Laurent,31568232248464,Lille,84593.45,EMP
3442,Marie,Dupont,85482213556036,Bordeaux,27216.04,EMP
3443,Thomas,Girard,26910979413261,Lille,42220.60,EMP
3444,Lucas,Dupont,34604978424601,Nantes,55275.62,EMP
3445,Camille,Martin,85319467127084,Nantes,42408.12,EMP
3446,Jean,Laurent,30192964863160,Bordeaux,57979.77,EMP
3447,Marie,Lefebvre,91869721697792,Paris,16800.33,EMP
3448,Marie,Laurent,93977290677134,Bordeaux,72095.08,EMP
3449,Chloé,Moreau,66952077198268,Lyon,67510.00,EMP
3450,Marie,Girard,12460774082257,Paris,82452.33,EMP
3451,Nicolas,Lefebvre,95228305074816,Marseille,35769.99,EMP
3452,Chloé,Martin,51092177893765,Marseille,52113.60,EMP
3453,Camille,Martin,94210952266563,Paris,49605.78,EMP
3454,Nicolas,Lefebvre,86941077225587,Lille,38356.53,EMP
3455,Thomas,Girard,25849148417133,Bordeaux,88682.86,EMP
3456,Chloé,Dupont,15925543516564,Marseille,83619.58,EMP
3457,Chloé,Martin,53057458869486,Lyon,78478.36,EMP
3458,Jean,Martin,49186104097939,Lille,70469.54,EMP
3459,Thomas,Martin,94248792714730,Lyon,62290.17,EMP
3460,Lucas,Girard,71627609275974,Nantes,36251.75,EMP
3461,Chloé,Moreau,29463063501369,Nantes,51969.03,EMP
3462,Camille,Laurent,74759498724908,Lyon,87776.18,EMP
3463,Marie,Moreau,84784764609894,Paris,78969.39,EMP
3464,Lucas,Lefebvre,32501248441064,Lyon,70635.52,EMP
3465,Marie,Lefebvre,25548122374876,Bordeaux,47131.10,EMP
3466,Camille,Laurent,63332506201712,Nantes,30151.70,EMP
3467,Nicolas,Moreau,79693405900513,Bordeaux,31579.87,EMP
3468,Chloé,Moreau,25541308325433,Paris,31316.65,EMP
3469,Lucas,Moreau,15082003412833,Lille,88841.96,EMP
3470,Camille,Martin,17551215779318,Lille,77137.55,EMP
3471,Thomas,Lefebvre,33166355449850,Lille,42514.64,EMP
3472,Marie,Lefebvre,24213831201846,Bordeaux,15132.57,EMP
3473,Thomas,Lefebvre,14763439093552,Lyon,60220.26,EMP
3474,Camille,Lefebvre,74612867032799,Bordeaux,37040.35,EMP
3475,Chloé,Moreau,96342872975177,Marseille,49206.21,EMP
3476,Marie,Martin,77637686898045,Paris,16781.31,EMP
3477,Nicolas,Laurent,69836068409303,Nantes,33346.19,EMP
3478,Thomas,Laurent,19496639782474,Lille,52463.27,EMP
3479,Chloé,Martin,25661970303400,Bordeaux,74347.16,EMP
3480,Thomas,Lefebvre,94887315483369,Marseille,16400.09,EMP
3481,Marie,Lefebvre,70821133344572,Nantes,81620.07,EMP
3482,Marie,Martin,19246938186212,Lyon,71883.91,EMP
3483,Lucas,Moreau,49592369561638,Bordeaux,27161.16,EMP
3484,Thomas,Girard,35500727152718,Paris,82698.77,EMP
3485,Chloé,Girard,14649860920754,Nantes,56612.10,EMP
3486,Nicolas,Girard,19562332684287,Bordeaux,62188.54,EMP
3487,Jean,Lefebvre,66604968510739,Lille,40603.09,EMP
3488,Nicolas,Girard,46353805345712,Nantes,57401.03,EMP
3489,Jean,Moreau,84043976940030,Marseille,36082.29,EMP
3490,Nicolas,Moreau,74079750395970,Lyon,81353.73,EMP
3491,Thomas,Girard,69018946640962,Lyon,15302.78,EMP
3492,Marie,Lefebvre,19747883449752,Bordeaux,29845.81,EMP
3493,Thomas,Laurent,32484543150375,Nantes,17114.88,EMP
3494,Marie,Moreau,91048994100899,Paris,80927.10,EMP
3495,Nicolas,Laurent,66403097216711,Lille,76090.31,EMP
3496,Lucas,Lefebvre,66766534731248,Bordeaux,37504.33,EMP
3497,Thomas,Lefebvre,31875074799053,Paris,44534.05,EMP
3498,Chloé,Girard,67695496398896,Lyon,66794.70,EMP
3499,Thomas,Dupont,47570674166187,Marseille,44609.69,EMP
3500,Lucas,Martin,33465034913233,Lille,41519.61,EMP
3501,Thomas,Martin,34528174404219,Paris,16667.94,EMP
3502,Thomas,Martin,57734886209844,Nantes,34754.81,EMP
3503,Chloé,Moreau,65474371233409,Paris,57944.50,EMP
3504,Lucas,Moreau,69324437111208,Lille,24134.19,EMP
3505,Jean,Dupont,10561894506813,Bordeaux,88008.67,EMP
3506,Nicolas,Laurent,10107428066836,Marseille,62845.93,EMP
3507,Thomas,Girard,27486201064908,Lyon,62881.94,EMP
3508,Chloé,Moreau,99832540614247,Nantes,64888.54,EMP
3509,Chloé,Moreau,65869280636709,Nantes,62509.12,EMP
3510,Camille,Moreau,28694203484545,Lille,31529.29,EMP
3511,Jean,Martin,13848038537798,Paris,35969.84,EMP
3512,Chloé,Girard,15994852850490,Nantes,33673.61,EMP
3513,Lucas,Laurent,40746546150896,Marseille,75999.11,EMP
3514,Jean,Moreau,27490197967938,Marseille,82225.83,EMP
3515,Nicolas,Girard,91928902027329,Lille,49082.45,EMP
3516,Jean,Lefebvre,82607622497570,Lille,36966.66,EMP
3517,Thomas,Martin,76571439090863,Nantes,21768.75,EMP
3518,Marie,Laurent,13109580775899,Lille,29598.97,EMP
3519,Jean,Dupont,75906297590394,Marseille,42219.00,EMP
3520,Marie,Moreau,44809225285910,Bordeaux,36551.55,EMP
3521,Nicolas,Lefebvre,78944613793723,Nantes,67145.14,EMP
3522,Chloé,Lefebvre,19421057001079,Paris,17753.94,EMP
3523,Chloé,Lefebvre,38705260578637,Paris,63406.62,EMP
3524,Jean,Laurent,89743291250669,Nantes,81668.84,EMP
3525,Nicolas,Moreau,17948679910172,Lille,89265.11,EMP
3526,Camille,Martin,95575851452443,Nantes,64262.92,EMP
3527,Chloé,Moreau,70895294304710,Paris,28822.36,EMP
3528,Thomas,Moreau,80374464257547,Bordeaux,15033.77,EMP
3529,Thomas,Girard,74505092614539,Lille,25496.06,EMP
3530,Chloé,Dupont,31696975593258,Bordeaux,22123.35,EMP
3531,Camille,Laurent,15015690532127,Lille,63378.53,EMP
3532,Thomas,Girard,43953091150006,Nantes,16688.43,EMP
3533,Nicolas,Lefebvre,76597168626401,Lyon,67779.55,EMP
3534,Chloé,Moreau,76143843103808,Lyon,84733.31,EMP
3535,Nicolas,Laurent,44952691868068,Lyon,26536.80,EMP
3536,Thomas,Girard,56446973981126,Marseille,88937.29,EMP
3537,Thomas,Moreau,35732826555281,Lyon,64435.26,EMP
3538,Thomas,Lefebvre,36091198343426,Lyon,24009.07,EMP
3539,Chloé,Moreau,59934279109555,Lille,72255.43,EMP
3540,Camille,Martin,47124345523543,Nantes,61262.35,EMP
3541,Thomas,Girard,26088421990388,Nantes,87844.47,EMP
3542,Chloé,Moreau,69284514278606,Lyon,86837.34,EMP
3543,Thomas,Dupont,57389687042523,Lille,40966.27,EMP
3544,Lucas,Dupont,66478866193696,Paris,46032.48,EMP
3545,Camille,Girard,55253891303032,Lille,31193.16,EMP
3546,Nicolas,Lefebvre,81368164439237,Paris,37437.82,EMP
3547,Chloé,Laurent,60769961480473,Paris,66645.19,EMP
3548,Marie,Lefebvre,51092036625310,Paris,30210.69,EMP
3549,Thomas,Martin,74934560560074,Marseille,20465.08,EMP
3550,Marie,Lefebvre,81379171451999,Marseille,33059.84,EMP
3551,Marie,Martin,42440039749025,Bordeaux,52870.22,EMP
3552,Lucas,Girard,30203651033574,Marseille,19937.88,EMP
3553,Lucas,Martin,83056945710699,Paris,86437.29,EMP
3554,Lucas,Martin,50895550981408,Marseille,48396.07,EMP
3555,Chloé,Lefebvre,34102837738964,Paris,34795.15,EMP
3556,Camille,Lefebvre,10276006742714,Marseille,20572.33,EMP
3557,Nicolas,Moreau,31152917867250,Bordeaux,58624.32,EMP
3558,Lucas,Martin,66932886522773,Marseille,22190.24,EMP
3559,Camille,Dupont,86424665660779,Paris,49702.64,EMP
3560,Thomas,Dupont,49614249634810,Lyon,47849.19,EMP
3561,Marie,Dupont,44716425216021,Nantes,79843.88,EMP
3562,Chloé,Moreau,18747437046706,Nantes,69974.22,EMP
3563,Thomas,Girard,32824353103049,Bordeaux,89942.24,EMP
3564,Chloé,Dupont,60909210521671,Paris,32988.96,EMP
3565,Lucas,Laurent,93939498180951,Nantes,68124.66,EMP
3566,Nicolas,Laurent,16673640939647,Nantes,58340.39,EMP
3567,Nicolas,Dupont,87554445800351,Lille,67258.27,EMP
3568,Thomas,Dupont,40919205452569,Bordeaux,23340.53,EMP
3569,Nicolas,Dupont,28906429719966,Lille,42261.69,EMP
3570,Camille,Girard,31193209995103,Paris,36725.40,EMP
3571,Nicolas,Moreau,82219324759705,Nantes,39924.76,EMP
3572,Thomas,Lefebvre,70979456437166,Lille,66759.05,EMP
3573,Jean,Laurent,69415924701779,Bordeaux,60275.36,EMP
3574,Lucas,Lefebvre,53732137047343,Lille,63671.20,EMP
3575,Lucas,Dupont,62148533611027,Lille,68754.55,EMP
3576,Jean,Lefebvre,19931852175325,Paris,56160.74,EMP
3577,Nicolas,Martin,35874356222606,Lille,45861.48,EMP
3578,Jean,Martin,29941734142707,Paris,64665.29,EMP
3579,Lucas,Dupont,37807995751826,Nantes,77835.20,EMP
3580,Thomas,Martin,71920293614155,Lille,89489.28,EMP
3581,Lucas,Dupont,89440315916795,Nantes,24609.99,EMP
3582,Camille,Moreau,14671455131977,Marseille,80351.43,EMP
3583,Camille,Dupont,51057659267566,Bordeaux,79485.58,EMP
3584,Lucas,Martin,87411913856716,Bordeaux,40084.40,EMP
3585,Camille,Laurent,84291084212778,Marseille,72206.41,EMP
3586,Thomas,Moreau,15704770555780,Lille,73883.13,EMP
3587,Nicolas,Lefebvre,90983522092696,Lille,29616.90,EMP
3588,Nicolas,Moreau,40953274741219,Bordeaux,37865.91,EMP
3589,Jean,Lefebvre,42384189003068,Nantes,73799.98,EMP
3590,Marie,Moreau,83115161257719,Lille,66487.55,EMP
3591,Thomas,Girard,30726770140011,Bordeaux,69642.10,EMP
3592,Lucas,Girard,64542203215917,Marseille,71656.05,EMP
3593,Jean,Girard,38955917074056,Nantes,80543.18,EMP
3594,Lucas,Lefebvre,34376187496486,Marseille,20345.14,EMP
3595,Nicolas,Lefebvre,16298768601943,Bordeaux,48445.87,EMP
3596,Lucas,Martin,22221046084954,Nantes,71957.84,EMP
3597,Nicolas,Martin,23398406333389,Bordeaux,85560.02,EMP
3598,Camille,Moreau,27388742257836,Bordeaux,43709.84,EMP
3599,Chloé,Laurent,43182354222039,Lyon,62392.53,EMP
3600,Lucas,Laurent,37545618839094,Bordeaux,64780.37,EMP
3601,Nicolas,Dupont,21882324240820,Nantes,43940.92,EMP
3602,Lucas,Laurent,74087991732631,Marseille,87591.97,EMP
3603,Chloé,Moreau,73718410956368,Marseille,21978.13,EMP
3604,Camille,Laurent,25816107358958,Lille,71344.72,EMP
3605,Nicolas,Lefebvre,76346063930712,Bordeaux,26712.19,EMP
3606,Lucas,Laurent,80195066269536,Nantes,87634.45,EMP
3607,Lucas,Martin,46072641230924,Paris,29001.95,EMP
3608,Nicolas,Moreau,32153709374382,Lyon,36649.36,EMP
3609,Marie,Lefebvre,89912051284503,Paris,79399.07,EMP
3610,Chloé,Martin,34358701043602,Nantes,16820.93,EMP
3611,Thomas,Martin,21132040864097,Lyon,87656.28,EMP
3612,Nicolas,Martin,52755288461540,Lille,69315.32,EMP
3613,Marie,Moreau,87889574956352,Lyon,88661.62,EMP
3614,Nicolas,Dupont,17419321558300,Paris,78089.80,EMP
3615,Nicolas,Martin,78152019480322,Nantes,34709.46,EMP
3616,Chloé,Laurent,69002680389127,Lyon,37583.12,EMP
3617,Jean,Dupont,83215991176694,Marseille,29172.09,EMP
3618,Marie,Girard,78014819215614,Marseille,38007.90,EMP
3619,Jean,Lefebvre,30968280572191,Nantes,44398.47,EMP
3620,Nicolas,Laurent,46393563527570,Lille,20897.49,EMP
3621,Marie,Lefebvre,98838295522864,Nantes,44939.91,EMP
3622,Jean,Laurent,20560338700317,Paris,65215.04,EMP
3623,Chloé,Moreau,18236577504996,Nantes,76079.35,EMP
3624,Marie,Moreau,44938148665776,Bordeaux,52236.54,EMP
3625,Camille,Martin,19676688033118,Lyon,23307.97,EMP
3626,Thomas,Lefebvre,79339102146297,Marseille,88675.65,EMP
3627,Chloé,Moreau,42646111478070,Nantes,25060.69,EMP
3628,Camille,Dupont,17795741881378,Bordeaux,54048.31,EMP
3629,Thomas,Laurent,52381973581759,Bordeaux,41882.70,EMP
3630,Lucas,Lefebvre,43428429652405,Paris,38730.17,EMP
3631,Chloé,Martin,17409503865275,Nantes,42933.98,EMP
3632,Jean,Martin,50917788599978,Nantes,89808.88,EMP
3633,Camille,Laurent,92446577159756,Lille,64343.45,EMP
3634,Camille,Laurent,40811174654076,Lyon,30700.98,EMP
3635,Marie,Girard,94309886111592,Lyon,87798.97,EMP
3636,Chloé,Lefebvre,39143000267685,Marseille,49738.64,EMP
3637,Thomas,Laurent,64805958286286,Paris,78635.71,EMP
3638,Chloé,Laurent,40180236526900,Marseille,61851.24,EMP
3639,Chloé,Dupont,98099900050409,Paris,18682.10,EMP
3640,Thomas,Dupont,37034167197344,Marseille,67346.26,EMP
3641,Nicolas,Moreau,68731285223539,Marseille,54191.86,EMP
3642,Chloé,Moreau,52841412078948,Nantes,15106.31,EMP
3643,Jean,Girard,70776830219579,Lille,35853.07,EMP
3644,Lucas,Martin,60565976301325,Bordeaux,42716.35,EMP
3645,Lucas,Lefebvre,33958584973126,Paris,38648.54,EMP
3646,Nicolas,Moreau,60920586059209,Lyon,51203.20,EMP
3647,Nicolas,Laurent,98329334515530,Lyon,83775.46,EMP
3648,Lucas,Lefebvre,93672976928218,Nantes,71702.04,EMP
3649,Thomas,Laurent,47638472249925,Marseille,30415.26,EMP
3650,Thomas,Lefebvre,11073786477511,Marseille,41276.61,EMP
3651,Nicolas,Girard,17791282679790,Lille,66042.54,EMP
3652,Thomas,Laurent,72714962704668,Paris,40864.37,EMP
3653,Thomas,Dupont,95457992478754,Paris,32789.65,EMP
3654,Jean,Girard,93056018895233,Lille,73237.96,EMP
3655,Thomas,Lefebvre,55429588927139,Lille,79747.23,EMP
3656,Thomas,Lefebvre,76556936881295,Lyon,88275.48,EMP
3657,Chloé,Moreau,30299934356751,Marseille,18825.15,EMP
3658,Camille,Girard,76305780431464,Lille,37405.66,EMP
3659,Jean,Dupont,84339426875675,Lille,52144.13,EMP
3660,Chloé,Lefebvre,18011240643655,Lille,20192.01,EMP
3661,Chloé,Dupont,82792090795577,Lille,32259.18,EMP
3662,Thomas,Dupont,40686586718004,Nantes,72378.16,EMP
3663,Nicolas,Martin,92303789289523,Nantes,28891.56,EMP
3664,Thomas,Lefebvre,48595270794995,Marseille,82835.72,EMP
3665,Camille,Moreau,32001582976059,Bordeaux,37793.98,EMP
3666,Thomas,Moreau,32728554144793,Bordeaux,29658.21,EMP
3667,Nicolas,Laurent,14302445667575,Nantes,41977.74,EMP
3668,Thomas,Dupont,43911241672027,Bordeaux,80802.33,EMP
3669,Marie,Lefebvre,90433686829852,Lyon,88400.43,EMP
3670,Thomas,Girard,99528979947840,Lyon,67728.84,EMP
3671,Camille,Laurent,19339808843165,Lille,50332.33,EMP
3672,Camille,Martin,50241969700444,Paris,86225.17,EMP
3673,Marie,Lefebvre,43180847849465,Nantes,87274.06,EMP
3674,Chloé,Martin,65474382301615,Marseille,68741.71,EMP
3675,Jean,Moreau,85681480421983,Paris,43713.22,EMP
3676,Jean,Laurent,28726270373036,Lyon,44184.98,EMP
3677,Lucas,Dupont,92389821358589,Paris,59243.03,EMP
3678,Thomas,Lefebvre,35720125203490,Lille,43801.67,EMP
3679,Lucas,Martin,23831147530942,Nantes,70320.36,EMP
3680,Marie,Girard,59938194177021,Lille,79561.51,EMP
3681,Jean,Moreau,31602063426040,Bordeaux,55084.87,EMP
3682,Camille,Lefebvre,61296845052236,Nantes,19953.63,EMP
3683,Nicolas,Dupont,54126463898135,Paris,89488.86,EMP
3684,Jean,Martin,94558440328626,Nantes,56158.12,EMP
3685,Chloé,Laurent,83769150837468,Bordeaux,86171.19,EMP
3686,Camille,Martin,73406102776223,Lille,59112.92,EMP
3687,Marie,Lefebvre,25595816408879,Paris,64998.74,EMP
3688,Thomas,Laurent,89071146819836,Marseille,17519.67,EMP
3689,Nicolas,Lefebvre,64167995765156,Paris,29536.37,EMP
3690,Camille,Girard,80021128232278,Lille,23438.91,EMP
3691,Jean,Moreau,67255482373307,Nantes,52607.41,EMP
3692,Chloé,Laurent,56400190728536,Lyon,38830.64,EMP
3693,Lucas,Girard,39835106131228,Paris,66525.86,EMP
3694,Nicolas,Dupont,93375007436004,Nantes,30940.24,EMP
3695,Camille,Girard,42546763271551,Paris,72552.39,EMP
3696,Jean,Laurent,33504199850483,Lyon,62163.16,EMP
3697,Lucas,Lefebvre,99943993835151,Paris,15608.88,EMP
3698,Thomas,Martin,14988951753718,Nantes,58817.46,EMP
3699,Thomas,Dupont,68920790119380,Marseille,50775.33,EMP
3700,Nicolas,Laurent,80170856551977,Nantes,49224.40,EMP
3701,Chloé,Dupont,90957854924650,Lille,45784.56,EMP
3702,Marie,Laurent,34234512061723,Lyon,17978.90,EMP
3703,Lucas,Laurent,42535939693851,Lyon,48793.35,EMP
3704,Jean,Laurent,15872068601824,Marseille,41163.23,EMP
3705,Nicolas,Laurent,98040380908837,Marseille,71765.14,EMP
3706,Marie,Dupont,37401794166579,Nantes,53142.78,EMP
3707,Thomas,Martin,32015211458749,Paris,49877.25,EMP
3708,Jean,Laurent,53254364871591,Lille,37761.13,EMP
3709,Chloé,Laurent,14831477627636,Nantes,58068.63,EMP
3710,Thomas,Moreau,70401991783373,Marseille,42064.71,EMP
3711,Thomas,Moreau,74651281761767,Lyon,88267.75,EMP
3712,Thomas,Girard,91026273273364,Lyon,62193.33,EMP
3713,Thomas,Girard,78058035792829,Paris,37807.85,EMP
3714,Jean,Girard,83021149760132,Lyon,41251.81,EMP
3715,Marie,Dupont,54887646190122,Nantes,41505.79,EMP
3716,Nicolas,Dupont,82193723843655,Paris,29984.56,EMP
3717,Nicolas,Martin,17115009048460,Nantes,88487.65,EMP
3718,Thomas,Laurent,44206836715008,Lyon,30932.44,EMP
3719,Jean,Moreau,96188845752304,Paris,79539.07,EMP
3720,Nicolas,Dupont,29199895189305,Lyon,58952.78,EMP
3721,Jean,Martin,19106579272268,Nantes,85360.62,EMP
3722,Lucas,Lefebvre,85037876064503,Bordeaux,47945.59,EMP
3723,Thomas,Lefebvre,31945192036491,Bordeaux,56428.03,EMP
3724,Chloé,Laurent,90598733060700,Lille,18695.86,EMP
3725,Lucas,Moreau,81330945679809,Marseille,61789.83,EMP
3726,Camille,Lefebvre,56649594702004,Bordeaux,19517.54,EMP
3727,Nicolas,Dupont,41029604635058,Lille,23564.17,EMP
3728,Thomas,Girard,62669244036291,Bordeaux,58396.06,EMP
3729,Nicolas,Girard,11788804022953,Lille,20909.00,EMP
3730,Marie,Dupont,64969573096836,Lyon,56215.87,EMP
3731,Jean,Martin,90859762701268,Lyon,72691.04,EMP
3732,Nicolas,Martin,33111420538106,Bordeaux,56420.90,EMP
3733,Jean,Girard,84768283236401,Lyon,51702.29,EMP
3734,Lucas,Laurent,51663375399902,Marseille,58929.94,EMP
3735,Marie,Dupont,43602472524008,Paris,36662.73,EMP
3736,Chloé,Dupont,75607725473394,Bordeaux,39585.18,EMP
3737,Lucas,Girard,76236568596484,Paris,34635.02,EMP
3738,Nicolas,Moreau,96322633969283,Paris,74784.15,EMP
3739,Marie,Lefebvre,83812183521661,Bordeaux,59695.72,EMP
3740,Marie,Martin,59669825456841,Lyon,41327.49,EMP
3741,Marie,Lefebvre,98091076634135,Nantes,68993.98,EMP
3742,Lucas,Girard,85588869346051,Bordeaux,40126.19,EMP
3743,Nicolas,Dupont,53808748581287,Lille,65431.53,EMP
3744,Lucas,Laurent,82244757353598,Paris,64799.04,EMP
3745,Jean,Moreau,58503977618057,Lyon,32327.35,EMP
3746,Marie,Martin,87081496464829,Marseille,82075.07,EMP
3747,Thomas,Lefebvre,48174976681080,Marseille,20291.11,EMP
3748,Jean,Dupont,73825829490548,Bordeaux,55564.55,EMP
3749,Lucas,Moreau,55092055733519,Marseille,23787.38,EMP
3750,Jean,Lefebvre,99314734096708,Paris,72693.75,EMP
3751,Camille,Laurent,12929216383122,Lille,48108.35,EMP
3752,Thomas,Lefebvre,42876342360829,Paris,17900.53,EMP
3753,Camille,Martin,98551383951598,Marseille,18176.46,EMP
3754,Jean,Laurent,45860540483634,Paris,73663.45,EMP
3755,Thomas,Moreau,33203253362067,Lyon,72065.61,EMP
3756,Marie,Girard,21232256221887,Lille,45414.96,EMP
3757,Camille,Laurent,56284446063306,Paris,42890.13,EMP
3758,Thomas,Moreau,71384528825610,Nantes,33180.36,EMP
3759,Camille,Girard,82791707427495,Paris,84684.23,EMP
3760,Camille,Dupont,16347764753155,Lyon,56012.35,EMP
3761,Camille,Dupont,99278326847947,Lyon,29302.32,EMP
3762,Marie,Moreau,13598068017548,Marseille,39081.36,EMP
3763,Nicolas,Martin,10971195970169,Bordeaux,88607.25,EMP
3764,Camille,Girard,58854927100145,Paris,70540.07,EMP
3765,Nicolas,Girard,83649303480978,Bordeaux,53982.67,EMP
3766,Lucas,Laurent,48164169354975,Nantes,83188.80,EMP
3767,Jean,Martin,77647221153943,Nantes,83703.77,EMP
3768,Jean,Girard,47223178643936,Marseille,23869.76,EMP
3769,Thomas,Laurent,27895406992944,Bordeaux,23532.78,EMP
3770,Lucas,Martin,28112085228661,Bordeaux,60053.19,EMP
3771,Nicolas,Moreau,59550345982923,Bordeaux,16203.14,EMP
3772,Marie,Moreau,37974303656891,Bordeaux,84491.84,EMP
3773,Nicolas,Martin,23108165650758,Paris,66119.80,EMP
3774,Camille,Girard,38872268437496,Nantes,40876.96,EMP
3775,Chloé,Girard,84720899749454,Bordeaux,44425.84,EMP
3776,Chloé,Lefebvre,16696495298399,Paris,54577.30,EMP
3777,Thomas,Laurent,45112223214916,Bordeaux,77965.89,EMP
3778,Lucas,Dupont,74780561028378,Nantes,21092.29,EMP
3779,Chloé,Dupont,76311822979084,Paris,17291.68,EMP
3780,Camille,Girard,57999455622023,Paris,81918.31,EMP
3781,Marie,Laurent,66393069860184,Marseille,62726.51,EMP
3782,Chloé,Lefebvre,17217697754355,Lille,80075.88,EMP
3783,Camille,Moreau,51143046870994,Nantes,43717.70,EMP
3784,Nicolas,Laurent,16457940467606,Marseille,27253.74,EMP
3785,Chloé,Dupont,27476823668165,Bordeaux,76560.31,EMP
3786,Chloé,Dupont,70528879218602,Bordeaux,34083.58,EMP
3787,Lucas,Laurent,98095395101408,Bordeaux,87241.24,EMP
3788,Camille,Girard,74719838783508,Marseille,26110.00,EMP
3789,Camille,Lefebvre,36597362031666,Bordeaux,65223.32,EMP
3790,Camille,Girard,80008987945372,Lille,62901.46,EMP
3791,Thomas,Laurent,77759343805759,Nantes,61964.68,EMP
3792,Nicolas,Moreau,27462340313253,Nantes,34703.76,EMP
3793,Jean,Girard,84980929322142,Marseille,60657.58,EMP
3794,Nicolas,Girard,14303771575921,Nantes,43772.82,EMP
3795,Lucas,Girard,71065407099439,Paris,64075.64,EMP
3796,Marie,Martin,65652670696848,Lyon,46136.18,EMP
3797,Camille,Laurent,48642272988549,Lille,70520.03,EMP
3798,Lucas,Martin,53676578813981,Nantes,29274.18,EMP
3799,Chloé,Laurent,98511454514442,Paris,28619.55,EMP
3800,Camille,Dupont,39548380178778,Marseille,32598.58,EMP
3801,Nicolas,Martin,22451413131154,Lille,69068.87,EMP
3802,Lucas,Lefebvre,85846040864620,Lyon,20177.57,EMP
3803,Lucas,Girard,88263999450010,Lille,16212.50,EMP
3804,Thomas,Laurent,86848149296019,Marseille,15829.29,EMP
3805,Camille,Dupont,92526117338682,Paris,43597.36,EMP
3806,Jean,Dupont,88986347960887,Paris,81567.45,EMP
3807,Camille,Martin,49875142104515,Paris,40833.69,EMP
3808,Nicolas,Martin,31874092892193,Bordeaux,79387.77,EMP
3809,Thomas,Moreau,55378476840598,Lyon,84689.67,EMP
3810,Lucas,Lefebvre,76539196832550,Lille,46136.49,EMP
3811,Lucas,Moreau,50663194140609,Bordeaux,89104.29,EMP
3812,Chloé,Laurent,31575445383608,Lyon,41607.87,EMP
3813,Jean,Laurent,50732772614921,Paris,27328.90,EMP
3814,Thomas,Dupont,78558888838414,Lyon,56810.20,EMP
3815,Lucas,Lefebvre,80586812843275,Marseille,70311.01,EMP
3816,Chloé,Martin,91767295489751,Marseille,19658.97,EMP
3817,Lucas,Moreau,46885274856650,Marseille,53371.53,EMP
3818,Chloé,Lefebvre,18357491700410,Nantes,31409.41,EMP
3819,Lucas,Dupont,34404792219579,Paris,52874.91,EMP
3820,Thomas,Laurent,62887540840541,Lille,66118.76,EMP
3821,Chloé,Martin,58551281277056,Lille,62001.47,EMP
3822,Camille,Moreau,37168311151268,Bordeaux,34902.13,EMP
3823,Marie,Dupont,87976015963960,Bordeaux,85631.82,EMP
3824,Chloé,Moreau,46589543174732,Lille,16176.53,EMP
3825,Thomas,Lefebvre,35502823576902,Lille,51495.66,EMP
3826,Chloé,Girard,28984242747048,Lille,19902.28,EMP
3827,Marie,Girard,13697121122764,Lyon,71740.32,EMP
3828,Camille,Girard,42322673112170,Bordeaux,88979.58,EMP
3829,Camille,Dupont,39143912503454,Lille,57105.35,EMP
3830,Jean,Dupont,73073803046529,Lille,54247.38,EMP
3831,Jean,Lefebvre,34945684832608,Nantes,61027.82,EMP
3832,Chloé,Girard,95423659157846,Nantes,69747.97,EMP
3833,Lucas,Lefebvre,54507228092359,Nantes,63003.59,EMP
3834,Thomas,Moreau,42679677457064,Marseille,37434.24,EMP
3835,Thomas,Moreau,43855218899797,Bordeaux,19419.66,EMP
3836,Nicolas,Lefebvre,37277116381034,Paris,62004.72,EMP
3837,Chloé,Martin,79844388145677,Marseille,60562.67,EMP
3838,Lucas,Dupont,92441555820147,Marseille,61596.37,EMP
3839,Chloé,Lefebvre,75617680431149,Nantes,61989.64,EMP
3840,Jean,Girard,46272439465485,Lyon,71339.46,EMP
3841,Marie,Girard,25354108221305,Marseille,17095.98,EMP
3842,Jean,Moreau,95212267765742,Paris,20252.46,EMP
3843,Marie,Martin,70047684684947,Paris,35166.70,EMP
3844,Nicolas,Moreau,17010118145502,Bordeaux,39278.07,EMP
3845,Chloé,Lefebvre,50662628237904,Marseille,61550.85,EMP
3846,Jean,Martin,29339664473034,Paris,44955.73,EMP
3847,Lucas,Dupont,51572764628266,Marseille,82301.33,EMP
3848,Lucas,Dupont,51906182886625,Bordeaux,62633.62,EMP
3849,Chloé,Martin,31194212194574,Marseille,61731.23,EMP
3850,Nicolas,Moreau,21000100358546,Marseille,64815.25,EMP
3851,Thomas,Moreau,83768209417142,Nantes,86786.68,EMP
3852,Nicolas,Martin,75608408117147,Nantes,42188.75,EMP
3853,Marie,Laurent,33044325904876,Marseille,36722.77,EMP
3854,Marie,Dupont,61465098847242,Marseille,50068.23,EMP
3855,Nicolas,Martin,16499391857008,Paris,36740.47,EMP
3856,Lucas,Lefebvre,38186678874234,Lyon,20111.48,EMP
3857,Nicolas,Moreau,23774210542636,Lyon,45825.27,EMP
3858,Nicolas,Martin,92337781399755,Nantes,61558.31,EMP
3859,Thomas,Moreau,33854060216401,Lille,70899.01,EMP
3860,Camille,Girard,26980248036510,Nantes,35289.90,EMP
3861,Chloé,Lefebvre,86083785088701,Paris,30229.59,EMP
3862,Chloé,Laurent,57093631894020,Marseille,22560.14,EMP
3863,Nicolas,Lefebvre,52446501036133,Nantes,21498.92,EMP
3864,Jean,Lefebvre,32882737497707,Lyon,89724.45,EMP
3865,Lucas,Moreau,23341204316459,Paris,41743.95,EMP
3866,Nicolas,Laurent,39959404624874,Lyon,52066.79,EMP
3867,Marie,Martin,72791221776313,Lyon,53928.33,EMP
3868,Lucas,Laurent,31335249817637,Marseille,22223.68,EMP
3869,Chloé,Martin,95012402129080,Nantes,19793.42,EMP
3870,Camille,Martin,57709548334514,Paris,27425.32,EMP
3871,Nicolas,Martin,74234792457503,Nantes,65083.27,EMP
3872,Thomas,Lefebvre,96513173097126,Lyon,21669.24,EMP
3873,Jean,Martin,30222151186069,Paris,54218.20,EMP
3874,Marie,Lefebvre,52192577454054,Marseille,69347.70,EMP
3875,Marie,Laurent,12805879997239,Lille,54533.65,EMP
3876,Nicolas,Girard,92878027725539,Nantes,59514.84,EMP
3877,Camille,Laurent,82911560642576,Lille,43512.55,EMP
3878,Lucas,Moreau,38692893326092,Nantes,88195.09,EMP
3879,Lucas,Martin,57683386470381,Lyon,84895.52,EMP
3880,Lucas,Moreau,65912773587348,Lille,88482.05,EMP
3881,Lucas,Girard,86251279276473,Marseille,22516.07,EMP
3882,Marie,Moreau,38113364368382,Bordeaux,81138.67,EMP
3883,Thomas,Martin,19720078306885,Bordeaux,79264.98,EMP
3884,Lucas,Lefebvre,76496679499659,Lille,15662.27,EMP
3885,Marie,Dupont,97451984964333,Nantes,32702.39,EMP
3886,Jean,Lefebvre,10660448592832,Bordeaux,57037.14,EMP
3887,Marie,Lefebvre,58225313669527,Nantes,38993.84,EMP
3888,Thomas,Dupont,28049309239683,Lyon,79596.01,EMP
3889,Chloé,Moreau,78527851068015,Lyon,17540.37,EMP
3890,Chloé,Dupont,72987429513321,Lille,48308.97,EMP
3891,Lucas,Lefebvre,70408210344634,Bordeaux,66552.04,EMP
3892,Chloé,Martin,52071201460369,Marseille,55057.63,EMP
3893,Thomas,Laurent,82933189538256,Lyon,75153.22,EMP
3894,Nicolas,Dupont,61072750269742,Marseille,88905.23,EMP
3895,Chloé,Moreau,72729321553908,Marseille,79122.55,EMP
3896,Chloé,Dupont,28222451310305,Bordeaux,73384.83,EMP
3897,Chloé,Laurent,63940970081293,Nantes,35375.16,EMP
3898,Nicolas,Moreau,85615476968545,Bordeaux,72533.50,EMP
3899,Jean,Lefebvre,11017719025669,Nantes,61910.25,EMP
3900,Lucas,Laurent,56736897801502,Lille,86543.08,EMP
3901,Nicolas,Girard,51902117643403,Bordeaux,40126.30,EMP
3902,Nicolas,Laurent,82081130338754,Nantes,53189.23,EMP
3903,Camille,Laurent,88669375929942,Lyon,61070.69,EMP
3904,Chloé,Laurent,74006186851946,Paris,77092.81,EMP
3905,Chloé,Laurent,21078121171466,Lille,65628.59,EMP
3906,Lucas,Moreau,98218933374630,Lyon,64594.28,EMP
3907,Camille,Moreau,71363625935358,Bordeaux,64300.83,EMP
3908,Lucas,Dupont,37951064281890,Nantes,39357.88,EMP
3909,Nicolas,Lefebvre,14038366792766,Lille,37285.17,EMP
3910,Chloé,Lefebvre,59088037059078,Nantes,24647.65,EMP
3911,Nicolas,Dupont,33912840598481,Paris,55647.61,EMP
3912,Jean,Lefebvre,26960041553700,Marseille,40717.01,EMP
3913,Chloé,Moreau,45287025859157,Nantes,33447.95,EMP
3914,Lucas,Moreau,22203442304886,Bordeaux,79113.93,EMP
3915,Nicolas,Lefebvre,32507273985873,Paris,42633.82,EMP
3916,Thomas,Girard,82565406406356,Lyon,51465.16,EMP
3917,Jean,Lefebvre,74715801761440,Marseille,19601.96,EMP
3918,Jean,Moreau,37928030252260,Nantes,65894.64,EMP
3919,Camille,Laurent,81269736440648,Lyon,59985.82,EMP
3920,Jean,Dupont,74899742638117,Marseille,20643.00,EMP
3921,Jean,Martin,29826244321851,Nantes,82446.29,EMP
3922,Camille,Lefebvre,51736570579633,Marseille,50580.72,EMP
3923,Jean,Dupont,95036288477804,Paris,71657.49,EMP
3924,Chloé,Girard,85387903698208,Paris,24564.72,EMP
3925,Marie,Lefebvre,52014534710507,Paris,36646.71,EMP
3926,Jean,Lefebvre,81993097251008,Paris,26929.43,EMP
3927,Jean,Laurent,79548206283999,Nantes,46241.90,EMP
3928,Lucas,Lefebvre,89142150577746,Bordeaux,46904.41,EMP
3929,Chloé,Lefebvre,72931809214895,Bordeaux,78614.34,EMP
3930,Thomas,Moreau,27421418375603,Bordeaux,87347.97,EMP
3931,Lucas,Laurent,65044771686027,Lyon,62346.08,EMP
3932,Lucas,Lefebvre,13891592008439,Nantes,89590.88,EMP
3933,Jean,Martin,50407026815440,Nantes,61528.22,EMP
3934,Camille,Lefebvre,51016373842855,Paris,62545.36,EMP
3935,Chloé,Dupont,44149565973467,Marseille,25412.87,EMP
3936,Lucas,Moreau,77968584317948,Lille,87149.65,EMP
3937,Camille,Lefebvre,98911271211079,Nantes,46428.34,EMP
3938,Nicolas,Martin,75044588697900,Marseille,48061.32,EMP
3939,Jean,Moreau,82767821946993,Lyon,55038.65,EMP
3940,Nicolas,Girard,56805111244081,Nantes,54048.27,EMP
3941,Chloé,Dupont,97907710592278,Bordeaux,87391.64,EMP
3942,Thomas,Martin,94974083207250,Lille,30159.57,EMP
3943,Marie,Lefebvre,62009599533312,Nantes,54139.45,EMP
3944,Nicolas,Dupont,82972427101306,Lyon,88538.09,EMP
3945,Jean,Lefebvre,94250429983875,Lyon,81824.74,EMP
3946,Jean,Moreau,88284503044683,Nantes,60911.32,EMP
3947,Marie,Laurent,71232669006251,Nantes,80775.32,EMP
3948,Camille,Martin,96147877861496,Bordeaux,23733.46,EMP
3949,Lucas,Lefebvre,86338101569323,Lyon,42737.65,EMP
3950,Chloé,Girard,73709415788694,Marseille,37434.50,EMP
3951,Camille,Moreau,99818825290961,Marseille,70812.61,EMP
3952,Jean,Laurent,15994787377654,Paris,89415.73,EMP
3953,Jean,Lefebvre,49023762202176,Paris,85517.46,EMP
3954,Jean,Lefebvre,92397958830498,Nantes,46873.07,EMP
3955,Thomas,Moreau,56534408828814,Lyon,77410.71,EMP
3956,Nicolas,Lefebvre,78599700449337,Lille,45607.65,EMP
3957,Nicolas,Laurent,97275247573932,Lyon,32802.26,EMP
3958,Marie,Lefebvre,75569023103976,Lyon,44445.26,EMP
3959,Jean,Martin,91964944867906,Paris,39324.34,EMP
3960,Camille,Laurent,17940962118761,Nantes,29601.66,EMP
3961,Jean,Martin,40574614631252,Lyon,24280.63,EMP
3962,Thomas,Laurent,47708779750224,Lyon,62520.79,EMP
3963,Chloé,Laurent,84935153786265,Bordeaux,39030.94,EMP
3964,Jean,Laurent,62821249388526,Lyon,43246.64,EMP
3965,Lucas,Girard,10657359414492,Paris,69453.52,EMP
3966,Chloé,Laurent,96878716136745,Nantes,37531.54,EMP
3967,Nicolas,Martin,38400435074788,Paris,40708.61,EMP
3968,Nicolas,Dupont,45136806868653,Lyon,32977.11,EMP
3969,Marie,Moreau,77699106782644,Bordeaux,24718.04,EMP
3970,Marie,Martin,26110074613832,Bordeaux,63829.07,EMP
3971,Marie,Girard,73914159145876,Paris,70141.37,EMP
3972,Camille,Dupont,83816235350533,Bordeaux,72505.18,EMP
3973,Chloé,Moreau,89289458056816,Bordeaux,67204.29,EMP
3974,Chloé,Girard,27366480274357,Marseille,56953.71,EMP
3975,Lucas,Girard,62340338307104,Bordeaux,20976.39,EMP
3976,Marie,Girard,93785100356450,Nantes,33761.90,EMP
3977,Chloé,Dupont,92936627443702,Nantes,41574.17,EMP
3978,Thomas,Dupont,69028684426842,Bordeaux,79603.07,EMP
3979,Chloé,Martin,74881839207978,Marseille,53954.73,EMP
3980,Nicolas,Girard,11037693836690,Lille,81315.55,EMP
3981,Marie,Dupont,93391964204794,Marseille,55927.65,EMP
3982,Camille,Dupont,47931475263542,Paris,32512.90,EMP
3983,Marie,Girard,10532899388795,Paris,88922.43,EMP
3984,Thomas,Moreau,90147825970050,Lyon,31744.31,EMP
3985,Thomas,Laurent,16463430215592,Bordeaux,73917.16,EMP
3986,Marie,Girard,87078284441825,Marseille,21932.33,EMP
3987,Nicolas,Dupont,75356805967272,Lyon,70162.31,EMP
3988,Camille,Girard,29022033065782,Marseille,52564.88,EMP
3989,Nicolas,Moreau,20415641863617,Marseille,45891.11,EMP
3990,Camille,Moreau,66430914531456,Marseille,89275.26,EMP
3991,Nicolas,Girard,27426082148639,Bordeaux,25618.02,EMP
3992,Chloé,Dupont,35901864492732,Marseille,31214.45,EMP
3993,Jean,Martin,22851118730306,Marseille,87712.14,EMP
3994,Lucas,Lefebvre,80583259757630,Paris,19657.16,EMP
3995,Chloé,Martin,25147688158344,Lyon,77948.54,EMP
3996,Thomas,Moreau,43062069526806,Marseille,30848.67,EMP
3997,Chloé,Laurent,90955245025780,Nantes,66179.03,EMP
3998,Lucas,Lefebvre,36904232937144,Marseille,62489.63,EMP
3999,Nicolas,Laurent,87842340542735,Marseille,37515.96,EMP
4000,Jean,Laurent,45702342334923,Bordeaux,31198.29,EMP
4001,Jean,Martin,24036459921798,Bordeaux,72978.03,EMP
4002,Thomas,Lefebvre,83389216314610,Marseille,31392.10,EMP
4003,Thomas,Moreau,51684813233224,Marseille,31265.89,EMP
4004,Nicolas,Lefebvre,63291005901826,Marseille,36555.57,EMP
4005,Nicolas,Dupont,33498790953570,Lyon,75263.40,EMP
4006,Lucas,Girard,53085353151928,Marseille,48839.56,EMP
4007,Thomas,Dupont,30680805241888,Nantes,60427.33,EMP
4008,Jean,Laurent,58074698681770,Lyon,43064.08,EMP
4009,Lucas,Martin,89499078600760,Nantes,62099.64,EMP
4010,Marie,Moreau,68061579033506,Nantes,41176.87,EMP
4011,Marie,Moreau,61494842704421,Bordeaux,47728.70,EMP
4012,Marie,Laurent,42606510216146,Bordeaux,40432.45,EMP
4013,Nicolas,Girard,70822296874363,Lille,36592.53,EMP
4014,Marie,Girard,84250547020238,Marseille,85468.29,EMP
4015,Chloé,Lefebvre,59203101161550,Bordeaux,38918.70,EMP
4016,Chloé,Lefebvre,61143748258337,Nantes,79933.29,EMP
4017,Jean,Lefebvre,95987547347543,Marseille,67346.86,EMP
4018,Jean,Martin,13280686571424,Marseille,81044.59,EMP
4019,Nicolas,Laurent,62640750999798,Bordeaux,68439.24,EMP
4020,Jean,Martin,28212546007284,Lille,20577.82,EMP
4021,Nicolas,Moreau,56285015588142,Nantes,62484.49,EMP
4022,Chloé,Moreau,28950393815747,Lille,16307.79,EMP
4023,Lucas,Girard,78294838231548,Lille,73415.59,EMP
4024,Lucas,Moreau,45581352638576,Bordeaux,52680.35,EMP
4025,Jean,Moreau,30276558653272,Marseille,45109.27,EMP
4026,Jean,Lefebvre,86316056576316,Bordeaux,16838.41,EMP
4027,Nicolas,Girard,50183188549149,Paris,43339.83,EMP
4028,Marie,Martin,61543554206900,Bordeaux,54896.83,EMP
4029,Chloé,Girard,16580147559772,Bordeaux,62729.86,EMP
4030,Lucas,Martin,36234656980456,Lyon,27517.20,EMP
4031,Lucas,Girard,32825865124852,Lille,28385.11,EMP
4032,Chloé,Moreau,20085529787276,Marseille,72842.33,EMP
4033,Chloé,Dupont,37618869005634,Bordeaux,59549.52,EMP
4034,Marie,Dupont,22465281515208,Paris,22249.28,EMP
4035,Jean,Lefebvre,18665981845986,Nantes,69370.71,EMP
4036,Nicolas,Dupont,55046607438497,Paris,48078.32,EMP
4037,Chloé,Martin,87705703707787,Nantes,88158.97,EMP
4038,Camille,Dupont,39237150656041,Lyon,49690.60,EMP
4039,Jean,Moreau,41886918810551,Nantes,15042.13,EMP
4040,Camille,Lefebvre,55337254076396,Lyon,39887.08,EMP
4041,Nicolas,Dupont,78817548765348,Bordeaux,30487.09,EMP
4042,Nicolas,Girard,39799375826516,Bordeaux,26683.48,EMP
4043,Jean,Girard,16682431941520,Lyon,71833.07,EMP
4044,Thomas,Dupont,98772133237512,Lyon,47970.60,EMP
4045,Thomas,Laurent,76352964536384,Lyon,50481.12,EMP
4046,Marie,Laurent,88106613188734,Nantes,71391.86,EMP
4047,Lucas,Girard,30679444987024,Marseille,22794.26,EMP
4048,Lucas,Martin,21460661236903,Bordeaux,44975.12,EMP
4049,Chloé,Martin,63746499213015,Marseille,27154.27,EMP
4050,Jean,Martin,76004712428566,Lille,24976.89,EMP
4051,Marie,Girard,31265177319658,Lille,54997.45,EMP
4052,Thomas,Girard,29695281496144,Paris,68648.88,EMP
4053,Nicolas,Martin,52563899555207,Paris,44815.76,EMP
4054,Camille,Dupont,36328088229739,Marseille,65833.76,EMP
4055,Chloé,Moreau,88567667055452,Lille,63948.25,EMP
4056,Thomas,Moreau,27839007577952,Bordeaux,80464.05,EMP
4057,Thomas,Dupont,45526892813383,Lille,26660.87,EMP
4058,Nicolas,Dupont,70941296349681,Paris,65648.30,EMP
4059,Jean,Lefebvre,65190230566437,Lille,71158.24,EMP
4060,Jean,Lefebvre,31461842096680,Nantes,89126.94,EMP
4061,Marie,Dupont,29711495905644,Paris,70164.98,EMP
4062,Thomas,Girard,25647913944218,Lille,87231.20,EMP
4063,Camille,Martin,35005935025948,Bordeaux,71047.07,EMP
4064,Marie,Laurent,98310108696142,Lyon,52146.92,EMP
4065,Marie,Laurent,30212617445730,Lyon,34314.52,EMP
4066,Chloé,Girard,17756742909791,Marseille,80719.81,EMP
4067,Lucas,Laurent,71012056729356,Paris,58361.92,EMP
4068,Jean,Lefebvre,34316073902928,Marseille,20146.23,EMP
4069,Marie,Laurent,93963217581392,Nantes,89805.73,EMP
4070,Marie,Moreau,20504847637522,Lyon,82330.20,EMP
4071,Jean,Martin,72838794258625,Lille,76604.48,EMP
4072,Marie,Dupont,53589198463065,Lyon,38139.79,EMP
4073,Lucas,Laurent,23935902368513,Bordeaux,41821.48,EMP
4074,Chloé,Girard,74900486497845,Lille,61845.75,EMP
4075,Jean,Moreau,18422900412939,Nantes,53392.22,EMP
4076,Chloé,Laurent,43747843153018,Marseille,81128.14,EMP
4077,Chloé,Laurent,97157231695943,Lille,22049.56,EMP
4078,Jean,Lefebvre,69973793821217,Nantes,49581.67,EMP
4079,Lucas,Martin,62816302708146,Bordeaux,35885.35,EMP
4080,Thomas,Girard,59882925808796,Marseille,27104.70,EMP
4081,Nicolas,Moreau,83631076691121,Lyon,47699.74,EMP
4082,Thomas,Girard,57440657196649,Marseille,75233.56,EMP
4083,Lucas,Dupont,47505074048796,Marseille,74988.47,EMP
4084,Chloé,Martin,74790631643288,Lille,28421.52,EMP
4085,Jean,Dupont,68593689200257,Marseille,59628.74,EMP
4086,Chloé,Martin,86262690125671,Marseille,86647.65,EMP
4087,Camille,Moreau,10749569428099,Lille,28878.81,EMP
4088,Camille,Girard,91998630721848,Lyon,50092.64,EMP
4089,Camille,Martin,26341203547499,Paris,79763.75,EMP
4090,Nicolas,Moreau,73425202722814,Lyon,23234.79,EMP
4091,Lucas,Dupont,26386970739184,Lille,19046.98,EMP
4092,Camille,Girard,96847033394860,Bordeaux,57146.11,EMP
4093,Camille,Lefebvre,39214941411490,Marseille,80642.01,EMP
4094,Thomas,Martin,34806794389272,Lyon,46708.46,EMP
4095,Marie,Laurent,46484551900997,Marseille,61280.86,EMP
4096,Jean,Martin,21637497682145,Paris,88148.26,EMP
4097,Marie,Dupont,48290546677506,Marseille,53759.12,EMP
4098,Marie,Moreau,59766268810279,Lyon,57473.46,EMP
4099,Jean,Moreau,39495896295196,Bordeaux,46022.92,EMP
4100,Lucas,Dupont,64873034146298,Paris,63907.78,EMP
4101,Nicolas,Laurent,72985481866304,Paris,87476.67,EMP
4102,Jean,Girard,17495429656215,Marseille,29262.61,EMP
4103,Chloé,Girard,10929183506199,Lille,38234.84,EMP
4104,Thomas,Girard,42876219780589,Marseille,78774.08,EMP
4105,Chloé,Lefebvre,52195954491649,Nantes,80093.00,EMP
4106,Thomas,Moreau,67132127305035,Marseille,18100.68,EMP
4107,Thomas,Girard,87949640484277,Nantes,71402.84,EMP
4108,Lucas,Girard,92586796037262,Lille,88272.59,EMP
4109,Nicolas,Dupont,65281507837941,Lille,78208.36,EMP
4110,Camille,Martin,12183427175203,Paris,34523.58,EMP
4111,Thomas,Dupont,92456189951811,Bordeaux,86261.90,EMP
4112,Nicolas,Girard,23671156074430,Lille,66389.60,EMP
4113,Nicolas,Lefebvre,94417987205730,Bordeaux,51461.43,EMP
4114,Nicolas,Martin,30468297646007,Lyon,83057.95,EMP
4115,Marie,Laurent,82574419977439,Lille,17085.36,EMP
4116,Lucas,Dupont,27180157915088,Lille,55655.41,EMP
4117,Jean,Girard,11209249584766,Lyon,87267.60,EMP
4118,Lucas,Dupont,61591889426508,Bordeaux,71941.97,EMP
4119,Nicolas,Girard,83492527685603,Marseille,54819.44,EMP
4120,Chloé,Dupont,74532310436275,Lyon,49092.37,EMP
4121,Nicolas,Laurent,63181080607396,Marseille,65073.80,EMP
4122,Camille,Dupont,19043230417320,Nantes,78516.35,EMP
4123,Marie,Laurent,31980998839045,Nantes,53031.70,EMP
4124,Lucas,Laurent,43518464197526,Marseille,62659.68,EMP
4125,Jean,Moreau,33035570471202,Bordeaux,66767.00,EMP
4126,Marie,Dupont,10210884453273,Bordeaux,70339.45,EMP
4127,Jean,Moreau,70839735830977,Paris,53637.13,EMP
4128,Jean,Moreau,81230791914422,Marseille,83432.44,EMP
4129,Lucas,Lefebvre,87025503791159,Marseille,52656.78,EMP
4130,Camille,Moreau,65776559315287,Lille,69779.72,EMP
4131,Chloé,Dupont,11645443680045,Bordeaux,28140.96,EMP
4132,Thomas,Dupont,52621012594364,Marseille,85863.70,EMP
4133,Marie,Martin,31801978915080,Paris,87281.53,EMP
4134,Nicolas,Girard,85209698004321,Nantes,58440.92,EMP
4135,Camille,Lefebvre,58545602846276,Nantes,41337.44,EMP
4136,Jean,Dupont,34996625246332,Nantes,80651.48,EMP
4137,Nicolas,Laurent,96764721611459,Lille,80306.19,EMP
4138,Marie,Moreau,72727426503175,Nantes,38863.06,EMP
4139,Thomas,Moreau,54169028909194,Bordeaux,42576.19,EMP
4140,Lucas,Dupont,49563366297000,Marseille,43559.10,EMP
4141,Thomas,Moreau,11474174649189,Nantes,21801.74,EMP
4142,Lucas,Lefebvre,59922840610496,Bordeaux,89410.41,EMP
4143,Thomas,Dupont,11674087689575,Bordeaux,34850.57,EMP
4144,Thomas,Moreau,16802669846419,Bordeaux,43143.28,EMP
4145,Thomas,Dupont,89307841666479,Nantes,26474.82,EMP
4146,Marie,Laurent,46955759513884,Nantes,76773.90,EMP
4147,Nicolas,Laurent,34248308620446,Nantes,75726.12,EMP
4148,Camille,Girard,98230654242009,Lille,47647.48,EMP
4149,Chloé,Lefebvre,90488234879625,Nantes,56271.62,EMP
4150,Marie,Moreau,55505659564758,Nantes,85355.60,EMP
4151,Nicolas,Martin,87348659253764,Marseille,24270.61,EMP
4152,Nicolas,Martin,18620182749318,Paris,80083.83,EMP
4153,Jean,Laurent,58943206459625,Nantes,50356.84,EMP
4154,Nicolas,Girard,92558757771523,Lille,29326.26,EMP
4155,Chloé,Laurent,64997440865024,Nantes,25104.40,EMP
4156,Thomas,Dupont,42318067131986,Bordeaux,34447.92,EMP
4157,Chloé,Girard,78223699343641,Bordeaux,63561.62,EMP
4158,Thomas,Lefebvre,13055357522905,Bordeaux,35101.53,EMP
4159,Chloé,Girard,13459937249788,Marseille,23105.21,EMP
4160,Camille,Laurent,38963811703049,Marseille,86249.79,EMP
4161,Lucas,Dupont,39804247628260,Nantes,27608.88,EMP
4162,Nicolas,Girard,83992726334524,Lille,18789.34,EMP
4163,Camille,Dupont,60597331619181,Marseille,62807.94,EMP
4164,Thomas,Laurent,12012381451425,Lyon,41893.59,EMP
4165,Thomas,Dupont,96645538476452,Nantes,68272.69,EMP
4166,Nicolas,Martin,68997609302281,Lyon,67558.13,EMP
4167,Nicolas,Dupont,89300723058016,Marseille,42040.53,EMP
4168,Jean,Laurent,72987309089889,Bordeaux,29296.06,EMP
4169,Lucas,Dupont,80739142453426,Nantes,76332.29,EMP
4170,Jean,Martin,77196292411863,Lille,43923.41,EMP
4171,Thomas,Moreau,46901912344468,Bordeaux,48384.86,EMP
4172,Jean,Dupont,74409132705889,Paris,72639.54,EMP
4173,Nicolas,Dupont,66569046194233,Nantes,70859.67,EMP
4174,Chloé,Martin,96331792390302,Marseille,50869.95,EMP
4175,Jean,Girard,77357458348769,Paris,49827.46,EMP
4176,Jean,Girard,41620352019950,Lille,79218.72,EMP
4177,Marie,Girard,50779026680256,Bordeaux,18118.54,EMP
4178,Lucas,Dupont,58299411323718,Lille,78564.70,EMP
4179,Nicolas,Dupont,56297903490340,Lille,15041.43,EMP
4180,Thomas,Martin,75381254174086,Lyon,84211.79,EMP
4181,Chloé,Laurent,71716961584251,Lille,32670.30,EMP
4182,Lucas,Martin,44716095031953,Lille,56240.79,EMP
4183,Jean,Girard,55902106232030,Paris,20946.75,EMP
4184,Camille,Martin,87789525767846,Marseille,33233.83,EMP
4185,Chloé,Laurent,40346628586433,Bordeaux,42273.20,EMP
4186,Marie,Girard,86463387964765,Paris,67202.75,EMP
4187,Nicolas,Girard,50772254969372,Paris,25978.78,EMP
4188,Marie,Martin,11657648371203,Lille,60905.31,EMP
4189,Nicolas,Martin,32538970374461,Marseille,43703.96,EMP
4190,Chloé,Moreau,56606097510851,Nantes,21515.99,EMP
4191,Nicolas,Laurent,90465294113786,Lille,16502.16,EMP
4192,Nicolas,Lefebvre,85443700350927,Marseille,25212.29,EMP
4193,Nicolas,Girard,30147719274534,Lyon,59481.91,EMP
4194,Marie,Dupont,80367336042604,Lyon,76589.78,EMP
4195,Jean,Lefebvre,88120942684471,Nantes,76704.40,EMP
4196,Marie,Lefebvre,11308798123531,Lyon,29974.02,EMP
4197,Lucas,Laurent,17542723506797,Bordeaux,16751.67,EMP
4198,Camille,Laurent,42115226510488,Lyon,48271.12,EMP
4199,Lucas,Martin,46722328323258,Lyon,62440.60,EMP
4200,Thomas,Lefebvre,79575916183965,Lille,76984.22,EMP
4201,Camille,Dupont,53854582092605,Marseille,52650.44,EMP
4202,Marie,Lefebvre,19803765836848,Bordeaux,38899.03,EMP
4203,Lucas,Girard,67790269344763,Lyon,59089.16,EMP
4204,Lucas,Martin,99598186866874,Bordeaux,76882.42,EMP
4205,Camille,Moreau,69529872044058,Bordeaux,64732.57,EMP
4206,Nicolas,Moreau,30034770225893,Paris,68411.54,EMP
4207,Nicolas,Girard,19769007168765,Bordeaux,21053.10,EMP
4208,Nicolas,Moreau,48799680229989,Lyon,42264.61,EMP
4209,Nicolas,Lefebvre,49748425177325,Bordeaux,27713.57,EMP
4210,Marie,Lefebvre,68200747939347,Paris,63381.69,EMP
4211,Marie,Dupont,80138867920729,Nantes,45032.94,EMP
4212,Marie,Moreau,70656939672556,Paris,65210.65,EMP
4213,Nicolas,Girard,58453285584420,Nantes,38771.40,EMP
4214,Chloé,Girard,99025166653790,Marseille,49274.94,EMP
4215,Thomas,Lefebvre,89189461418785,Lille,15551.80,EMP
4216,Nicolas,Laurent,21104746327387,Nantes,75956.83,EMP
4217,Nicolas,Laurent,39599686945982,Lille,33905.19,EMP
4218,Marie,Laurent,93558620458438,Marseille,68470.34,EMP
4219,Thomas,Laurent,27804870153606,Marseille,26243.95,EMP
4220,Marie,Moreau,96860595604962,Lyon,37270.21,EMP
4221,Lucas,Dupont,49992528428312,Paris,61764.82,EMP
4222,Marie,Lefebvre,93415713043655,Lille,57695.46,EMP
4223,Nicolas,Girard,69530007810190,Lyon,23344.76,EMP
4224,Lucas,Laurent,18019821494491,Lyon,21935.39,EMP
4225,Camille,Martin,16685267647053,Lyon,60617.04,EMP
4226,Jean,Martin,64473712187499,Nantes,50708.26,EMP
4227,Thomas,Moreau,21435398456484,Marseille,55375.85,EMP
4228,Chloé,Moreau,33509569051212,Paris,27661.56,EMP
4229,Thomas,Moreau,59974029116523,Lyon,23844.80,EMP
4230,Lucas,Laurent,73190371266959,Paris,73129.50,EMP
4231,Lucas,Martin,30495689098325,Lille,37174.08,EMP
4232,Thomas,Laurent,74846000262314,Lyon,26028.14,EMP
4233,Nicolas,Lefebvre,39674997979410,Marseille,51886.32,EMP
4234,Lucas,Girard,86161745627977,Lille,57868.92,EMP
4235,Marie,Girard,52693738126524,Bordeaux,46966.31,EMP
4236,Chloé,Martin,14609998325563,Bordeaux,47268.88,EMP
4237,Camille,Dupont,22661874239431,Lille,52346.76,EMP
4238,Lucas,Martin,91447433892370,Lyon,46060.76,EMP
4239,Nicolas,Dupont,52227982218586,Lyon,64440.35,EMP
4240,Camille,Dupont,39797854712104,Nantes,20369.52,EMP
4241,Marie,Laurent,64264486580939,Paris,25663.41,EMP
4242,Jean,Moreau,48896191603729,Lille,56815.83,EMP
4243,Chloé,Martin,13265105253740,Lyon,57568.46,EMP
4244,Nicolas,Moreau,87944285248313,Nantes,49528.20,EMP
4245,Camille,Dupont,37732179485458,Lille,44758.81,EMP
4246,Chloé,Dupont,80009349331498,Marseille,71394.92,EMP
4247,Camille,Martin,18377992671906,Bordeaux,18070.94,EMP
4248,Chloé,Lefebvre,73938555521822,Marseille,57763.14,EMP
4249,Camille,Lefebvre,50596790328174,Paris,45856.47,EMP
4250,Thomas,Dupont,78503828821497,Lyon,59729.51,EMP
4251,Chloé,Martin,86581536090547,Paris,39100.89,EMP
4252,Chloé,Girard,31716261580821,Lyon,20645.25,EMP
4253,Nicolas,Moreau,21400775851376,Nantes,74955.29,EMP
4254,Jean,Dupont,38860117971552,Lille,89578.79,EMP
4255,Nicolas,Lefebvre,70044139825905,Marseille,18477.56,EMP
4256,Camille,Girard,13764244069542,Marseille,87888.49,EMP
4257,Camille,Martin,47983183476051,Paris,54311.04,EMP
4258,Camille,Laurent,85106945480946,Paris,63594.11,EMP
4259,Nicolas,Dupont,72177426900099,Nantes,33976.76,EMP
4260,Jean,Laurent,45787838195316,Marseille,51667.37,EMP
4261,Jean,Martin,29044529698451,Lille,43338.53,EMP
4262,Thomas,Laurent,34876460621940,Lille,86751.03,EMP
4263,Lucas,Laurent,28179711473069,Bordeaux,61363.00,EMP
4264,Nicolas,Lefebvre,43430775389046,Lyon,19789.58,EMP
4265,Jean,Girard,77011069895537,Bordeaux,33398.61,EMP
4266,Jean,Moreau,52553871345847,Bordeaux,75080.13,EMP
4267,Thomas,Girard,35667595406171,Bordeaux,84753.36,EMP
4268,Jean,Martin,84068255607761,Nantes,89823.30,EMP
4269,Marie,Laurent,71536570151346,Lille,67105.77,EMP
4270,Chloé,Martin,73780322578924,Bordeaux,47599.50,EMP
4271,Nicolas,Lefebvre,29774090529005,Bordeaux,33647.95,EMP
4272,Thomas,Dupont,41459728450638,Marseille,54162.54,EMP
4273,Chloé,Moreau,53652781775303,Nantes,49626.03,EMP
4274,Marie,Martin,34167209598858,Bordeaux,42412.08,EMP
4275,Thomas,Moreau,15577673561712,Lyon,52073.20,EMP
4276,Nicolas,Lefebvre,80599345345353,Bordeaux,30239.44,EMP
4277,Thomas,Lefebvre,63398377023564,Lille,57174.90,EMP
4278,Nicolas,Dupont,88025902831516,Lyon,17655.90,EMP
4279,Camille,Lefebvre,89141185871731,Lyon,24643.61,EMP
4280,Jean,Lefebvre,71268791324274,Marseille,59955.51,EMP
4281,Thomas,Laurent,24091382851246,Marseille,30670.39,EMP
4282,Chloé,Martin,59201478799340,Bordeaux,39915.90,EMP
4283,Nicolas,Martin,77302272565816,Marseille,29132.85,EMP
4284,Lucas,Moreau,85077027895918,Lille,44603.83,EMP
4285,Marie,Dupont,31075662985321,Bordeaux,75845.84,EMP
4286,Nicolas,Moreau,71089351134210,Lyon,46101.75,EMP
4287,Thomas,Girard,98988545128701,Bordeaux,15528.03,EMP
4288,Nicolas,Girard,49571967957279,Lille,20134.19,EMP
4289,Nicolas,Girard,18955637911753,Bordeaux,71125.45,EMP
4290,Camille,Lefebvre,35233848354415,Lille,40815.22,EMP
4291,Camille,Dupont,15634538396086,Lille,26189.95,EMP
4292,Nicolas,Martin,60701787156835,Bordeaux,26980.95,EMP
4293,Camille,Girard,59427972991903,Lille,58408.05,EMP
4294,Thomas,Girard,58568423172513,Paris,85580.10,EMP
4295,Jean,Lefebvre,63302357256116,Lille,64565.76,EMP
4296,Lucas,Martin,66034889944513,Bordeaux,82356.50,EMP
4297,Thomas,Martin,18969949705725,Bordeaux,24700.22,EMP
4298,Lucas,Moreau,39836460846613,Marseille,68357.32,EMP
4299,Nicolas,Dupont,56996487953553,Marseille,30153.75,EMP
4300,Camille,Dupont,27025869907865,Paris,88440.31,EMP
4301,Chloé,Dupont,71335180110839,Paris,62205.48,EMP
4302,Chloé,Girard,51055555598484,Marseille,50444.41,EMP
4303,Jean,Martin,12755922724344,Lille,45543.39,EMP
4304,Lucas,Lefebvre,48513359212021,Marseille,29408.51,EMP
4305,Thomas,Lefebvre,20414425795457,Marseille,19843.97,EMP
4306,Lucas,Martin,52308227834495,Nantes,63905.02,EMP
4307,Marie,Girard,49477297277031,Marseille,77743.09,EMP
4308,Thomas,Martin,58250271148706,Lille,48940.24,EMP
4309,Lucas,Martin,77412036327665,Nantes,46914.31,EMP
4310,Lucas,Dupont,25128656811594,Lille,89386.32,EMP
4311,Chloé,Martin,65836507559774,Lyon,83278.74,EMP
4312,Lucas,Martin,11513515473904,Marseille,22523.17,EMP
4313,Thomas,Girard,34793407163731,Lyon,36522.52,EMP
4314,Camille,Martin,19046446605246,Bordeaux,80405.51,EMP
4315,Nicolas,Girard,94057954362858,Lille,63262.58,EMP
4316,Nicolas,Lefebvre,81292226194873,Lyon,75051.80,EMP
4317,Marie,Lefebvre,71024407312417,Lyon,79788.89,EMP
4318,Lucas,Girard,29591134266484,Bordeaux,50175.03,EMP
4319,Lucas,Martin,48717124515578,Marseille,51793.05,EMP
4320,Lucas,Lefebvre,47247004899467,Nantes,61526.27,EMP
4321,Nicolas,Girard,31036260710097,Lille,47932.82,EMP
4322,Nicolas,Girard,34994240381592,Lille,58370.71,EMP
4323,Jean,Girard,55624615968115,Paris,66132.80,EMP
4324,Lucas,Lefebvre,32823978202120,Paris,52983.73,EMP
4325,Marie,Moreau,92324367719305,Nantes,81171.76,EMP
4326,Camille,Martin,92963904643854,Bordeaux,30881.83,EMP
4327,Chloé,Dupont,58437010044551,Lyon,28924.06,EMP
4328,Lucas,Lefebvre,50608218402220,Bordeaux,80605.32,EMP
4329,Thomas,Girard,45983423176962,Nantes,71668.71,EMP
4330,Thomas,Moreau,51588316964094,Marseille,50232.65,EMP
4331,Thomas,Martin,84521286640915,Paris,16262.64,EMP
4332,Nicolas,Dupont,42651532205180,Lille,81690.76,EMP
4333,Nicolas,Girard,11785311246885,Paris,82087.47,EMP
4334,Chloé,Moreau,65230261822596,Lille,38727.60,EMP
4335,Thomas,Girard,26494738857738,Paris,85893.95,EMP
4336,Marie,Lefebvre,83921039686307,Marseille,69789.58,EMP
4337,Thomas,Laurent,33082314808317,Marseille,32784.50,EMP
4338,Lucas,Dupont,75995430079153,Nantes,58830.84,EMP
4339,Lucas,Laurent,98152670987692,Lyon,26162.17,EMP
4340,Nicolas,Martin,56326477923705,Lyon,82635.86,EMP
4341,Lucas,Lefebvre,63913812105201,Lyon,16858.45,EMP
4342,Lucas,Girard,71779495800712,Lille,37415.86,EMP
4343,Jean,Moreau,79288071219794,Marseille,53160.32,EMP
4344,Camille,Dupont,25854945398984,Lyon,74052.71,EMP
4345,Marie,Dupont,82020473899360,Marseille,62596.88,EMP
4346,Jean,Dupont,42662332737846,Lille,40146.19,EMP
4347,Chloé,Laurent,25930769201965,Nantes,80829.07,EMP
4348,Marie,Dupont,17105806244928,Lyon,42196.09,EMP
4349,Camille,Dupont,54351728368365,Nantes,60196.90,EMP
4350,Chloé,Lefebvre,41011097714284,Marseille,35464.07,EMP
4351,Nicolas,Lefebvre,40172890614609,Bordeaux,58544.57,EMP
4352,Lucas,Dupont,24488353909853,Lyon,46615.43,EMP
4353,Nicolas,Girard,26958905593293,Bordeaux,16993.69,EMP
4354,Chloé,Martin,78550244598123,Nantes,69039.74,EMP
4355,Jean,Martin,98666310115329,Bordeaux,75692.34,EMP
4356,Thomas,Dupont,56585884027251,Paris,89339.57,EMP
4357,Thomas,Lefebvre,71758009465610,Bordeaux,65105.77,EMP
4358,Thomas,Girard,71372758423508,Paris,28012.90,EMP
4359,Thomas,Moreau,83830375475001,Lyon,60446.05,EMP
4360,Jean,Girard,71610418522327,Nantes,73428.54,EMP
4361,Lucas,Martin,21153981881770,Nantes,50975.61,EMP
4362,Thomas,Lefebvre,11476892472730,Paris,50914.77,EMP
4363,Lucas,Martin,62449258639153,Marseille,21277.91,EMP
4364,Camille,Girard,54210389492602,Lille,25481.49,EMP
4365,Lucas,Moreau,40026051877438,Bordeaux,61161.95,EMP
4366,Lucas,Dupont,34379734301272,Paris,61482.71,EMP
4367,Chloé,Laurent,21734277117958,Bordeaux,78886.70,EMP
4368,Chloé,Lefebvre,72048249304249,Nantes,42528.01,EMP
4369,Camille,Lefebvre,88659930192606,Lille,53320.63,EMP
4370,Lucas,Laurent,82193310060227,Paris,54730.55,EMP
4371,Marie,Moreau,23470045358451,Nantes,36219.31,EMP
4372,Thomas,Girard,79534833903570,Nantes,40949.64,EMP
4373,Lucas,Martin,66983532608608,Marseille,83130.22,EMP
4374,Chloé,Girard,92304361231391,Paris,68616.37,EMP
4375,Camille,Girard,73350536565857,Lyon,48982.40,EMP
4376,Chloé,Laurent,60596653373213,Nantes,19354.01,EMP
4377,Nicolas,Girard,63769673564004,Lyon,30913.48,EMP
4378,Chloé,Martin,62918959916849,Marseille,61421.41,EMP
4379,Lucas,Dupont,38810050354489,Marseille,32646.95,EMP
4380,Marie,Laurent,81458695129685,Bordeaux,19067.30,EMP
4381,Camille,Martin,60903671702412,Paris,81470.77,EMP
4382,Nicolas,Dupont,55718861107090,Lyon,46766.56,EMP
4383,Chloé,Moreau,44369927338493,Marseille,34156.31,EMP
4384,Chloé,Moreau,72616267940259,Lille,44716.08,EMP
4385,Thomas,Moreau,35179221763230,Paris,87408.20,EMP
4386,Camille,Dupont,72040355197678,Paris,35040.39,EMP
4387,Lucas,Laurent,33055178216985,Marseille,76794.27,EMP
4388,Marie,Dupont,29568642845867,Nantes,25472.68,EMP
4389,Chloé,Moreau,28927752651500,Lyon,63577.05,EMP
4390,Camille,Dupont,92397486976139,Lille,56714.16,EMP
4391,Nicolas,Girard,87184877006082,Lille,65256.80,EMP
4392,Jean,Moreau,36314307484759,Bordeaux,15911.46,EMP
4393,Nicolas,Girard,83477707898094,Bordeaux,53191.20,EMP
4394,Jean,Dupont,69454286338145,Bordeaux,68204.73,EMP
4395,Nicolas,Girard,27487658099801,Paris,34689.94,EMP
4396,Camille,Laurent,39852326778064,Bordeaux,39097.23,EMP
4397,Thomas,Lefebvre,17581930384728,Lyon,15861.76,EMP
4398,Nicolas,Martin,68078650556849,Bordeaux,15401.91,EMP
4399,Chloé,Dupont,76468802417502,Marseille,82374.49,EMP
4400,Lucas,Moreau,17097959775492,Marseille,34760.16,EMP
4401,Marie,Girard,46300874545976,Lyon,29086.41,EMP
4402,Marie,Dupont,11401664193376,Lille,48986.42,EMP
4403,Chloé,Laurent,18713060387448,Lille,89359.14,EMP
4404,Jean,Martin,34373756731810,Lyon,22777.08,EMP
4405,Thomas,Girard,18537410658229,Bordeaux,16283.86,EMP
4406,Nicolas,Martin,27427059003661,Lille,81128.07,EMP
4407,Lucas,Girard,19213710407094,Lille,78333.74,EMP
4408,Marie,Martin,20817529158165,Paris,23472.47,EMP
4409,Chloé,Girard,67683173132679,Lille,82507.61,EMP
4410,Lucas,Girard,80873580320952,Lille,77750.10,EMP
4411,Camille,Moreau,90165116063120,Lille,48582.13,EMP
4412,Marie,Dupont,33828531255678,Marseille,60065.24,EMP
4413,Chloé,Martin,34977989519689,Bordeaux,50936.74,EMP
4414,Chloé,Dupont,11291889467989,Lille,59409.96,EMP
4415,Nicolas,Girard,42879984215872,Lyon,45545.16,EMP
4416,Thomas,Martin,92485248358418,Marseille,48193.46,EMP
4417,Chloé,Martin,32472447966983,Marseille,75391.28,EMP
4418,Nicolas,Laurent,39761411948592,Lyon,79704.83,EMP
4419,Chloé,Dupont,27720651528903,Paris,18642.65,EMP
4420,Marie,Moreau,13285265664580,Marseille,24582.26,EMP
4421,Marie,Moreau,32546277384139,Paris,29098.16,EMP
4422,Marie,Dupont,52693023931568,Paris,19476.78,EMP
4423,Nicolas,Laurent,71006958515317,Lyon,51427.34,EMP
4424,Thomas,Girard,61143511309741,Bordeaux,85570.71,EMP
4425,Chloé,Laurent,18116514659197,Lille,87932.22,EMP
4426,Lucas,Martin,24657125816890,Bordeaux,71870.54,EMP
4427,Thomas,Lefebvre,51601451218409,Lille,34602.74,EMP
4428,Marie,Dupont,30536000277327,Bordeaux,59147.21,EMP
4429,Nicolas,Girard,56099882745853,Bordeaux,20940.48,EMP
4430,Camille,Moreau,95558010190733,Paris,83664.12,EMP
4431,Lucas,Laurent,42193186127716,Lille,64262.50,EMP
4432,Thomas,Girard,28718570823612,Nantes,16841.88,EMP
4433,Marie,Dupont,52800023687480,Nantes,87451.25,EMP
4434,Thomas,Laurent,62935958342543,Lyon,72060.35,EMP
4435,Lucas,Dupont,70742190115453,Marseille,76825.76,EMP
4436,Camille,Moreau,95065854768000,Lille,86636.28,EMP
4437,Marie,Girard,86687059547575,Bordeaux,46524.35,EMP
4438,Thomas,Moreau,80064041960801,Paris,16995.57,EMP
4439,Chloé,Martin,94610228976951,Paris,29944.19,EMP
4440,Thomas,Martin,82048385033808,Lyon,54460.97,EMP
4441,Chloé,Lefebvre,54610853777183,Paris,27247.08,EMP
4442,Lucas,Laurent,45176359792640,Lyon,80536.76,EMP
4443,Chloé,Lefebvre,46282306809879,Lyon,33657.45,EMP
4444,Marie,Lefebvre,62590484016400,Paris,23899.18,EMP
4445,Lucas,Martin,22323516886152,Lille,18515.33,EMP
4446,Thomas,Moreau,57793244048381,Nantes,50572.87,EMP
4447,Thomas,Dupont,15874231851590,Nantes,19167.02,EMP
4448,Marie,Girard,46434021089379,Nantes,63247.18,EMP
4449,Thomas,Moreau,55003309893416,Lyon,37803.94,EMP
4450,Nicolas,Martin,61917791236464,Bordeaux,58223.58,EMP
4451,Chloé,Martin,15838582453149,Nantes,79235.04,EMP
4452,Marie,Lefebvre,54026461837118,Nantes,65671.88,EMP
4453,Jean,Lefebvre,74022578180752,Lyon,56667.46,EMP
4454,Chloé,Lefebvre,20315924945507,Bordeaux,24665.12,EMP
4455,Chloé,Moreau,54185721354472,Lille,35301.07,EMP
4456,Marie,Laurent,67175860839707,Nantes,66831.06,EMP
4457,Marie,Moreau,56482211351370,Paris,37117.67,EMP
4458,Jean,Dupont,92673425162284,Nantes,25796.10,EMP
4459,Chloé,Girard,32911538780598,Lille,42864.53,EMP
4460,Lucas,Dupont,55417354607308,Lyon,29108.18,EMP
4461,Chloé,Moreau,43717058646048,Nantes,30691.42,EMP
4462,Marie,Dupont,50678566143961,Bordeaux,19471.73,EMP
4463,Chloé,Moreau,24793669223614,Nantes,15442.75,EMP
4464,Thomas,Lefebvre,86140216165133,Lyon,87612.73,EMP
4465,Marie,Girard,38409454795249,Bordeaux,56585.48,EMP
4466,Chloé,Moreau,79546238668500,Marseille,35694.73,EMP
4467,Marie,Martin,23927001891122,Lille,16913.72,EMP
4468,Nicolas,Martin,25087830514588,Bordeaux,77717.68,EMP
4469,Chloé,Dupont,29085462385689,Marseille,35818.36,EMP
4470,Lucas,Moreau,19408686873228,Bordeaux,57007.18,EMP
4471,Marie,Girard,69869013035564,Lille,75645.36,EMP
4472,Lucas,Girard,96521687547102,Bordeaux,78220.25,EMP
4473,Lucas,Girard,94434815821475,Paris,82204.41,EMP
4474,Lucas,Laurent,30663473185179,Lyon,29783.51,EMP
4475,Marie,Lefebvre,48311211951196,Paris,72268.05,EMP
4476,Camille,Lefebvre,13879552037061,Lyon,78534.00,EMP
4477,Lucas,Moreau,65493931963018,Nantes,34014.46,EMP
4478,Thomas,Girard,13847647672096,Nantes,52147.33,EMP
4479,Camille,Martin,63107859294725,Marseille,19805.28,EMP
4480,Lucas,Martin,67583499283873,Lyon,61876.21,EMP
4481,Thomas,Dupont,36161223833553,Bordeaux,80963.61,EMP
4482,Jean,Lefebvre,77967520632211,Marseille,63361.57,EMP
4483,Lucas,Lefebvre,70483183884423,Marseille,55789.66,EMP
4484,Chloé,Dupont,27089033263072,Marseille,29320.40,EMP
4485,Camille,Dupont,79535003584550,Bordeaux,62502.26,EMP
4486,Marie,Dupont,77858532074495,Lyon,44700.78,EMP
4487,Marie,Martin,40287151057034,Nantes,79305.53,EMP
4488,Nicolas,Laurent,54353868812896,Nantes,87167.36,EMP
4489,Chloé,Moreau,40658651303203,Lyon,74805.56,EMP
4490,Nicolas,Laurent,92812671075602,Bordeaux,62423.30,EMP
4491,Lucas,Laurent,61732799439520,Lyon,21206.10,EMP
4492,Marie,Laurent,50517494683073,Bordeaux,27946.26,EMP
4493,Camille,Moreau,45709591162220,Lille,21721.02,EMP
4494,Jean,Lefebvre,10489164031146,Bordeaux,57589.39,EMP
4495,Thomas,Lefebvre,17875379945275,Lille,18020.86,EMP
4496,Nicolas,Dupont,49827195015338,Paris,66040.89,EMP
4497,Jean,Moreau,11716113148955,Marseille,63709.51,EMP
4498,Nicolas,Girard,20087899566812,Lille,80976.91,EMP
4499,Nicolas,Laurent,53094787908801,Nantes,45503.96,EMP
4500,Chloé,Lefebvre,48115418201231,Nantes,64353.79,EMP
4501,Jean,Girard,55220163882413,Bordeaux,41105.45,EMP
4502,Nicolas,Martin,82613973503199,Nantes,58695.62,EMP
4503,Lucas,Dupont,72445628362054,Bordeaux,82097.21,EMP
4504,Marie,Lefebvre,56744859821154,Nantes,72199.03,EMP
4505,Thomas,Moreau,71874882115347,Lyon,47238.41,EMP
4506,Camille,Lefebvre,27205501842944,Bordeaux,36753.01,EMP
4507,Lucas,Lefebvre,26223243305042,Nantes,17739.16,EMP
4508,Thomas,Laurent,27956682725759,Lyon,18696.14,EMP
4509,Camille,Girard,61180934501373,Bordeaux,38353.65,EMP
4510,Thomas,Dupont,96362239471563,Lyon,74167.56,EMP
4511,Marie,Dupont,20592324815901,Paris,39316.81,EMP
4512,Marie,Martin,51109140027312,Nantes,24388.57,EMP
4513,Chloé,Moreau,43743818089028,Paris,26381.68,EMP
4514,Lucas,Lefebvre,95200425006064,Paris,87114.50,EMP
4515,Camille,Dupont,69756544622682,Lyon,30778.27,EMP
4516,Lucas,Laurent,77279924541754,Paris,36718.25,EMP
4517,Chloé,Martin,83428967555948,Lille,44941.21,EMP
4518,Jean,Girard,59248466625551,Paris,63734.86,EMP
4519,Nicolas,Dupont,91513555983057,Paris,54459.07,EMP
4520,Jean,Girard,10317063485858,Marseille,66879.37,EMP
4521,Marie,Martin,71190104336652,Marseille,78781.96,EMP
4522,Lucas,Lefebvre,56088317490591,Nantes,42554.14,EMP
4523,Chloé,Moreau,71766276194224,Paris,64564.34,EMP
4524,Chloé,Martin,82917344604714,Paris,18783.03,EMP
4525,Nicolas,Lefebvre,30402001888699,Nantes,72156.82,EMP
4526,Camille,Martin,44657186368117,Marseille,18772.01,EMP
4527,Camille,Girard,51653785281261,Marseille,18459.40,EMP
4528,Marie,Dupont,38220478659482,Bordeaux,75562.16,EMP
4529,Nicolas,Lefebvre,10270010677982,Paris,89376.87,EMP
4530,Marie,Martin,20744599663877,Nantes,60943.66,EMP
4531,Marie,Moreau,30790987629900,Lille,74687.19,EMP
4532,Thomas,Girard,39370477474956,Nantes,80679.11,EMP
4533,Chloé,Laurent,40693993550847,Lille,72759.36,EMP
4534,Jean,Martin,78046330471719,Marseille,69821.13,EMP
4535,Thomas,Martin,51313884838595,Nantes,71203.17,EMP
4536,Jean,Laurent,37430960856009,Bordeaux,85905.14,EMP
4537,Chloé,Dupont,25338787818536,Paris,19709.31,EMP
4538,Chloé,Moreau,56912959442661,Paris,72278.66,EMP
4539,Nicolas,Lefebvre,29004892895341,Lille,80799.54,EMP
4540,Thomas,Dupont,49754459808299,Lille,57606.53,EMP
4541,Marie,Martin,13330247239370,Nantes,34694.19,EMP
4542,Lucas,Martin,58679950353407,Paris,64491.46,EMP
4543,Camille,Lefebvre,34843354391165,Nantes,39495.36,EMP
4544,Jean,Lefebvre,86908374630295,Lyon,65123.55,EMP
4545,Thomas,Laurent,30354051753487,Marseille,46172.92,EMP
4546,Nicolas,Girard,48297091174676,Bordeaux,17564.25,EMP
4547,Thomas,Moreau,34742547476505,Bordeaux,28792.10,EMP
4548,Camille,Lefebvre,33661354522472,Paris,35770.46,EMP
4549,Camille,Girard,98647927071912,Lille,24104.87,EMP
4550,Lucas,Girard,77356961401286,Paris,23953.67,EMP
4551,Camille,Girard,92705147461030,Lyon,31506.65,EMP
4552,Camille,Girard,77880151452254,Lyon,76509.76,EMP
4553,Marie,Martin,22440588021607,Bordeaux,82736.25,EMP
4554,Jean,Moreau,90407535592475,Paris,43092.57,EMP
4555,Nicolas,Lefebvre,93377749409170,Paris,26950.47,EMP
4556,Chloé,Laurent,78634847613410,Marseille,83165.09,EMP
4557,Nicolas,Martin,42505772036110,Lille,79380.31,EMP
4558,Camille,Lefebvre,44579765901616,Paris,77386.96,EMP
4559,Jean,Girard,34956095858373,Nantes,64501.76,EMP
4560,Marie,Laurent,58201738842513,Lille,27625.83,EMP
4561,Marie,Moreau,72358354939534,Marseille,71022.32,EMP
4562,Chloé,Girard,23035078524513,Lyon,30156.42,EMP
4563,Chloé,Girard,41746573128146,Marseille,16324.22,EMP
4564,Thomas,Dupont,31295253819978,Paris,60960.03,EMP
4565,Marie,Moreau,98443335706677,Bordeaux,84239.88,EMP
4566,Jean,Dupont,69902931748173,Bordeaux,67489.08,EMP
4567,Chloé,Girard,43469928630759,Nantes,25647.91,EMP
4568,Chloé,Dupont,98926064806771,Paris,17119.53,EMP
4569,Nicolas,Girard,64288785697216,Lille,87416.90,EMP
4570,Thomas,Girard,40059995919803,Paris,84108.90,EMP
4571,Marie,Moreau,95324989281690,Marseille,72949.19,EMP
4572,Chloé,Girard,68511547779422,Paris,29017.60,EMP
4573,Jean,Laurent,70404699260722,Bordeaux,61447.17,EMP
4574,Jean,Lefebvre,53618310266464,Bordeaux,65588.79,EMP
4575,Jean,Martin,13511726072056,Bordeaux,71098.52,EMP
4576,Jean,Martin,97093242517166,Paris,52165.23,EMP
4577,Marie,Moreau,33330928492558,Bordeaux,54108.76,EMP
4578,Chloé,Girard,19106272494085,Bordeaux,48785.37,EMP
4579,Thomas,Lefebvre,79070162409285,Marseille,57655.79,EMP
4580,Lucas,Dupont,69680493203384,Paris,83831.78,EMP
4581,Lucas,Lefebvre,85597225342585,Bordeaux,56119.26,EMP
4582,Marie,Dupont,54968017625000,Marseille,69231.75,EMP
4583,Marie,Martin,31004652456629,Lyon,55184.66,EMP
4584,Lucas,Lefebvre,10221042986848,Marseille,35314.49,EMP
4585,Nicolas,Moreau,63253141485399,Bordeaux,83988.51,EMP
4586,Thomas,Martin,65106862133160,Lille,20749.19,EMP
4587,Jean,Dupont,38645546260411,Paris,40643.50,EMP
4588,Lucas,Girard,40462607145981,Marseille,32117.82,EMP
4589,Camille,Martin,73729274542521,Nantes,73152.89,EMP
4590,Chloé,Dupont,39776797624378,Paris,51974.32,EMP
4591,Chloé,Girard,27494160869746,Nantes,51413.23,EMP
4592,Camille,Girard,63763370663635,Bordeaux,79553.15,EMP
4593,Marie,Lefebvre,27302776339605,Lyon,46138.41,EMP
4594,Nicolas,Girard,24591228135765,Bordeaux,51210.33,EMP
4595,Jean,Martin,51600626708635,Paris,30525.05,EMP
4596,Thomas,Dupont,38287005729414,Lyon,77210.91,EMP
4597,Thomas,Lefebvre,12001167862005,Lille,21948.51,EMP
4598,Thomas,Moreau,46483876606627,Paris,86736.62,EMP
4599,Marie,Girard,66799252634182,Paris,45205.49,EMP
4600,Lucas,Moreau,64637881357462,Nantes,62377.99,EMP
4601,Jean,Laurent,11997312280581,Nantes,30635.14,EMP
4602,Nicolas,Dupont,99788305490409,Lyon,54528.96,EMP
4603,Nicolas,Girard,70965593914640,Bordeaux,64051.26,EMP
4604,Camille,Martin,59476672145343,Marseille,76747.95,EMP
4605,Nicolas,Lefebvre,15851746635588,Nantes,73547.95,EMP
4606,Marie,Martin,75274645386486,Lille,77543.67,EMP
4607,Chloé,Lefebvre,11400429880501,Nantes,49441.32,EMP
4608,Lucas,Moreau,22913671133049,Marseille,17897.22,EMP
4609,Lucas,Laurent,98288095386381,Nantes,61444.10,EMP
4610,Marie,Dupont,74174289382756,Bordeaux,44081.99,EMP
4611,Thomas,Girard,38419902117400,Lille,33509.40,EMP
4612,Thomas,Moreau,61871298937411,Nantes,63099.50,EMP
4613,Chloé,Dupont,15619955629830,Marseille,43822.71,EMP
4614,Nicolas,Dupont,60740189419138,Lille,37908.98,EMP
4615,Chloé,Moreau,74184973255978,Lyon,17839.62,EMP
4616,Camille,Lefebvre,68483350238302,Marseille,43989.26,EMP
4617,Thomas,Martin,15492858765449,Marseille,38485.14,EMP
4618,Marie,Moreau,23871936654068,Marseille,67747.16,EMP
4619,Chloé,Dupont,29811327736788,Marseille,84624.56,EMP
4620,Nicolas,Girard,22207191592939,Marseille,50766.38,EMP
4621,Thomas,Moreau,39320014327180,Paris,31315.22,EMP
4622,Thomas,Lefebvre,74899656714318,Marseille,85807.72,EMP
4623,Marie,Dupont,80631070440844,Nantes,75859.69,EMP
4624,Camille,Laurent,22916584923377,Lille,60347.99,EMP
4625,Marie,Lefebvre,16425829110798,Bordeaux,79691.69,EMP
4626,Nicolas,Moreau,45270810723804,Marseille,89389.48,EMP
4627,Jean,Lefebvre,49711617274544,Nantes,73915.23,EMP
4628,Marie,Martin,64321084368764,Bordeaux,66377.07,EMP
4629,Jean,Dupont,52368505995538,Paris,85561.31,EMP
4630,Marie,Girard,33634938821661,Bordeaux,45813.57,EMP
4631,Nicolas,Laurent,78989176594481,Lyon,82195.88,EMP
4632,Jean,Laurent,97192192483350,Marseille,16828.83,EMP
4633,Camille,Laurent,78044185201991,Nantes,20172.91,EMP
4634,Thomas,Moreau,27421194850829,Lille,44710.01,EMP
4635,Marie,Moreau,63267751060755,Lille,29060.76,EMP
4636,Chloé,Lefebvre,99541514328710,Lyon,76386.68,EMP
4637,Thomas,Lefebvre,61960670316701,Marseille,43860.34,EMP
4638,Lucas,Laurent,31377779839905,Lyon,79834.75,EMP
4639,Marie,Laurent,73651257677441,Lyon,84762.92,EMP
4640,Thomas,Girard,91107653491461,Nantes,45144.08,EMP
4641,Camille,Dupont,38351002509089,Lyon,79530.10,EMP
4642,Chloé,Lefebvre,48725438484150,Lille,19133.02,EMP
4643,Chloé,Martin,99337573529000,Lille,78633.78,EMP
4644,Nicolas,Dupont,63564526892327,Lyon,72564.08,EMP
4645,Chloé,Girard,98303599780604,Bordeaux,68503.03,EMP
4646,Camille,Moreau,53477496107548,Marseille,54945.99,EMP
4647,Marie,Moreau,75923483993228,Nantes,39722.88,EMP
4648,Nicolas,Lefebvre,64155528574991,Paris,18321.54,EMP
4649,Lucas,Martin,45134673849213,Bordeaux,46043.73,EMP
4650,Thomas,Girard,49124313822501,Marseille,56845.55,EMP
4651,Nicolas,Moreau,59198035599920,Paris,30112.12,EMP
4652,Chloé,Martin,37065317272340,Lyon,63961.99,EMP
4653,Lucas,Martin,36181436746882,Bordeaux,37551.91,EMP
4654,Thomas,Dupont,21808347819304,Lyon,59656.16,EMP
4655,Thomas,Moreau,65217785945090,Paris,46248.88,EMP
4656,Camille,Moreau,39378598907032,Paris,87140.23,EMP
4657,Jean,Girard,74264567570135,Nantes,36454.80,EMP
4658,Jean,Martin,30090776261536,Bordeaux,48165.10,EMP
4659,Thomas,Laurent,70657941892467,Nantes,82037.80,EMP
4660,Chloé,Girard,25663528324601,Lyon,37612.69,EMP
4661,Chloé,Lefebvre,22215278695825,Lille,34686.18,EMP
4662,Chloé,Moreau,45432897892162,Marseille,52389.28,EMP
4663,Jean,Martin,44467280362697,Nantes,19705.09,EMP
4664,Jean,Moreau,21763303133703,Lille,19084.25,EMP
4665,Marie,Moreau,16235313273308,Bordeaux,46795.19,EMP
4666,Jean,Girard,25826540843182,Lyon,86580.05,EMP
4667,Marie,Martin,82506948149826,Paris,41094.28,EMP
4668,Jean,Dupont,64672483262917,Lille,32924.62,EMP
4669,Marie,Martin,60829353287438,Marseille,68285.56,EMP
4670,Chloé,Moreau,64298353329257,Lille,72281.70,EMP
4671,Lucas,Laurent,54128119472116,Marseille,56387.80,EMP
4672,Jean,Lefebvre,56070780574009,Paris,28768.83,EMP
4673,Nicolas,Dupont,35812200936237,Marseille,68742.76,EMP
4674,Marie,Moreau,63637207561662,Lyon,38268.19,EMP
4675,Jean,Martin,11483298141464,Paris,43344.02,EMP
4676,Lucas,Martin,45074162962050,Marseille,20347.12,EMP
4677,Thomas,Girard,37879769963172,Lyon,45728.83,EMP
4678,Nicolas,Martin,20317036175884,Lyon,59076.33,EMP
4679,Nicolas,Laurent,80132354885452,Nantes,37676.67,EMP
4680,Thomas,Laurent,59781325685234,Bordeaux,29958.40,EMP
4681,Thomas,Moreau,16826542551008,Bordeaux,23298.18,EMP
4682,Chloé,Martin,71696453259062,Nantes,27681.79,EMP
4683,Camille,Moreau,61961629187240,Bordeaux,51496.25,EMP
4684,Nicolas,Girard,90576621988626,Bordeaux,22626.90,EMP
4685,Jean,Girard,49980123816738,Bordeaux,22601.71,EMP
4686,Chloé,Moreau,45139883075459,Paris,34224.88,EMP
4687,Camille,Dupont,97547221188691,Paris,65751.03,EMP
4688,Jean,Moreau,56128196457951,Lille,86493.80,EMP
4689,Thomas,Laurent,94112286291885,Paris,21431.34,EMP
4690,Chloé,Girard,65064419208158,Lyon,63271.85,EMP
4691,Lucas,Lefebvre,17225089666828,Lyon,27794.57,EMP
4692,Lucas,Girard,85306953539415,Lille,17457.44,EMP
4693,Chloé,Laurent,87992384098572,Paris,21847.59,EMP
4694,Jean,Moreau,92519173488442,Marseille,19186.21,EMP
4695,Lucas,Girard,86474571510413,Bordeaux,77103.90,EMP
4696,Camille,Moreau,61333533253571,Lille,39937.27,EMP
4697,Thomas,Moreau,58492771187356,Bordeaux,30958.78,EMP
4698,Marie,Moreau,48234022580472,Lyon,80867.44,EMP
4699,Jean,Dupont,14943161945291,Lille,76748.26,EMP
4700,Thomas,Lefebvre,81260044426121,Bordeaux,51016.73,EMP
4701,Marie,Laurent,86661564042992,Paris,58383.80,EMP
4702,Lucas,Martin,14950225328510,Marseille,22577.60,EMP
4703,Camille,Dupont,89670982255449,Lyon,42727.34,EMP
4704,Nicolas,Dupont,75426137393034,Nantes,16362.58,EMP
4705,Jean,Laurent,30971391679732,Paris,77333.05,EMP
4706,Camille,Girard,21706497138034,Lyon,26359.50,EMP
4707,Chloé,Dupont,93605881283342,Nantes,41472.20,EMP
4708,Chloé,Dupont,35991473996094,Nantes,70221.20,EMP
4709,Chloé,Moreau,82347183424128,Lille,62220.04,EMP
4710,Camille,Laurent,29954324160835,Lille,40586.05,EMP
4711,Thomas,Lefebvre,94881934122561,Lyon,22998.77,EMP
4712,Marie,Laurent,40795201415062,Nantes,77589.49,EMP
4713,Lucas,Girard,92094159492193,Marseille,55060.04,EMP
4714,Thomas,Martin,58530053622181,Lyon,67692.75,EMP
4715,Thomas,Moreau,69763661658395,Lyon,30485.38,EMP
4716,Nicolas,Martin,79024768286948,Paris,22595.03,EMP
4717,Nicolas,Dupont,71898712986058,Lille,52845.32,EMP
4718,Lucas,Moreau,53556390724906,Nantes,60422.31,EMP
4719,Jean,Dupont,89349555034148,Paris,19486.61,EMP
4720,Lucas,Martin,91852422019947,Paris,67080.53,EMP
4721,Chloé,Lefebvre,14482892004075,Nantes,66807.03,EMP
4722,Chloé,Martin,91939828494733,Paris,32317.15,EMP
4723,Nicolas,Martin,11678798679802,Bordeaux,29480.96,EMP
4724,Jean,Moreau,63074527042464,Lyon,71917.48,EMP
4725,Nicolas,Martin,62383780206328,Marseille,18056.03,EMP
4726,Jean,Moreau,69090130078883,Bordeaux,53031.85,EMP
4727,Camille,Girard,35415289395576,Nantes,39169.12,EMP
4728,Nicolas,Dupont,76359437721375,Marseille,34260.79,EMP
4729,Chloé,Laurent,86982306483356,Lille,22985.91,EMP
4730,Chloé,Dupont,31239426504962,Marseille,15117.14,EMP
4731,Marie,Lefebvre,54691344626434,Nantes,49285.77,EMP
4732,Chloé,Martin,85715586174808,Paris,54421.70,EMP
4733,Chloé,Lefebvre,85314356522611,Paris,20409.00,EMP
4734,Chloé,Girard,62868673245082,Nantes,17792.95,EMP
4735,Lucas,Martin,27970858706203,Lyon,17608.94,EMP
4736,Nicolas,Martin,14161366025051,Lyon,50867.62,EMP
4737,Marie,Laurent,94459649241492,Marseille,62643.80,EMP
4738,Marie,Martin,97507867139056,Lyon,23920.22,EMP
4739,Nicolas,Girard,91974634875257,Bordeaux,69820.82,EMP
4740,Jean,Lefebvre,43872076706065,Bordeaux,88659.95,EMP
4741,Thomas,Girard,30540370388142,Bordeaux,58263.53,EMP
4742,Chloé,Laurent,89211541155699,Lyon,87240.17,EMP
4743,Lucas,Martin,34838008694613,Nantes,71571.89,EMP
4744,Marie,Moreau,87538698094489,Bordeaux,75867.12,EMP
4745,Chloé,Laurent,80855127374493,Paris,46956.14,EMP
4746,Jean,Laurent,91282161503891,Paris,85859.85,EMP
4747,Camille,Dupont,67196474324515,Paris,83780.41,EMP
4748,Chloé,Martin,12886621036174,Nantes,74987.16,EMP
4749,Chloé,Moreau,19478040958874,Nantes,55253.48,EMP
4750,Lucas,Dupont,51250034102732,Lyon,86237.60,EMP
4751,Marie,Girard,38319694414262,Bordeaux,17013.42,EMP
4752,Lucas,Martin,28480521815986,Paris,16626.60,EMP
4753,Thomas,Martin,58951732428783,Lyon,64271.84,EMP
4754,Camille,Lefebvre,34296362416913,Lille,15232.67,EMP
4755,Jean,Laurent,29221698931127,Marseille,69985.14,EMP
4756,Chloé,Laurent,61338660305446,Marseille,44530.79,EMP
4757,Camille,Laurent,74768498210006,Lyon,25507.91,EMP
4758,Nicolas,Martin,80176464308630,Paris,60483.11,EMP
4759,Marie,Martin,77291987327180,Nantes,76875.56,EMP
4760,Nicolas,Lefebvre,89832136467494,Lyon,37125.55,EMP
4761,Marie,Martin,39221683911068,Nantes,26084.18,EMP
4762,Marie,Moreau,21877799162958,Bordeaux,88308.14,EMP
4763,Thomas,Dupont,69172252849255,Bordeaux,41164.55,EMP
4764,Camille,Laurent,58885467180290,Lille,89466.07,EMP
4765,Thomas,Lefebvre,72493447536495,Paris,18826.71,EMP
4766,Camille,Martin,19524266816884,Paris,31098.56,EMP
4767,Nicolas,Girard,24950190432450,Paris,24899.00,EMP
4768,Thomas,Dupont,54089101116518,Paris,84796.96,EMP
4769,Jean,Laurent,49019678984320,Lyon,60544.98,EMP
4770,Chloé,Lefebvre,84908464686759,Lille,42791.13,EMP
4771,Chloé,Dupont,16472744379602,Lille,57486.05,EMP
4772,Marie,Dupont,32932085642787,Bordeaux,40011.40,EMP
4773,Chloé,Girard,59992819223457,Marseille,80006.26,EMP
4774,Marie,Laurent,19906508307589,Paris,40796.38,EMP
4775,Jean,Dupont,42125864548260,Nantes,50094.60,EMP
4776,Camille,Girard,69344497440775,Lyon,23441.14,EMP
4777,Chloé,Moreau,86566971115822,Lille,83171.61,EMP
4778,Jean,Moreau,38646826521809,Marseille,61860.80,EMP
4779,Nicolas,Dupont,93194256645567,Paris,38000.21,EMP
4780,Thomas,Martin,83593879645412,Lille,51438.88,EMP
4781,Nicolas,Girard,32584784350244,Lille,69933.79,EMP
4782,Marie,Laurent,22497217690397,Marseille,75696.81,EMP
4783,Camille,Girard,55698373306411,Lille,78217.82,EMP
4784,Thomas,Girard,86722399316888,Lille,48316.32,EMP
4785,Nicolas,Laurent,81501642117104,Paris,55085.39,EMP
4786,Thomas,Lefebvre,41865271964684,Bordeaux,22209.93,EMP
4787,Camille,Dupont,53855677036357,Lille,50647.48,EMP
4788,Jean,Lefebvre,77644451252878,Lyon,30954.65,EMP
4789,Chloé,Moreau,55667363074689,Paris,18895.65,EMP
4790,Chloé,Moreau,13711281011019,Bordeaux,56486.42,EMP
4791,Marie,Girard,32058204314264,Nantes,35019.72,EMP
4792,Thomas,Laurent,59398214335301,Lyon,56119.29,EMP
4793,Jean,Dupont,90623319749002,Paris,53864.56,EMP
4794,Chloé,Moreau,55657052608447,Paris,71235.61,EMP
4795,Nicolas,Moreau,51877517195487,Paris,69486.85,EMP
4796,Camille,Dupont,13926661798966,Bordeaux,31844.22,EMP
4797,Marie,Martin,38053746703202,Bordeaux,65673.98,EMP
4798,Thomas,Dupont,76588824915480,Lyon,78335.36,EMP
4799,Thomas,Martin,10339725237189,Lyon,61486.25,EMP
4800,Camille,Lefebvre,91687266991639,Paris,50816.29,EMP
4801,Thomas,Martin,81215445377899,Marseille,52010.51,EMP
4802,Lucas,Laurent,22884895707478,Paris,47321.77,EMP
4803,Thomas,Dupont,78416019810528,Marseille,84225.28,EMP
4804,Lucas,Dupont,36950457299756,Marseille,37819.77,EMP
4805,Jean,Laurent,47430486396950,Paris,43975.40,EMP
4806,Camille,Lefebvre,75724770181390,Nantes,52903.32,EMP
4807,Lucas,Lefebvre,23538893471935,Nantes,61158.72,EMP
4808,Chloé,Moreau,53446239212704,Marseille,67934.21,EMP
4809,Jean,Dupont,36547720252631,Bordeaux,25709.05,EMP
4810,Chloé,Moreau,84028667040440,Lille,25811.92,EMP
4811,Lucas,Laurent,52495692930590,Paris,52358.36,EMP
4812,Camille,Lefebvre,56947498817245,Marseille,53559.02,EMP
4813,Chloé,Dupont,85245105532861,Lille,15986.15,EMP
4814,Jean,Laurent,74984915332733,Lille,88268.99,EMP
4815,Marie,Girard,24072802857382,Lille,41628.39,EMP
4816,Jean,Lefebvre,70141289460195,Lille,25369.83,EMP
4817,Chloé,Girard,86689701813121,Nantes,32163.58,EMP
4818,Chloé,Moreau,75694629780970,Paris,67410.16,EMP
4819,Thomas,Laurent,24018426455576,Lille,21382.69,EMP
4820,Chloé,Moreau,32760824008944,Lille,66525.09,EMP
4821,Nicolas,Moreau,94292242433059,Lille,24416.66,EMP
4822,Jean,Laurent,24162152428055,Bordeaux,40897.23,EMP
4823,Camille,Martin,55752971924714,Lyon,24297.64,EMP
4824,Lucas,Moreau,72939941912244,Bordeaux,34867.75,EMP
4825,Camille,Lefebvre,44284781773557,Marseille,75092.55,EMP
4826,Lucas,Girard,96841704284587,Nantes,64192.47,EMP
4827,Lucas,Moreau,12333092997432,Paris,20272.51,EMP
4828,Jean,Moreau,85401269173288,Nantes,70286.15,EMP
4829,Chloé,Girard,91712352960866,Bordeaux,54524.64,EMP
4830,Lucas,Laurent,41784221954964,Lille,75651.93,EMP
4831,Chloé,Girard,90780917766534,Nantes,26744.03,EMP
4832,Thomas,Moreau,58100481572079,Lyon,36197.00,EMP
4833,Marie,Lefebvre,79383660929223,Paris,35767.15,EMP
4834,Chloé,Dupont,39368345207390,Paris,61634.31,EMP
4835,Chloé,Martin,57210406594013,Marseille,85893.79,EMP
4836,Marie,Martin,47540095792497,Marseille,72056.38,EMP
4837,Thomas,Girard,45530249273573,Lille,53375.08,EMP
4838,Jean,Moreau,17775505046899,Nantes,76348.97,EMP
4839,Chloé,Moreau,87759545353401,Paris,62693.21,EMP
4840,Jean,Moreau,30275893863341,Marseille,45217.91,EMP
4841,Jean,Dupont,29974310800847,Bordeaux,38261.68,EMP
4842,Chloé,Girard,35889735297231,Lyon,37111.36,EMP
4843,Jean,Dupont,54796072958450,Lille,20159.38,EMP
4844,Camille,Dupont,82281421072596,Bordeaux,39250.62,EMP
4845,Nicolas,Lefebvre,75738518426623,Marseille,51210.33,EMP
4846,Chloé,Lefebvre,15576931660050,Bordeaux,29666.92,EMP
4847,Nicolas,Laurent,61831232574760,Bordeaux,30681.88,EMP
4848,Marie,Lefebvre,49512820207175,Nantes,77185.47,EMP
4849,Thomas,Martin,98063183026301,Paris,78535.28,EMP
4850,Chloé,Girard,20845603904832,Lyon,33565.43,EMP
4851,Marie,Dupont,53430335371948,Marseille,38005.74,EMP
4852,Marie,Dupont,73740232601406,Bordeaux,44590.24,EMP
4853,Camille,Moreau,71648054048923,Paris,84586.05,EMP
4854,Camille,Martin,83566845824922,Lyon,87872.95,EMP
4855,Nicolas,Dupont,39756716333029,Nantes,51338.87,EMP
4856,Lucas,Lefebvre,96567526178486,Marseille,28074.93,EMP
4857,Camille,Dupont,67367375784997,Lille,72860.44,EMP
4858,Lucas,Martin,11165557296075,Paris,45467.98,EMP
4859,Chloé,Moreau,66168525839663,Nantes,60963.71,EMP
4860,Jean,Girard,42175872368795,Lille,85727.36,EMP
4861,Jean,Lefebvre,36310116464852,Lille,43003.33,EMP
4862,Nicolas,Girard,83017924979245,Lyon,79693.36,EMP
4863,Chloé,Moreau,98482059105144,Nantes,33837.37,EMP
4864,Thomas,Martin,99008936056679,Lille,47319.68,EMP
4865,Jean,Girard,54195390658762,Lille,76257.39,EMP
4866,Lucas,Laurent,98504863974699,Lyon,54126.55,EMP
4867,Camille,Martin,22757912385288,Lille,62277.07,EMP
4868,Chloé,Lefebvre,55752695627050,Paris,15602.78,EMP
4869,Chloé,Dupont,90624899420780,Bordeaux,70679.14,EMP
4870,Marie,Martin,33662119978678,Lyon,27205.77,EMP
4871,Lucas,Laurent,47923478490337,Lyon,86367.96,EMP
4872,Camille,Girard,36761313345305,Lyon,53195.00,EMP
4873,Thomas,Lefebvre,66979892664297,Marseille,58638.11,EMP
4874,Lucas,Dupont,71679174874978,Lille,50374.23,EMP
4875,Marie,Lefebvre,61414221080762,Lyon,50004.67,EMP
4876,Jean,Dupont,83098979779747,Lyon,54408.61,EMP
4877,Marie,Laurent,49370196810476,Marseille,27257.91,EMP
4878,Camille,Moreau,60526763000991,Lille,65821.09,EMP
4879,Nicolas,Laurent,88979975714834,Nantes,18577.19,EMP
4880,Thomas,Moreau,24918759789963,Marseille,46475.07,EMP
4881,Lucas,Girard,21777594930531,Marseille,34430.75,EMP
4882,Nicolas,Dupont,44259832035159,Lyon,15969.46,EMP
4883,Marie,Girard,64320858906978,Paris,51650.40,EMP
4884,Thomas,Moreau,37331970818263,Lille,47099.47,EMP
4885,Jean,Girard,16230003371245,Marseille,44602.02,EMP
4886,Nicolas,Lefebvre,96072660417318,Lyon,53196.41,EMP
4887,Chloé,Lefebvre,28798382759699,Lyon,40478.53,EMP
4888,Camille,Martin,53036293814151,Lyon,60430.01,EMP
4889,Jean,Martin,70108968750586,Paris,29424.85,EMP
4890,Marie,Laurent,24727727802179,Nantes,22100.04,EMP
4891,Lucas,Lefebvre,28257452416694,Nantes,35699.23,EMP
4892,Thomas,Dupont,88014370363701,Lyon,68004.47,EMP
4893,Thomas,Lefebvre,29575090875214,Marseille,32899.01,EMP
4894,Nicolas,Girard,98022751151136,Lyon,72416.60,EMP
4895,Chloé,Dupont,51630612104685,Marseille,20141.44,EMP
4896,Thomas,Girard,21263316030052,Lille,62647.12,EMP
4897,Thomas,Laurent,71019741881815,Lyon,67380.86,EMP
4898,Thomas,Lefebvre,33108646453114,Marseille,42445.86,EMP
4899,Camille,Moreau,15956587283516,Paris,83402.77,EMP
4900,Lucas,Martin,50826885990901,Paris,88232.81,EMP
4901,Jean,Dupont,17586513674401,Nantes,51228.84,EMP
4902,Marie,Laurent,59310027021237,Marseille,44244.10,EMP
4903,Jean,Girard,33625416461370,Lille,19263.96,EMP
4904,Camille,Girard,44696050032156,Nantes,38892.98,EMP
4905,Chloé,Dupont,30782307125152,Nantes,54580.01,EMP
4906,Camille,Martin,17327541135718,Paris,15644.13,EMP
4907,Camille,Laurent,55145236844487,Lyon,53017.57,EMP
4908,Marie,Girard,91801991789938,Bordeaux,26290.73,EMP
4909,Camille,Laurent,86548077287139,Lille,57899.75,EMP
4910,Chloé,Martin,38984574081385,Lille,53662.63,EMP
4911,Chloé,Dupont,55044651058465,Bordeaux,64659.86,EMP
4912,Camille,Laurent,35564864079786,Lille,87017.67,EMP
4913,Nicolas,Martin,44697090228187,Marseille,86223.32,EMP
4914,Jean,Lefebvre,96754087571332,Lyon,73970.10,EMP
4915,Marie,Moreau,42373077475619,Lille,34911.39,EMP
4916,Nicolas,Moreau,56563004465635,Bordeaux,19895.49,EMP
4917,Lucas,Laurent,72705927028640,Lille,55770.49,EMP
4918,Nicolas,Lefebvre,47240643816240,Nantes,37013.55,EMP
4919,Jean,Lefebvre,23892601545746,Nantes,51940.75,EMP
4920,Chloé,Girard,32591202333155,Lyon,84987.33,EMP
4921,Nicolas,Moreau,76403460074170,Nantes,85401.41,EMP
4922,Camille,Moreau,12004304959955,Lille,25091.41,EMP
4923,Jean,Dupont,84083982509582,Lyon,43706.79,EMP
4924,Jean,Dupont,20752461111937,Nantes,77818.21,EMP
4925,Nicolas,Girard,45031918742285,Bordeaux,50117.54,EMP
4926,Jean,Lefebvre,61836983059220,Bordeaux,30230.46,EMP
4927,Chloé,Laurent,30051059792635,Bordeaux,57836.25,EMP
4928,Nicolas,Lefebvre,23935180371985,Lyon,69413.41,EMP
4929,Chloé,Moreau,49825944730172,Paris,21986.10,EMP
4930,Marie,Laurent,99815763582450,Lille,65902.96,EMP
4931,Lucas,Moreau,96281366936404,Paris,42750.96,EMP
4932,Chloé,Laurent,20008816934999,Nantes,52773.69,EMP
4933,Marie,Girard,46719264510560,Paris,45652.48,EMP
4934,Lucas,Martin,21354383599243,Lyon,72195.87,EMP
4935,Marie,Lefebvre,77973571122585,Lille,77303.85,EMP
4936,Lucas,Martin,59289318845097,Paris,44476.29,EMP
4937,Marie,Martin,96602651791540,Lyon,84959.86,EMP
4938,Chloé,Dupont,36997581454570,Marseille,58085.76,EMP
4939,Lucas,Lefebvre,32895100902239,Bordeaux,62853.13,EMP
4940,Chloé,Laurent,85178949755139,Bordeaux,22857.76,EMP
4941,Chloé,Laurent,14888209592665,Lyon,18636.51,EMP
4942,Lucas,Moreau,67670549481724,Bordeaux,43246.19,EMP
4943,Camille,Lefebvre,17160597994732,Marseille,80690.03,EMP
4944,Camille,Lefebvre,75438644832267,Marseille,89121.69,EMP
4945,Chloé,Girard,73927783067615,Nantes,73839.74,EMP
4946,Marie,Dupont,58920141366930,Lyon,63147.11,EMP
4947,Thomas,Girard,26334146329254,Lyon,53160.36,EMP
4948,Chloé,Girard,71300041162218,Lyon,84528.40,EMP
4949,Lucas,Girard,56311480379631,Lyon,16654.97,EMP
4950,Camille,Martin,65618416602961,Nantes,39744.82,EMP
4951,Lucas,Laurent,31635332607288,Lyon,50380.76,EMP
4952,Jean,Laurent,14221106301351,Nantes,53253.47,EMP
4953,Nicolas,Laurent,69143468527738,Bordeaux,64606.22,EMP
4954,Camille,Laurent,54177394737101,Lille,87420.24,EMP
4955,Camille,Girard,42345722396686,Bordeaux,21416.53,EMP
4956,Lucas,Moreau,71111843636934,Lyon,45929.90,EMP
4957,Chloé,Laurent,83642307834326,Lyon,27416.09,EMP
4958,Thomas,Girard,40660368385938,Paris,46997.15,EMP
4959,Thomas,Lefebvre,36918276987790,Nantes,88921.75,EMP
4960,Nicolas,Martin,47282220851209,Lyon,88479.92,EMP
4961,Marie,Dupont,29966284220161,Nantes,75860.89,EMP
4962,Jean,Laurent,71955373922216,Nantes,68685.63,EMP
4963,Camille,Laurent,30171921304027,Nantes,77629.66,EMP
4964,Jean,Moreau,76872322103472,Paris,29607.81,EMP
4965,Camille,Moreau,16629162809083,Nantes,25230.06,EMP
4966,Chloé,Martin,70381485647896,Marseille,27181.29,EMP
4967,Chloé,Laurent,53539698076830,Bordeaux,25738.04,EMP
4968,Chloé,Laurent,25672879369123,Bordeaux,67724.06,EMP
4969,Marie,Laurent,68651164994208,Lille,23531.12,EMP
4970,Chloé,Laurent,24290600840013,Marseille,72131.10,EMP
4971,Camille,Martin,68139954006513,Paris,54349.17,EMP
4972,Nicolas,Moreau,34104919414985,Bordeaux,61274.18,EMP
4973,Chloé,Moreau,85455983901545,Bordeaux,18410.54,EMP
4974,Chloé,Laurent,12504995222823,Lyon,56635.54,EMP
4975,Lucas,Girard,80619532572610,Lyon,67893.37,EMP
4976,Camille,Lefebvre,50322023801192,Lille,22884.19,EMP
4977,Chloé,Moreau,80880375863522,Lyon,24936.28,EMP
4978,Marie,Laurent,26502366878986,Nantes,44237.72,EMP
4979,Thomas,Dupont,31999924159695,Bordeaux,35699.08,EMP
4980,Marie,Martin,97107939174096,Nantes,44489.27,EMP
4981,Marie,Moreau,72888103175241,Lyon,67260.73,EMP
4982,Lucas,Lefebvre,87680771043005,Marseille,16264.39,EMP
4983,Chloé,Laurent,68957691262931,Lille,40929.12,EMP
4984,Nicolas,Laurent,99730473192919,Lille,28317.50,EMP
4985,Nicolas,Laurent,23900664740041,Nantes,48403.63,EMP
4986,Camille,Moreau,20889439795649,Bordeaux,29030.90,EMP
4987,Thomas,Dupont,45655860710564,Bordeaux,18343.73,EMP
4988,Nicolas,Lefebvre,14881684459424,Lyon,54839.36,EMP
4989,Lucas,Laurent,10049991045709,Nantes,18268.63,EMP
4990,Chloé,Dupont,88362907357187,Marseille,75533.84,EMP
4991,Nicolas,Laurent,71955370193800,Nantes,77656.73,EMP
4992,Marie,Laurent,31754682016303,Paris,66396.03,EMP
4993,Lucas,Lefebvre,22922104682845,Lyon,47580.54,EMP
4994,Camille,Lefebvre,42191004121443,Lyon,28030.77,EMP
4995,Chloé,Dupont,98743226190491,Nantes,48982.08,EMP
4996,Jean,Moreau,48465469180693,Lille,87301.20,EMP
4997,Camille,Lefebvre,12424511454504,Lille,81701.80,EMP
4998,Lucas,Dupont,62976000931024,Lille,64054.96,EMP
4999,Thomas,Dupont,56207096122257,Nantes,38262.42,EMP
5000,Lucas,Moreau,68910565511699,Lyon,55911.13,EMP
