personId,firstname,lastname,siret,city,salary,calculatedCategory
1,Thomas,Laurent,33708241055662,Paris,21634.89,MIDDLE
2,Lucas,Girard,45150980824984,Lille,26889.51,MIDDLE
3,Jean,Laurent,36312657368841,Paris,77356.65,MASTER
4,Lucas,Laurent,41489286146174,Marseille,20988.88,MIDDLE
5,Marie,Dupont,16071688435502,Paris,17188.81,JUNIOR
6,Thomas,Dupont,62533631490673,Marseille,44486.3,MIDDLE
7,Nicolas,Lefebvre,56596002561804,Nantes,58692.66,SENIOR
8,Thomas,Martin,68561015111602,Lille,84043.31,MASTER
9,Jean,Dupont,23611526166771,Nantes,75020.5,MASTER
10,Lucas,Dupont,17246451790136,Nantes,71240.52,SENIOR
11,Thomas,Dupont,33378213411422,Marseille,21446.85,MIDDLE
12,Marie,Lefebvre,36803484026473,Marseille,62905.17,SENIOR
13,Jean,Dupont,52234127858178,Lille,18722.77,JUNIOR
14,Nicolas,Martin,86879029591664,Paris,84118.8,MASTER
15,Marie,Girard,83040656061840,Paris,55360.54,SENIOR
16,Chloé,Dupont,47207851365620,Lille,37207.56,MIDDLE
17,Thomas,Moreau,89374454518464,Bordeaux,47898.51,SENIOR
18,Marie,Dupont,99456993119586,Paris,77928.8,MASTER
19,Thomas,Laurent,52662592855568,Paris,53663.14,SENIOR
20,Nicolas,Martin,45190894570587,Lille,58771.04,SENIOR
21,Lucas,Martin,26512543250929,Lille,55816.9,SENIOR
22,Lucas,Girard,56674692845543,Paris,80641.72,MASTER
23,Chloé,Laurent,93369314034616,Marseille,88254.59,MASTER
24,Thomas,Dupont,37163482567042,Nantes,45262.58,SENIOR
25,Camille,Girard,19350339967439,Marseille,21153.05,MIDDLE
26,Lucas,Moreau,55747829342787,Lille,83289.99,MASTER
27,Camille,Lefebvre,24898562813368,Paris,54923.8,SENIOR
28,Jean,Girard,68725517355403,Nantes,86252.24,MASTER
29,Marie,Dupont,11127535400509,Lyon,23375.55,MIDDLE
30,Camille,Lefebvre,11492706201871,Marseille,74550.69,SENIOR
31,Jean,Lefebvre,43665137493754,Lille,49759.97,SENIOR
32,Jean,Dupont,49658345097278,Marseille,82709.97,MASTER
33,Camille,Moreau,10788612290379,Lyon,76384.18,MASTER
34,Thomas,Dupont,85535306974654,Paris,44090.9,MIDDLE
35,Nicolas,Dupont,66164455112514,Paris,21572.03,MIDDLE
36,Camille,Moreau,52986010641652,Marseille,87839.87,MASTER
37,Camille,Girard,11577899666445,Lyon,26344.72,MIDDLE
38,Nicolas,Girard,18427477486679,Lyon,71675.11,SENIOR
39,Marie,Girard,35384820926002,Bordeaux,82391.7,MASTER
40,Camille,Dupont,64356354033171,Marseille,18315.05,JUNIOR
41,Jean,Girard,19710392129936,Lyon,60106.49,SENIOR
42,Camille,Martin,58013860683862,Paris,25781.83,MIDDLE
43,Camille,Dupont,17249347375348,Bordeaux,52521.71,SENIOR
44,Camille,Martin,84769997782755,Nantes,41977.85,MIDDLE
45,Marie,Lefebvre,38937705007512,Lyon,62451.8,SENIOR
47,Jean,Laurent,33760197743133,Paris,78426.58,MASTER
48,Jean,Martin,69165299079557,Nantes,26836.75,MIDDLE
50,Marie,Lefebvre,14408496520177,Lyon,86737.85,MASTER
51,Jean,Moreau,85317997657127,Nantes,52725.43,SENIOR
52,Marie,Lefebvre,95498233207112,Nantes,32507.58,MIDDLE
53,Thomas,Girard,58176131645233,Paris,71108.64,SENIOR
54,Nicolas,Martin,98167826041480,Lyon,79898.6,MASTER
55,Chloé,Moreau,84166675821656,Paris,63744.66,SENIOR
56,Lucas,Lefebvre,24368220801260,Marseille,82675.74,MASTER
57,Chloé,Martin,14266123813186,Lille,87540.85,MASTER
58,Camille,Martin,49731458092118,Nantes,76629.1,MASTER
59,Thomas,Moreau,15814445156516,Lyon,49818.99,SENIOR
60,Thomas,Martin,53445047535229,Paris,25888.93,MIDDLE
61,Marie,Dupont,89337621929005,Paris,42218.62,MIDDLE
63,Thomas,Dupont,45635277878176,Paris,43080.0,MIDDLE
64,Nicolas,Girard,33415136961998,Lyon,24348.15,MIDDLE
65,Camille,Dupont,68712645552753,Paris,71964.69,SENIOR
66,Thomas,Moreau,32961353032794,Nantes,71385.8,SENIOR
67,Lucas,Girard,67909813579269,Nantes,29381.47,MIDDLE
68,Marie,Lefebvre,86804088761861,Marseille,30614.23,MIDDLE
70,Nicolas,Dupont,58349202706611,Lyon,56359.61,SENIOR
71,Nicolas,Dupont,96215555107848,Marseille,60052.02,SENIOR
72,Nicolas,Lefebvre,40028211673477,Bordeaux,21700.46,MIDDLE
73,Jean,Moreau,90090271517619,Marseille,89787.56,MASTER
75,Jean,Laurent,46735686587470,Lyon,32490.48,MIDDLE
76,Jean,Girard,35236255298933,Lyon,24098.82,MIDDLE
77,Chloé,Dupont,32893429228081,Marseille,54778.93,SENIOR
78,Thomas,Laurent,60534436487952,Nantes,57795.55,SENIOR
79,Nicolas,Laurent,45068542372203,Lyon,50950.92,SENIOR
80,Jean,Lefebvre,61442140699708,Marseille,47316.18,SENIOR
81,Chloé,Dupont,24781110080838,Lille,25535.24,MIDDLE
82,Jean,Lefebvre,91426625039245,Paris,41162.44,MIDDLE
83,Jean,Dupont,88892234206935,Marseille,77767.47,MASTER
85,Lucas,Lefebvre,41132707922622,Bordeaux,82552.0,MASTER
86,Thomas,Moreau,35536935940124,Nantes,60701.83,SENIOR
87,Chloé,Moreau,68941114632340,Nantes,50710.87,SENIOR
88,Camille,Girard,30310744781112,Nantes,48485.0,SENIOR
89,Jean,Martin,68116273317806,Paris,56253.22,SENIOR
90,Chloé,Moreau,17939566967808,Bordeaux,56098.07,SENIOR
91,Chloé,Moreau,27351347625081,Nantes,77512.87,MASTER
92,Lucas,Girard,61770527144042,Marseille,59501.97,SENIOR
93,Thomas,Laurent,65852394380822,Paris,19622.69,JUNIOR
94,Nicolas,Dupont,15533455720866,Bordeaux,17292.2,JUNIOR
95,Marie,Lefebvre,60389731344064,Marseille,67687.11,SENIOR
96,Thomas,Moreau,95867146819401,Lille,72210.48,SENIOR
97,Lucas,Lefebvre,96384998378443,Bordeaux,66581.35,SENIOR
98,Jean,Moreau,32082367160426,Marseille,57005.52,SENIOR
99,Nicolas,Martin,44812164670251,Bordeaux,71826.94,SENIOR
100,Nicolas,Dupont,64906484618799,Lyon,22897.24,MIDDLE
101,Nicolas,Martin,12058046946287,Lyon,39298.23,MIDDLE
102,Chloé,Martin,23909453270088,Nantes,32320.75,MIDDLE
103,Chloé,Moreau,84557470007676,Nantes,32347.84,MIDDLE
104,Chloé,Girard,34817535183363,Nantes,54686.09,SENIOR
105,Jean,Girard,64752655864805,Marseille,37073.92,MIDDLE
106,Chloé,Martin,41354345297387,Nantes,41257.41,MIDDLE
107,Camille,Dupont,34691547277624,Marseille,64794.73,SENIOR
108,Lucas,Lefebvre,97517705188261,Marseille,16270.66,JUNIOR
109,Chloé,Dupont,85247119070848,Paris,51271.08,SENIOR
110,Nicolas,Moreau,28084124851508,Paris,68612.02,SENIOR
111,Thomas,Dupont,96571095798565,Paris,56871.21,SENIOR
112,Chloé,Laurent,13294137579230,Bordeaux,48981.86,SENIOR
113,Nicolas,Moreau,28346990986754,Bordeaux,56655.59,SENIOR
114,Marie,Lefebvre,68977736866026,Nantes,83455.57,MASTER
115,Marie,Girard,33838952345295,Lille,89263.58,MASTER
116,Nicolas,Laurent,45257339558834,Nantes,56220.96,SENIOR
117,Thomas,Dupont,39324702550645,Bordeaux,17222.22,JUNIOR
118,Jean,Dupont,17933225670687,Lyon,53216.07,SENIOR
119,Camille,Laurent,49731755583192,Lyon,37183.63,MIDDLE
120,Marie,Martin,40365053514996,Paris,71089.3,SENIOR
121,Camille,Dupont,61828287323449,Marseille,16845.93,JUNIOR
122,Lucas,Martin,53682059174990,Nantes,74700.12,SENIOR
123,Marie,Girard,46602094138505,Lyon,31077.6,MIDDLE
124,Lucas,Dupont,38024087196708,Bordeaux,32346.16,MIDDLE
125,Jean,Girard,69774277203396,Nantes,38247.64,MIDDLE
126,Camille,Lefebvre,54666231517249,Bordeaux,58690.81,SENIOR
127,Thomas,Lefebvre,41785056918101,Paris,24899.74,MIDDLE
128,Jean,Laurent,64284725877308,Paris,36271.38,MIDDLE
130,Camille,Moreau,44303629009685,Marseille,40288.48,MIDDLE
131,Jean,Laurent,46799612499863,Lyon,34529.06,MIDDLE
132,Marie,Lefebvre,33925570885531,Paris,63459.28,SENIOR
133,Chloé,Lefebvre,40179512272179,Lyon,77231.7,MASTER
134,Chloé,Laurent,55108911761333,Nantes,22211.63,MIDDLE
135,Lucas,Girard,18631988489034,Bordeaux,36314.06,MIDDLE
136,Lucas,Laurent,80884019473557,Marseille,29801.81,MIDDLE
137,Chloé,Lefebvre,11881043913029,Marseille,89070.7,MASTER
138,Chloé,Dupont,44171322521881,Paris,77093.05,MASTER
139,Lucas,Martin,54426976474237,Nantes,33885.77,MIDDLE
140,Marie,Martin,92097242913435,Bordeaux,38022.91,MIDDLE
141,Thomas,Lefebvre,27850831814504,Lille,77606.75,MASTER
144,Thomas,Girard,60353746087351,Marseille,59537.91,SENIOR
145,Thomas,Laurent,38546166988391,Paris,89237.2,MASTER
146,Nicolas,Laurent,86465835332072,Nantes,44985.82,MIDDLE
147,Chloé,Laurent,48251772572165,Paris,62616.74,SENIOR
148,Lucas,Lefebvre,35257388059268,Marseille,83647.66,MASTER
149,Thomas,Lefebvre,55064751252173,Lille,31865.46,MIDDLE
150,Marie,Girard,14643594628173,Paris,68436.38,SENIOR
151,Chloé,Dupont,24694155788679,Lille,53950.17,SENIOR
152,Nicolas,Martin,68041544475722,Nantes,16637.15,JUNIOR
154,Nicolas,Moreau,87497425283380,Paris,43708.94,MIDDLE
155,Camille,Laurent,10362372385613,Paris,65136.89,SENIOR
156,Jean,Martin,82544714245973,Lyon,43633.31,MIDDLE
157,Lucas,Dupont,84805347646602,Bordeaux,86346.74,MASTER
158,Jean,Lefebvre,80063284784772,Bordeaux,59316.03,SENIOR
159,Nicolas,Moreau,69918801124625,Nantes,19619.94,JUNIOR
160,Nicolas,Dupont,87924172268484,Lille,23686.89,MIDDLE
161,Jean,Moreau,60947154554603,Bordeaux,25086.44,MIDDLE
162,Camille,Girard,44164717196962,Marseille,15114.78,JUNIOR
163,Camille,Moreau,37548074008764,Nantes,55889.75,SENIOR
164,Lucas,Moreau,45777686536207,Lille,46372.22,SENIOR
165,Marie,Dupont,93635996091480,Bordeaux,61147.63,SENIOR
166,Nicolas,Martin,68367314288107,Marseille,52425.54,SENIOR
167,Marie,Laurent,51109862881590,Bordeaux,58394.31,SENIOR
168,Camille,Lefebvre,45944796423645,Marseille,30392.5,MIDDLE
169,Camille,Lefebvre,40318461677663,Marseille,89940.75,MASTER
171,Lucas,Girard,89288020013652,Lyon,48744.15,SENIOR
172,Nicolas,Girard,69355193169110,Bordeaux,82794.49,MASTER
173,Thomas,Girard,42596664459828,Marseille,72200.69,SENIOR
174,Marie,Girard,23365160830533,Lille,71205.41,SENIOR
175,Marie,Martin,67067112903135,Lyon,45515.78,SENIOR
177,Thomas,Martin,82989038667142,Nantes,38985.84,MIDDLE
178,Jean,Moreau,68489979426733,Lyon,73594.68,SENIOR
179,Jean,Martin,19724346344463,Lille,80238.16,MASTER
180,Thomas,Laurent,56251740925589,Lille,69634.01,SENIOR
181,Chloé,Laurent,34801352148296,Paris,69882.46,SENIOR
182,Marie,Martin,21872881566823,Paris,36224.13,MIDDLE
183,Camille,Martin,80972845245308,Bordeaux,25959.63,MIDDLE
184,Marie,Moreau,62250287714532,Marseille,74898.86,SENIOR
186,Camille,Martin,36250335370833,Lyon,54466.19,SENIOR
187,Jean,Moreau,50797634698277,Lyon,62440.9,SENIOR
188,Chloé,Dupont,29073372860682,Bordeaux,29856.61,MIDDLE
189,Lucas,Laurent,49583096836015,Bordeaux,56297.24,SENIOR
190,Lucas,Lefebvre,42831325091343,Bordeaux,46167.52,SENIOR
191,Camille,Girard,21823890358746,Bordeaux,32895.3,MIDDLE
192,Nicolas,Girard,37719494744668,Lyon,70145.34,SENIOR
194,Lucas,Lefebvre,18551441307695,Paris,69936.02,SENIOR
195,Lucas,Dupont,98708683623139,Lyon,85293.82,MASTER
196,Chloé,Moreau,21267887306848,Lille,24235.72,MIDDLE
197,Lucas,Lefebvre,65643385583841,Nantes,25407.86,MIDDLE
198,Nicolas,Moreau,33468757047640,Nantes,37176.83,MIDDLE
199,Marie,Laurent,44801413932401,Paris,37038.16,MIDDLE
200,Thomas,Girard,57640719945553,Bordeaux,47996.05,SENIOR
201,Lucas,Lefebvre,24107392927463,Lille,18178.58,JUNIOR
202,Nicolas,Laurent,91186959502569,Lyon,87937.23,MASTER
203,Camille,Laurent,27583602869646,Bordeaux,81782.96,MASTER
204,Camille,Laurent,57883986133967,Lille,56832.76,SENIOR
205,Nicolas,Girard,62575540902320,Nantes,83963.13,MASTER
207,Marie,Lefebvre,32556091936554,Nantes,20701.49,MIDDLE
208,Chloé,Laurent,14770330427705,Marseille,85615.49,MASTER
209,Camille,Laurent,50484765744376,Paris,62499.91,SENIOR
210,Camille,Girard,10924401946610,Nantes,51881.63,SENIOR
211,Chloé,Girard,59139758392311,Lille,36681.77,MIDDLE
213,Jean,Moreau,82309981806706,Lille,15920.23,JUNIOR
214,Marie,Girard,56250172150824,Nantes,87472.17,MASTER
215,Lucas,Martin,64600198607959,Lyon,59800.52,SENIOR
216,Chloé,Lefebvre,50595014524476,Marseille,35936.39,MIDDLE
217,Thomas,Laurent,12365859904959,Nantes,82406.59,MASTER
218,Marie,Girard,58885519965261,Lyon,60960.4,SENIOR
219,Camille,Moreau,65809272917190,Nantes,61295.68,SENIOR
220,Camille,Girard,10514465495964,Nantes,75376.68,MASTER
221,Camille,Moreau,30416842102115,Lille,83629.86,MASTER
222,Chloé,Laurent,26634919081757,Bordeaux,87719.66,MASTER
223,Jean,Dupont,98447991843681,Paris,18562.55,JUNIOR
224,Lucas,Girard,27991809630681,Paris,57146.05,SENIOR
225,Nicolas,Moreau,83721438089217,Lyon,86195.38,MASTER
226,Thomas,Lefebvre,15087159113220,Paris,21160.77,MIDDLE
227,Nicolas,Martin,94650834556781,Lyon,63199.06,SENIOR
228,Thomas,Lefebvre,42147347679667,Lille,71236.03,SENIOR
229,Marie,Girard,36214616674568,Lille,89058.39,MASTER
230,Chloé,Girard,28194938136178,Nantes,59850.97,SENIOR
231,Nicolas,Laurent,42713253554244,Lille,69651.09,SENIOR
232,Marie,Martin,87625183504290,Bordeaux,52503.53,SENIOR
233,Thomas,Girard,42414574343273,Lyon,68912.41,SENIOR
234,Nicolas,Dupont,15473757855081,Lille,37783.55,MIDDLE
235,Lucas,Martin,31494511318290,Lille,83645.5,MASTER
236,Jean,Dupont,16115021768251,Marseille,29283.93,MIDDLE
237,Camille,Lefebvre,19702544686820,Marseille,88105.92,MASTER
238,Marie,Dupont,35046799493466,Bordeaux,49547.2,SENIOR
239,Nicolas,Girard,21904804861243,Nantes,73347.71,SENIOR
240,Lucas,Moreau,67746153931384,Paris,38870.03,MIDDLE
241,Nicolas,Laurent,23806177794829,Paris,15786.26,JUNIOR
242,Lucas,Lefebvre,64033656281510,Marseille,35437.03,MIDDLE
243,Camille,Dupont,59459202662513,Nantes,41372.23,MIDDLE
245,Camille,Moreau,13445689008112,Bordeaux,30678.98,MIDDLE
246,Marie,Girard,97665512058385,Marseille,31227.24,MIDDLE
247,Marie,Dupont,33501730700647,Bordeaux,59272.31,SENIOR
249,Lucas,Martin,52506603346580,Marseille,34713.63,MIDDLE
250,Chloé,Martin,41799437366992,Bordeaux,83808.83,MASTER
252,Chloé,Martin,94663120526088,Lille,21353.64,MIDDLE
253,Jean,Moreau,42407086488105,Lyon,37238.62,MIDDLE
254,Thomas,Lefebvre,24058489640650,Bordeaux,33814.36,MIDDLE
255,Lucas,Martin,91064091531596,Nantes,27142.26,MIDDLE
256,Thomas,Martin,40317743693663,Lyon,18221.82,JUNIOR
257,Camille,Martin,14773347409875,Paris,28057.93,MIDDLE
258,Jean,Girard,53807842479368,Nantes,78951.57,MASTER
259,Thomas,Girard,80853062103838,Lyon,74479.15,SENIOR
260,Marie,Dupont,60715359645175,Lille,40275.63,MIDDLE
261,Nicolas,Girard,44869001246246,Lille,87161.04,MASTER
262,Nicolas,Moreau,14736510009283,Bordeaux,57830.6,SENIOR
264,Chloé,Moreau,98586159730611,Marseille,19836.91,JUNIOR
265,Lucas,Moreau,68135882856014,Paris,63385.54,SENIOR
266,Nicolas,Dupont,25212366050314,Nantes,30515.03,MIDDLE
267,Nicolas,Moreau,30506964497901,Nantes,23546.03,MIDDLE
268,Nicolas,Moreau,25197341438781,Marseille,65550.36,SENIOR
269,Nicolas,Dupont,41132496136250,Paris,76878.72,MASTER
270,Thomas,Laurent,82360542625558,Marseille,37396.98,MIDDLE
271,Camille,Girard,52183122304407,Paris,15995.26,JUNIOR
272,Jean,Lefebvre,21554498819967,Paris,17673.48,JUNIOR
273,Jean,Dupont,63352795366476,Bordeaux,46644.31,SENIOR
274,Lucas,Laurent,23582203314345,Lyon,68456.45,SENIOR
275,Jean,Moreau,21302232694785,Lille,70026.2,SENIOR
277,Chloé,Martin,17858074046146,Nantes,73983.41,SENIOR
278,Lucas,Laurent,28937737034932,Paris,23334.44,MIDDLE
281,Chloé,Martin,36431406248527,Paris,61955.57,SENIOR
282,Camille,Girard,19472460292803,Lille,26815.16,MIDDLE
283,Thomas,Girard,84503275461347,Bordeaux,84152.16,MASTER
284,Camille,Laurent,67125172939550,Marseille,49884.35,SENIOR
286,Jean,Martin,13571201212540,Marseille,16437.53,JUNIOR
287,Camille,Lefebvre,48348150814466,Bordeaux,46694.37,SENIOR
288,Camille,Lefebvre,57423780897836,Paris,88670.29,MASTER
289,Marie,Girard,93146290017554,Lyon,40602.98,MIDDLE
290,Thomas,Martin,64742441335960,Lyon,35824.16,MIDDLE
291,Nicolas,Dupont,44838814097389,Paris,71866.99,SENIOR
292,Marie,Dupont,91534580608841,Bordeaux,80736.76,MASTER
293,Marie,Moreau,96043312380639,Bordeaux,61611.79,SENIOR
294,Camille,Girard,48392111191869,Lille,79792.93,MASTER
295,Marie,Laurent,60846785318620,Lyon,24926.27,MIDDLE
297,Lucas,Girard,30571057645269,Lille,49361.28,SENIOR
298,Nicolas,Martin,48138268862632,Paris,46295.89,SENIOR
299,Chloé,Moreau,97387736882752,Nantes,73050.88,SENIOR
300,Camille,Martin,57539223837878,Lyon,77850.49,MASTER
301,Chloé,Girard,30308599501483,Lille,28235.56,MIDDLE
302,Nicolas,Laurent,35303806866488,Marseille,69347.25,SENIOR
303,Nicolas,Moreau,93378523498311,Bordeaux,31920.36,MIDDLE
304,Thomas,Lefebvre,21836689005649,Nantes,20481.58,MIDDLE
305,Camille,Lefebvre,51048619361366,Marseille,73158.8,SENIOR
306,Nicolas,Lefebvre,62355985893070,Nantes,36724.68,MIDDLE
307,Thomas,Lefebvre,56647340581034,Marseille,83644.32,MASTER
308,Jean,Girard,58768259864240,Paris,52294.27,SENIOR
309,Camille,Moreau,47338087086203,Marseille,78900.68,MASTER
310,Nicolas,Dupont,44100498729741,Marseille,73499.68,SENIOR
311,Camille,Moreau,56718288921521,Nantes,42344.83,MIDDLE
312,Chloé,Moreau,20623648846988,Lille,25979.69,MIDDLE
313,Marie,Laurent,20056343139389,Lille,89536.31,MASTER
314,Jean,Lefebvre,91394051076697,Nantes,20700.86,MIDDLE
315,Chloé,Lefebvre,16996771002211,Lyon,71087.02,SENIOR
316,Thomas,Girard,64767406264201,Lyon,73503.23,SENIOR
317,Lucas,Girard,44590365803941,Paris,67718.94,SENIOR
318,Nicolas,Martin,55237088866379,Lille,76626.6,MASTER
321,Jean,Lefebvre,94587300711305,Lille,48998.61,SENIOR
323,Camille,Moreau,54941671244508,Lyon,35397.38,MIDDLE
324,Chloé,Lefebvre,46555474612488,Marseille,51017.26,SENIOR
325,Chloé,Laurent,14960702926995,Marseille,24816.15,MIDDLE
327,Jean,Lefebvre,48006360388940,Marseille,41815.35,MIDDLE
328,Camille,Moreau,85253280021240,Lyon,25904.01,MIDDLE
329,Jean,Girard,42025761020161,Lille,83722.6,MASTER
330,Camille,Moreau,17138552421557,Bordeaux,60836.32,SENIOR
331,Camille,Martin,85428919577835,Nantes,22704.78,MIDDLE
332,Camille,Lefebvre,66790858929117,Marseille,43151.52,MIDDLE
333,Marie,Moreau,38863665121590,Lyon,30925.25,MIDDLE
334,Lucas,Dupont,29682807494758,Lyon,66852.81,SENIOR
335,Lucas,Moreau,18840860035962,Nantes,69256.41,SENIOR
336,Lucas,Laurent,59798051775137,Nantes,81284.03,MASTER
337,Nicolas,Martin,48302711672074,Lille,19680.35,JUNIOR
338,Jean,Lefebvre,63486698230374,Nantes,32776.05,MIDDLE
339,Jean,Martin,85599452595430,Nantes,35493.17,MIDDLE
340,Jean,Girard,23102501346328,Marseille,70925.3,SENIOR
341,Marie,Moreau,37999329785537,Bordeaux,39700.09,MIDDLE
344,Lucas,Lefebvre,18927873441577,Lyon,22302.71,MIDDLE
345,Marie,Martin,34718866411577,Marseille,23604.64,MIDDLE
346,Camille,Martin,41582308459410,Lille,15402.67,JUNIOR
347,Thomas,Laurent,16968138837434,Lyon,25082.79,MIDDLE
350,Thomas,Dupont,47184072095677,Bordeaux,52776.39,SENIOR
351,Marie,Dupont,32850507911594,Lille,63460.77,SENIOR
352,Lucas,Martin,25397159975798,Paris,57301.5,SENIOR
354,Camille,Lefebvre,40134733851704,Bordeaux,74638.17,SENIOR
355,Marie,Martin,12135332896677,Bordeaux,47694.43,SENIOR
356,Camille,Girard,69295953723131,Lille,57667.44,SENIOR
357,Jean,Girard,87526356361874,Paris,78291.64,MASTER
358,Camille,Dupont,26185516145545,Bordeaux,48047.17,SENIOR
359,Nicolas,Moreau,46624085390694,Lyon,27121.21,MIDDLE
360,Chloé,Dupont,13607625959557,Nantes,66929.66,SENIOR
361,Lucas,Moreau,19509635836413,Lyon,64202.48,SENIOR
362,Lucas,Lefebvre,69585473960526,Lille,32393.62,MIDDLE
363,Chloé,Dupont,12982630344171,Lyon,72380.15,SENIOR
364,Lucas,Lefebvre,59762083563540,Bordeaux,48886.02,SENIOR
365,Jean,Laurent,44657803179420,Marseille,85428.57,MASTER
366,Jean,Girard,67571300189134,Lille,71348.46,SENIOR
367,Nicolas,Martin,20349425058364,Bordeaux,78107.05,MASTER
368,Thomas,Lefebvre,85584695631117,Paris,54369.24,SENIOR
369,Jean,Moreau,80379627398227,Marseille,21593.55,MIDDLE
370,Chloé,Martin,10237496627510,Nantes,47573.27,SENIOR
371,Nicolas,Dupont,84833953067329,Lille,41017.83,MIDDLE
372,Lucas,Girard,46565987432345,Marseille,41022.03,MIDDLE
373,Marie,Girard,61949480252321,Paris,34313.25,MIDDLE
374,Marie,Martin,84774213002722,Lyon,70275.7,SENIOR
375,Jean,Laurent,91947511721012,Nantes,60279.29,SENIOR
376,Lucas,Laurent,57827894303864,Marseille,67575.08,SENIOR
377,Marie,Dupont,29317550504932,Marseille,80632.23,MASTER
378,Nicolas,Laurent,88392920939496,Lille,78160.86,MASTER
379,Lucas,Dupont,50459107885625,Paris,70798.03,SENIOR
380,Marie,Girard,35957993971110,Marseille,47763.89,SENIOR
381,Camille,Martin,25883046542964,Bordeaux,19104.13,JUNIOR
382,Marie,Dupont,21033353647527,Lyon,50322.21,SENIOR
383,Thomas,Moreau,41243889523778,Paris,61104.08,SENIOR
384,Chloé,Martin,22040115553436,Marseille,40986.53,MIDDLE
385,Marie,Martin,16670466956450,Nantes,88891.71,MASTER
387,Thomas,Martin,97257127959686,Lyon,59695.09,SENIOR
388,Jean,Dupont,28649845973074,Marseille,22439.71,MIDDLE
389,Chloé,Girard,11405066423876,Lyon,82436.44,MASTER
390,Nicolas,Lefebvre,96269736700363,Marseille,46710.56,SENIOR
391,Jean,Girard,63248217206814,Marseille,88013.54,MASTER
392,Lucas,Martin,80100348141012,Marseille,32227.35,MIDDLE
393,Lucas,Martin,66066833997005,Lyon,44531.49,MIDDLE
394,Thomas,Girard,98790105989410,Marseille,34319.01,MIDDLE
395,Jean,Laurent,32616464752644,Lyon,32383.28,MIDDLE
397,Thomas,Moreau,97508795377903,Lille,28691.01,MIDDLE
398,Thomas,Moreau,26973112791205,Lyon,50593.62,SENIOR
399,Jean,Martin,46781388813799,Lyon,39059.81,MIDDLE
401,Camille,Lefebvre,34578056843968,Bordeaux,48491.57,SENIOR
403,Thomas,Girard,57642541954904,Lille,73942.63,SENIOR
404,Lucas,Martin,13975956945924,Lyon,68817.77,SENIOR
405,Nicolas,Girard,87982765358357,Marseille,16760.22,JUNIOR
406,Chloé,Martin,87453773973178,Marseille,63750.26,SENIOR
407,Thomas,Lefebvre,59640423269058,Marseille,84858.6,MASTER
408,Marie,Martin,54209931737891,Bordeaux,44816.54,MIDDLE
409,Chloé,Laurent,30515367550978,Bordeaux,69855.02,SENIOR
411,Lucas,Martin,22050857921931,Lyon,74183.02,SENIOR
412,Chloé,Martin,56568878935152,Lyon,47040.58,SENIOR
413,Lucas,Lefebvre,90202407264106,Marseille,22713.08,MIDDLE
414,Marie,Moreau,84753252330257,Bordeaux,31484.57,MIDDLE
415,Thomas,Girard,48664539598286,Lyon,73527.96,SENIOR
416,Thomas,Lefebvre,94033836696453,Lyon,40630.42,MIDDLE
417,Nicolas,Martin,48631799839332,Marseille,46037.79,SENIOR
418,Jean,Martin,51255798972601,Paris,57775.91,SENIOR
419,Lucas,Dupont,50177750513617,Lille,82624.57,MASTER
420,Lucas,Dupont,34206540097217,Nantes,79898.73,MASTER
421,Marie,Laurent,27869781615783,Marseille,20319.31,MIDDLE
422,Jean,Moreau,19383296030747,Marseille,32222.85,MIDDLE
423,Chloé,Dupont,24460306880623,Lyon,57825.08,SENIOR
424,Marie,Girard,54703941453363,Nantes,43869.26,MIDDLE
425,Thomas,Martin,40602885801787,Nantes,80583.07,MASTER
426,Lucas,Lefebvre,81653450981071,Paris,79758.32,MASTER
427,Camille,Martin,53746236163359,Bordeaux,86536.24,MASTER
428,Thomas,Girard,88542902639963,Lille,63674.06,SENIOR
429,Marie,Dupont,60283897865037,Lyon,64856.56,SENIOR
430,Nicolas,Girard,95847537399437,Marseille,37700.66,MIDDLE
431,Marie,Moreau,87762826359366,Marseille,54412.02,SENIOR
432,Chloé,Martin,12094478013085,Marseille,21628.43,MIDDLE
433,Chloé,Martin,36701564112462,Paris,60437.32,SENIOR
434,Jean,Dupont,44593468969505,Marseille,23633.14,MIDDLE
435,Camille,Dupont,58431545771127,Lyon,35439.45,MIDDLE
437,Nicolas,Girard,56738261717237,Lyon,85093.76,MASTER
439,Marie,Girard,98295104418621,Paris,23445.06,MIDDLE
440,Lucas,Martin,22777212435881,Nantes,76663.96,MASTER
441,Nicolas,Dupont,14968925349615,Nantes,50138.69,SENIOR
442,Camille,Martin,81161321515659,Lille,42616.79,MIDDLE
443,Camille,Moreau,30143083088816,Paris,45658.84,SENIOR
444,Thomas,Moreau,99421506764213,Marseille,57704.33,SENIOR
446,Marie,Laurent,69233070521750,Nantes,34268.46,MIDDLE
447,Nicolas,Laurent,57691316436230,Lyon,31891.81,MIDDLE
448,Marie,Lefebvre,88016716129067,Paris,69099.48,SENIOR
449,Thomas,Lefebvre,39255613133188,Paris,67359.67,SENIOR
450,Jean,Moreau,42116396797729,Paris,16118.53,JUNIOR
451,Camille,Laurent,12891283576296,Nantes,58974.51,SENIOR
452,Camille,Lefebvre,86475599678965,Paris,84042.48,MASTER
453,Thomas,Lefebvre,38037868068793,Paris,15810.73,JUNIOR
454,Nicolas,Moreau,29437453127992,Lyon,34733.76,MIDDLE
455,Chloé,Laurent,35317993260365,Nantes,17941.96,JUNIOR
456,Jean,Moreau,99124268760043,Marseille,36319.47,MIDDLE
457,Lucas,Laurent,14260518841295,Bordeaux,17616.78,JUNIOR
458,Jean,Lefebvre,18227276970221,Paris,83565.15,MASTER
459,Nicolas,Girard,34696118990808,Lille,81530.94,MASTER
461,Jean,Dupont,44494959613422,Lille,82265.6,MASTER
462,Camille,Lefebvre,81688890255437,Paris,29093.34,MIDDLE
463,Thomas,Girard,94468116910577,Marseille,16095.42,JUNIOR
464,Camille,Lefebvre,88336755475469,Bordeaux,59557.18,SENIOR
465,Camille,Girard,27861384652345,Nantes,48662.88,SENIOR
466,Thomas,Laurent,82996429315842,Bordeaux,46960.28,SENIOR
467,Chloé,Lefebvre,13088815279260,Paris,21490.38,MIDDLE
468,Nicolas,Martin,52296316613774,Nantes,30175.84,MIDDLE
469,Thomas,Moreau,46825794695431,Bordeaux,24250.29,MIDDLE
470,Thomas,Moreau,49840249989748,Paris,41306.54,MIDDLE
472,Thomas,Girard,21159255444213,Paris,53448.73,SENIOR
473,Jean,Lefebvre,99281934038757,Bordeaux,68508.27,SENIOR
475,Nicolas,Moreau,41935288286446,Paris,76235.45,MASTER
476,Thomas,Girard,26157369194344,Nantes,63715.0,SENIOR
477,Nicolas,Dupont,99052143286570,Marseille,23538.32,MIDDLE
478,Thomas,Dupont,25139627295505,Lille,36790.88,MIDDLE
479,Camille,Martin,89722404477036,Paris,68647.25,SENIOR
480,Nicolas,Martin,38464121948497,Nantes,78080.95,MASTER
481,Lucas,Dupont,98189765383229,Paris,23678.52,MIDDLE
482,Nicolas,Lefebvre,58760835878017,Lyon,60480.07,SENIOR
483,Nicolas,Laurent,45345943686023,Marseille,77367.68,MASTER
484,Lucas,Girard,22096903701233,Paris,68684.11,SENIOR
485,Thomas,Moreau,25357106287566,Marseille,42149.33,MIDDLE
486,Nicolas,Moreau,89634059954650,Nantes,25289.38,MIDDLE
487,Jean,Laurent,51947939424100,Marseille,56951.59,SENIOR
488,Camille,Moreau,47072339896557,Bordeaux,20520.87,MIDDLE
489,Nicolas,Moreau,90296360097906,Paris,38217.72,MIDDLE
490,Camille,Lefebvre,38451793352123,Nantes,69527.5,SENIOR
491,Marie,Laurent,62702110186398,Lille,87376.14,MASTER
492,Camille,Dupont,17225480027173,Bordeaux,61461.99,SENIOR
493,Camille,Laurent,98229850815430,Lyon,38255.0,MIDDLE
494,Marie,Martin,28834993391247,Marseille,58435.56,SENIOR
495,Thomas,Martin,46661159008080,Paris,87113.38,MASTER
496,Camille,Laurent,51788082802340,Bordeaux,79987.15,MASTER
497,Marie,Laurent,14713441136001,Nantes,89655.67,MASTER
498,Marie,Dupont,13014775704168,Lille,76761.79,MASTER
499,Jean,Lefebvre,26045057780198,Lille,31034.18,MIDDLE
500,Thomas,Martin,94863449924075,Bordeaux,52189.93,SENIOR
501,Jean,Dupont,14197395072050,Lille,83248.24,MASTER
502,Marie,Lefebvre,40420497574288,Nantes,44125.25,MIDDLE
504,Marie,Martin,89716463090990,Paris,46556.54,SENIOR
505,Jean,Lefebvre,36229709897389,Marseille,88216.59,MASTER
506,Chloé,Dupont,28522183931129,Lyon,15929.09,JUNIOR
507,Jean,Lefebvre,35618661922204,Lyon,19924.98,JUNIOR
510,Lucas,Martin,96642831934586,Lyon,27696.18,MIDDLE
513,Jean,Dupont,47581214610264,Lille,76276.79,MASTER
514,Camille,Lefebvre,48899878384738,Bordeaux,26512.64,MIDDLE
515,Lucas,Girard,28428474866729,Marseille,59359.24,SENIOR
516,Chloé,Dupont,41415691580495,Lille,30634.96,MIDDLE
517,Chloé,Dupont,95595380216071,Bordeaux,22124.93,MIDDLE
518,Camille,Dupont,85618874787117,Nantes,67425.1,SENIOR
520,Camille,Laurent,83697181092395,Paris,71793.37,SENIOR
521,Nicolas,Martin,95437052485137,Bordeaux,25615.19,MIDDLE
522,Nicolas,Dupont,62465209577008,Bordeaux,36188.35,MIDDLE
523,Camille,Lefebvre,38261301186147,Marseille,39192.58,MIDDLE
525,Camille,Moreau,56841308506945,Lille,56702.27,SENIOR
527,Thomas,Girard,83817181922183,Lyon,29195.77,MIDDLE
528,Jean,Moreau,46368519724662,Lille,75862.15,MASTER
529,Marie,Lefebvre,15595014970150,Marseille,81918.36,MASTER
530,Camille,Laurent,53183245240045,Lille,49633.77,SENIOR
531,Nicolas,Moreau,48280939790323,Paris,31548.4,MIDDLE
532,Thomas,Moreau,31211718611593,Bordeaux,25752.96,MIDDLE
533,Lucas,Laurent,11259307733409,Lyon,55190.0,SENIOR
534,Nicolas,Lefebvre,67293166413104,Nantes,66119.17,SENIOR
535,Nicolas,Martin,34216455666283,Nantes,88610.5,MASTER
536,Thomas,Lefebvre,14537617253441,Lille,50928.03,SENIOR
537,Camille,Laurent,14342603026585,Lyon,89443.26,MASTER
538,Thomas,Laurent,81479623208890,Lille,79167.54,MASTER
539,Chloé,Laurent,45189430437112,Lille,44184.36,MIDDLE
540,Jean,Moreau,60565828154654,Marseille,34194.89,MIDDLE
541,Thomas,Lefebvre,82918498000917,Bordeaux,36485.85,MIDDLE
542,Nicolas,Dupont,51594577884203,Lille,29316.75,MIDDLE
543,Nicolas,Martin,49316521182535,Nantes,32004.71,MIDDLE
544,Camille,Lefebvre,98529471691884,Bordeaux,59543.89,SENIOR
545,Nicolas,Laurent,20328832919220,Nantes,68221.71,SENIOR
546,Jean,Moreau,86896982280192,Bordeaux,82236.08,MASTER
547,Marie,Martin,90335560637471,Paris,87582.24,MASTER
548,Marie,Dupont,87844082943226,Lyon,79642.26,MASTER
549,Marie,Lefebvre,62409724147012,Lille,53614.44,SENIOR
550,Camille,Moreau,82788950019737,Nantes,43582.5,MIDDLE
552,Jean,Dupont,44292796121619,Marseille,51435.43,SENIOR
553,Nicolas,Dupont,95488776556727,Lille,61025.82,SENIOR
554,Camille,Martin,42925955214764,Paris,77954.78,MASTER
555,Thomas,Moreau,68368447814596,Marseille,56665.59,SENIOR
556,Marie,Moreau,30208484153405,Lyon,62767.02,SENIOR
558,Nicolas,Dupont,29219439990046,Nantes,79148.27,MASTER
559,Camille,Laurent,40947884608321,Paris,84004.25,MASTER
560,Marie,Dupont,95828607804486,Marseille,18359.68,JUNIOR
561,Chloé,Martin,43911727381155,Lille,23872.7,MIDDLE
562,Chloé,Girard,81643832958578,Marseille,87009.77,MASTER
565,Lucas,Dupont,40591576309555,Lille,32969.45,MIDDLE
566,Lucas,Girard,19313861980537,Lyon,78921.2,MASTER
567,Marie,Girard,60801310102043,Lille,44447.93,MIDDLE
568,Camille,Dupont,26843808884408,Nantes,31026.1,MIDDLE
569,Marie,Laurent,93295138020658,Lille,53788.64,SENIOR
570,Marie,Lefebvre,63675953367205,Lille,64778.74,SENIOR
571,Marie,Martin,36660905205551,Nantes,61332.91,SENIOR
572,Nicolas,Lefebvre,30940265805971,Lille,82819.97,MASTER
574,Jean,Laurent,50031144447585,Lille,37826.56,MIDDLE
575,Jean,Girard,97221847848267,Marseille,57167.07,SENIOR
576,Camille,Lefebvre,34000488349902,Lyon,34506.69,MIDDLE
577,Marie,Dupont,68088455293678,Bordeaux,20339.83,MIDDLE
578,Thomas,Girard,67534988157207,Bordeaux,16287.74,JUNIOR
580,Chloé,Lefebvre,31127012624603,Paris,74628.66,SENIOR
581,Camille,Dupont,93609628921371,Lyon,39030.2,MIDDLE
583,Camille,Laurent,37296158042188,Nantes,78992.45,MASTER
584,Thomas,Laurent,83296006210948,Marseille,62991.21,SENIOR
586,Thomas,Martin,14166334177197,Paris,61969.47,SENIOR
587,Jean,Laurent,93131567978352,Marseille,34928.31,MIDDLE
588,Lucas,Moreau,82962372728088,Bordeaux,80833.04,MASTER
589,Jean,Girard,21128755916124,Lyon,15485.93,JUNIOR
590,Chloé,Laurent,18576492574691,Marseille,32115.18,MIDDLE
591,Nicolas,Lefebvre,25230483997502,Lille,18149.72,JUNIOR
592,Marie,Martin,26278590510604,Nantes,72151.02,SENIOR
593,Marie,Moreau,42030767450098,Bordeaux,40439.28,MIDDLE
594,Marie,Girard,13672187402245,Bordeaux,40014.41,MIDDLE
595,Marie,Moreau,85338443688948,Lyon,70626.67,SENIOR
596,Chloé,Moreau,14900385238105,Nantes,30883.3,MIDDLE
597,Lucas,Laurent,39422462942602,Lille,49518.13,SENIOR
598,Chloé,Laurent,40789551989986,Bordeaux,51092.04,SENIOR
599,Marie,Moreau,45621706541397,Lyon,16273.27,JUNIOR
600,Jean,Moreau,30907600511074,Lyon,23250.42,MIDDLE
601,Camille,Girard,91539981306063,Lyon,47471.48,SENIOR
602,Camille,Martin,85497896973239,Bordeaux,60337.94,SENIOR
603,Camille,Laurent,84759791192977,Lille,18514.01,JUNIOR
604,Lucas,Moreau,90023395047694,Nantes,72088.11,SENIOR
605,Chloé,Girard,63755122136232,Paris,42577.77,MIDDLE
607,Camille,Laurent,90409097867414,Lille,86080.36,MASTER
608,Camille,Lefebvre,42122403921854,Paris,58499.94,SENIOR
609,Lucas,Girard,51298823056274,Lyon,89681.28,MASTER
610,Camille,Moreau,83170991176695,Marseille,39828.93,MIDDLE
611,Thomas,Dupont,28727912172226,Marseille,49450.42,SENIOR
612,Marie,Martin,50068976961574,Lyon,44458.6,MIDDLE
615,Chloé,Lefebvre,99123546055821,Lyon,89702.11,MASTER
617,Marie,Martin,84384357207719,Lyon,79682.2,MASTER
618,Camille,Moreau,54366569326319,Bordeaux,21041.33,MIDDLE
619,Chloé,Martin,55943364508788,Lille,31872.74,MIDDLE
620,Jean,Lefebvre,20904368562192,Paris,52519.7,SENIOR
621,Thomas,Moreau,97804762810374,Marseille,48028.52,SENIOR
622,Marie,Moreau,56831106643260,Nantes,23032.6,MIDDLE
623,Marie,Moreau,90031709169531,Paris,40142.86,MIDDLE
624,Thomas,Girard,61590308600825,Bordeaux,57588.96,SENIOR
625,Nicolas,Dupont,26816835996897,Nantes,47283.09,SENIOR
626,Chloé,Martin,82286401521939,Lille,50367.54,SENIOR
627,Camille,Dupont,82226874387472,Nantes,66174.21,SENIOR
628,Lucas,Laurent,48364792604592,Lyon,22781.32,MIDDLE
629,Camille,Dupont,29332376638289,Lyon,60261.22,SENIOR
630,Jean,Moreau,32583881021929,Lille,52686.78,SENIOR
631,Marie,Lefebvre,50152832284815,Marseille,42675.35,MIDDLE
632,Jean,Moreau,47909490462356,Nantes,63225.26,SENIOR
633,Thomas,Lefebvre,97332116451969,Paris,88909.5,MASTER
634,Nicolas,Moreau,86595034399618,Lyon,58405.29,SENIOR
635,Nicolas,Martin,51096439752075,Marseille,65560.65,SENIOR
636,Nicolas,Moreau,83189663680225,Bordeaux,51074.8,SENIOR
637,Camille,Girard,10299167375327,Marseille,32887.92,MIDDLE
638,Camille,Moreau,66863318367214,Marseille,61220.52,SENIOR
639,Jean,Girard,85288572632347,Lille,81123.83,MASTER
642,Thomas,Martin,92196750139844,Nantes,39697.39,MIDDLE
643,Thomas,Dupont,60399360776449,Paris,82119.69,MASTER
644,Chloé,Girard,14005325319442,Lyon,45387.4,SENIOR
645,Marie,Laurent,58184204901983,Nantes,39201.73,MIDDLE
646,Thomas,Martin,28494651639316,Bordeaux,36168.8,MIDDLE
647,Nicolas,Girard,85077464064383,Paris,80635.14,MASTER
648,Nicolas,Moreau,13389444132534,Lyon,64373.29,SENIOR
649,Thomas,Laurent,37514458509203,Nantes,74888.49,SENIOR
651,Lucas,Lefebvre,11221781344273,Lyon,32278.64,MIDDLE
652,Chloé,Laurent,86960299520760,Lyon,41882.26,MIDDLE
653,Lucas,Moreau,48205169574402,Lyon,51805.62,SENIOR
655,Lucas,Girard,68543465955092,Marseille,81332.48,MASTER
656,Lucas,Lefebvre,81088420133750,Paris,61002.89,SENIOR
657,Thomas,Lefebvre,11349982336966,Lyon,15616.15,JUNIOR
659,Marie,Laurent,56486715947815,Nantes,33325.71,MIDDLE
660,Chloé,Moreau,27455009801415,Marseille,52475.88,SENIOR
661,Chloé,Laurent,49259005035640,Marseille,47421.31,SENIOR
663,Marie,Girard,46078749021168,Nantes,73491.43,SENIOR
664,Camille,Girard,69943550188797,Bordeaux,38699.26,MIDDLE
665,Camille,Laurent,53939655015952,Nantes,44409.45,MIDDLE
666,Marie,Lefebvre,80732050391248,Lille,53071.93,SENIOR
667,Marie,Martin,45487328075703,Marseille,74027.93,SENIOR
668,Jean,Martin,25998683923853,Marseille,37345.76,MIDDLE
669,Chloé,Dupont,16373488576723,Marseille,24822.71,MIDDLE
670,Lucas,Girard,18537889455484,Bordeaux,39473.27,MIDDLE
671,Marie,Laurent,84015221388223,Paris,29684.48,MIDDLE
672,Lucas,Moreau,94007659083277,Paris,34906.32,MIDDLE
674,Thomas,Laurent,32392081720261,Marseille,69197.72,SENIOR
675,Chloé,Laurent,52995995883754,Lille,34488.76,MIDDLE
677,Marie,Martin,42453132611536,Nantes,78307.36,MASTER
678,Lucas,Girard,60763846527483,Lille,57346.62,SENIOR
679,Camille,Lefebvre,20429601986923,Lille,73519.58,SENIOR
680,Camille,Martin,83854397120955,Paris,48896.88,SENIOR
681,Marie,Girard,33869305938794,Nantes,59762.89,SENIOR
682,Lucas,Dupont,21259421850261,Lyon,52653.11,SENIOR
683,Jean,Martin,57414908060635,Nantes,84532.48,MASTER
684,Lucas,Girard,42980709909562,Lille,27966.29,MIDDLE
685,Marie,Dupont,83830358665990,Lyon,51016.06,SENIOR
686,Thomas,Lefebvre,20940005801399,Lille,43430.76,MIDDLE
687,Marie,Martin,36480284176936,Lille,29688.55,MIDDLE
689,Chloé,Dupont,18878047239389,Bordeaux,44029.34,MIDDLE
690,Marie,Laurent,62141867321930,Marseille,37747.66,MIDDLE
692,Thomas,Laurent,10406866054844,Nantes,85552.83,MASTER
693,Camille,Martin,92815232907036,Lille,23061.85,MIDDLE
694,Lucas,Dupont,25778298370475,Bordeaux,51464.62,SENIOR
695,Lucas,Lefebvre,66777410502823,Paris,24603.61,MIDDLE
696,Nicolas,Lefebvre,69812994986957,Lyon,69642.46,SENIOR
698,Nicolas,Dupont,17751706711118,Paris,45559.9,SENIOR
699,Lucas,Laurent,39011226902204,Marseille,78855.17,MASTER
700,Camille,Martin,35859181539662,Marseille,46995.25,SENIOR
701,Nicolas,Dupont,83422530049955,Lyon,79047.58,MASTER
702,Thomas,Laurent,58428407120447,Nantes,17063.92,JUNIOR
703,Marie,Girard,17170135063984,Bordeaux,35973.2,MIDDLE
704,Chloé,Moreau,33821527671263,Marseille,49648.26,SENIOR
705,Camille,Lefebvre,69617432500298,Lille,56951.03,SENIOR
706,Lucas,Lefebvre,28012076378837,Nantes,61713.83,SENIOR
707,Marie,Laurent,17388183657635,Lille,85120.94,MASTER
708,Lucas,Martin,61365897856813,Marseille,51346.18,SENIOR
709,Thomas,Martin,98300135163749,Nantes,49357.38,SENIOR
710,Jean,Laurent,85879670755427,Paris,64401.91,SENIOR
712,Nicolas,Dupont,40920208380244,Lyon,66450.03,SENIOR
713,Jean,Martin,63605953157877,Paris,51505.73,SENIOR
714,Nicolas,Laurent,88326608598121,Marseille,80839.02,MASTER
715,Jean,Laurent,38618823583818,Paris,64587.12,SENIOR
716,Marie,Moreau,93041531591342,Bordeaux,76769.27,MASTER
717,Marie,Girard,34506676938441,Marseille,65008.5,SENIOR
718,Lucas,Lefebvre,11549033449963,Bordeaux,68475.5,SENIOR
719,Chloé,Lefebvre,66985934393957,Marseille,53713.47,SENIOR
720,Chloé,Martin,13335670272818,Nantes,21073.7,MIDDLE
722,Thomas,Laurent,57145739253841,Nantes,31805.3,MIDDLE
723,Thomas,Martin,31367298755010,Bordeaux,64081.69,SENIOR
724,Camille,Lefebvre,34286251351137,Lille,17527.86,JUNIOR
725,Nicolas,Dupont,92928435699315,Paris,80046.7,MASTER
727,Jean,Lefebvre,97844253759042,Marseille,63836.71,SENIOR
728,Lucas,Laurent,99320887158262,Paris,33950.72,MIDDLE
729,Jean,Laurent,27593976016380,Marseille,70973.66,SENIOR
730,Thomas,Girard,94425718107755,Bordeaux,62453.7,SENIOR
731,Camille,Moreau,14948075196860,Bordeaux,64913.34,SENIOR
732,Nicolas,Dupont,16291547874670,Marseille,75538.38,MASTER
733,Thomas,Moreau,30850957939294,Marseille,52883.14,SENIOR
734,Marie,Girard,57109387877160,Paris,32132.31,MIDDLE
736,Nicolas,Dupont,16150656728604,Nantes,76428.25,MASTER
737,Lucas,Moreau,83668331319420,Lyon,81544.9,MASTER
738,Thomas,Martin,67980773554513,Paris,57804.75,SENIOR
739,Jean,Moreau,48606293598402,Paris,80239.02,MASTER
741,Nicolas,Martin,31457050781712,Nantes,62051.25,SENIOR
742,Nicolas,Lefebvre,47510978169003,Marseille,44180.11,MIDDLE
743,Lucas,Dupont,85517312547917,Nantes,36328.14,MIDDLE
744,Camille,Lefebvre,39816730601468,Paris,65735.63,SENIOR
746,Marie,Lefebvre,93970107054225,Lyon,49078.2,SENIOR
747,Jean,Moreau,19472262870256,Lille,53778.18,SENIOR
748,Jean,Lefebvre,29508057538518,Bordeaux,45065.81,SENIOR
749,Lucas,Dupont,37712252878956,Lyon,65372.0,SENIOR
750,Thomas,Laurent,19875631968875,Marseille,74140.33,SENIOR
751,Nicolas,Lefebvre,27843636809048,Nantes,43240.46,MIDDLE
753,Thomas,Girard,86307337728997,Lille,37790.8,MIDDLE
754,Marie,Moreau,36937250096896,Paris,48309.27,SENIOR
755,Jean,Martin,95068794142832,Lyon,75609.68,MASTER
756,Camille,Girard,32833734168980,Paris,62272.55,SENIOR
757,Lucas,Martin,23929260182623,Paris,72599.93,SENIOR
758,Marie,Dupont,68998176920556,Nantes,34631.59,MIDDLE
759,Jean,Laurent,51422873747299,Marseille,52926.12,SENIOR
760,Chloé,Girard,89390024412441,Paris,23317.94,MIDDLE
761,Chloé,Lefebvre,97592143346336,Nantes,56398.99,SENIOR
762,Lucas,Lefebvre,32091677759599,Bordeaux,58451.03,SENIOR
763,Jean,Girard,16658500078113,Lyon,57877.07,SENIOR
764,Marie,Girard,29749323927865,Marseille,41152.5,MIDDLE
765,Camille,Moreau,32539188154043,Lille,73430.98,SENIOR
766,Camille,Martin,33537575307177,Bordeaux,82683.52,MASTER
767,Nicolas,Dupont,87720425487020,Marseille,36758.06,MIDDLE
768,Nicolas,Martin,25109486432485,Lyon,58712.44,SENIOR
769,Jean,Lefebvre,59716863224959,Marseille,78733.6,MASTER
770,Lucas,Dupont,57180210462892,Paris,76511.82,MASTER
771,Jean,Martin,29621444995605,Marseille,15423.25,JUNIOR
772,Jean,Lefebvre,62626525187677,Lille,48454.6,SENIOR
773,Chloé,Laurent,88867486237052,Bordeaux,87329.74,MASTER
774,Nicolas,Laurent,19337978939374,Paris,46905.87,SENIOR
775,Chloé,Moreau,22609620403071,Paris,29160.06,MIDDLE
776,Jean,Dupont,85680805368230,Marseille,69278.72,SENIOR
777,Thomas,Lefebvre,10073794135445,Nantes,17416.78,JUNIOR
778,Lucas,Dupont,39852125370942,Marseille,52037.11,SENIOR
779,Marie,Laurent,57990703974977,Nantes,29903.04,MIDDLE
780,Marie,Moreau,38859510995675,Bordeaux,34443.7,MIDDLE
781,Marie,Girard,89607497312991,Marseille,88464.67,MASTER
782,Marie,Moreau,19085517776149,Paris,54995.38,SENIOR
784,Jean,Girard,96115325753380,Nantes,19617.59,JUNIOR
785,Camille,Dupont,64705951142405,Nantes,50407.15,SENIOR
786,Nicolas,Martin,40636081690502,Nantes,63057.76,SENIOR
788,Marie,Moreau,97815715997393,Nantes,88948.11,MASTER
789,Nicolas,Laurent,63344336358248,Lille,15624.81,JUNIOR
790,Jean,Girard,64896454434693,Nantes,80659.2,MASTER
791,Marie,Dupont,12780426415477,Paris,47290.24,SENIOR
792,Marie,Girard,80108905160023,Lyon,35810.93,MIDDLE
793,Thomas,Martin,26043023478330,Marseille,17094.92,JUNIOR
794,Chloé,Girard,95545623343735,Nantes,79917.37,MASTER
795,Nicolas,Martin,48180015037444,Paris,80714.6,MASTER
796,Marie,Lefebvre,38823864609685,Nantes,77567.41,MASTER
797,Lucas,Laurent,32982666623568,Nantes,74997.5,SENIOR
798,Marie,Girard,19457816143879,Marseille,58656.34,SENIOR
799,Lucas,Dupont,24244926827300,Nantes,60859.53,SENIOR
800,Marie,Girard,37126220979672,Paris,46922.41,SENIOR
801,Nicolas,Lefebvre,35020590221080,Bordeaux,30079.64,MIDDLE
802,Marie,Lefebvre,99955589311182,Paris,27823.59,MIDDLE
804,Jean,Laurent,27541584140516,Lyon,81516.87,MASTER
805,Marie,Girard,83408988032487,Bordeaux,75192.04,MASTER
806,Chloé,Girard,87019067722709,Lyon,20517.41,MIDDLE
807,Lucas,Moreau,52368828077155,Bordeaux,88667.21,MASTER
809,Camille,Martin,20407924555978,Paris,29844.14,MIDDLE
810,Camille,Laurent,36904062258043,Lyon,71265.98,SENIOR
811,Nicolas,Lefebvre,90916278333791,Lille,22153.28,MIDDLE
812,Camille,Martin,48110351358212,Bordeaux,67925.34,SENIOR
813,Thomas,Dupont,83381554618054,Marseille,37821.86,MIDDLE
814,Nicolas,Laurent,32622094864990,Paris,60804.34,SENIOR
816,Camille,Moreau,98345169967524,Marseille,81659.38,MASTER
817,Lucas,Dupont,12328671763326,Paris,55842.44,SENIOR
818,Lucas,Martin,23109910420571,Paris,16526.38,JUNIOR
819,Chloé,Laurent,21551118322948,Bordeaux,17933.79,JUNIOR
820,Camille,Laurent,93416562902204,Lyon,72596.78,SENIOR
821,Lucas,Lefebvre,69710376852075,Paris,44025.82,MIDDLE
822,Jean,Dupont,85203379472978,Marseille,19324.44,JUNIOR
823,Nicolas,Moreau,91018495650540,Marseille,75662.98,MASTER
824,Marie,Laurent,87836440567922,Marseille,39688.14,MIDDLE
825,Nicolas,Laurent,53353645221339,Paris,30707.33,MIDDLE
826,Lucas,Girard,69073192311239,Paris,36805.52,MIDDLE
827,Marie,Moreau,47699140069278,Marseille,41391.18,MIDDLE
828,Nicolas,Laurent,37599305125813,Paris,67091.0,SENIOR
829,Camille,Dupont,98168853452871,Paris,39312.16,MIDDLE
830,Lucas,Laurent,67044606758109,Nantes,71070.22,SENIOR
831,Nicolas,Moreau,67400467401466,Nantes,23707.91,MIDDLE
832,Thomas,Dupont,17622260038474,Bordeaux,77356.32,MASTER
833,Camille,Martin,89140521545855,Marseille,71984.79,SENIOR
834,Lucas,Laurent,97026669725515,Nantes,77444.79,MASTER
836,Thomas,Dupont,65112938336608,Nantes,16439.45,JUNIOR
837,Nicolas,Dupont,65713984008913,Paris,57379.01,SENIOR
838,Lucas,Moreau,36477400226984,Lille,32797.11,MIDDLE
839,Nicolas,Girard,91252370793206,Bordeaux,82500.1,MASTER
840,Thomas,Laurent,53911250491834,Paris,65499.95,SENIOR
841,Camille,Martin,18474248630526,Marseille,64247.13,SENIOR
842,Jean,Girard,46480438400617,Paris,33688.32,MIDDLE
843,Marie,Dupont,58531570710008,Bordeaux,86469.51,MASTER
844,Jean,Dupont,56502867675382,Paris,81834.01,MASTER
845,Thomas,Girard,38389596333748,Lyon,35484.27,MIDDLE
846,Lucas,Moreau,10634673706406,Paris,29709.52,MIDDLE
847,Lucas,Moreau,29508855147383,Nantes,75485.36,MASTER
848,Marie,Moreau,99144516601707,Lyon,43831.19,MIDDLE
849,Chloé,Dupont,58579015140556,Paris,68386.14,SENIOR
850,Nicolas,Moreau,93657496779150,Paris,18768.34,JUNIOR
851,Chloé,Martin,81681287935234,Nantes,44523.2,MIDDLE
852,Camille,Laurent,81637270050271,Bordeaux,20252.45,MIDDLE
853,Chloé,Girard,90349920498713,Nantes,22821.91,MIDDLE
856,Chloé,Dupont,69340102173186,Paris,80581.32,MASTER
857,Jean,Girard,97602847647278,Paris,83293.1,MASTER
858,Lucas,Moreau,41030890963898,Paris,37622.02,MIDDLE
859,Marie,Girard,26274392488097,Bordeaux,41216.01,MIDDLE
860,Jean,Lefebvre,39214983031794,Lille,49356.52,SENIOR
861,Thomas,Laurent,23454752779524,Lille,36443.88,MIDDLE
862,Nicolas,Martin,59899942897809,Marseille,53445.4,SENIOR
863,Chloé,Lefebvre,84837589550494,Paris,15344.17,JUNIOR
864,Jean,Girard,62820293684932,Bordeaux,27429.4,MIDDLE
865,Nicolas,Martin,14924596507637,Lyon,37475.3,MIDDLE
866,Jean,Dupont,63932412512315,Bordeaux,61716.23,SENIOR
867,Chloé,Girard,28339890575637,Lille,64757.1,SENIOR
868,Chloé,Martin,36489708198629,Nantes,78610.79,MASTER
869,Lucas,Girard,31410522468631,Lille,54138.17,SENIOR
870,Chloé,Dupont,30377240959480,Nantes,81479.83,MASTER
871,Chloé,Lefebvre,30869782161780,Paris,33264.25,MIDDLE
872,Marie,Girard,91830839265507,Nantes,75781.7,MASTER
873,Nicolas,Martin,43825320427287,Bordeaux,51040.33,SENIOR
874,Nicolas,Girard,19180563795293,Lyon,51665.65,SENIOR
875,Chloé,Moreau,92043679402324,Marseille,71897.21,SENIOR
876,Nicolas,Dupont,97133898420450,Lyon,54257.93,SENIOR
877,Lucas,Laurent,88122975447596,Nantes,64739.2,SENIOR
878,Marie,Lefebvre,46425328494708,Paris,19574.75,JUNIOR
879,Jean,Dupont,35527522154729,Lille,25209.78,MIDDLE
880,Jean,Dupont,53197949496884,Lille,32321.06,MIDDLE
881,Thomas,Laurent,46390049427293,Lille,37468.86,MIDDLE
882,Chloé,Martin,55245529446459,Nantes,87397.37,MASTER
883,Camille,Lefebvre,95994171206477,Paris,19650.41,JUNIOR
884,Lucas,Laurent,42233623822023,Marseille,45090.11,SENIOR
885,Chloé,Dupont,58226258177549,Nantes,73592.0,SENIOR
886,Chloé,Lefebvre,14681935185111,Paris,33669.62,MIDDLE
887,Nicolas,Martin,57904818117434,Paris,31031.76,MIDDLE
888,Marie,Dupont,32003821035831,Lille,38807.39,MIDDLE
889,Thomas,Laurent,56173688566324,Paris,53477.51,SENIOR
890,Chloé,Girard,83894089513079,Lille,48553.34,SENIOR
891,Marie,Laurent,16005070057874,Lyon,27827.9,MIDDLE
892,Lucas,Martin,30666982375952,Lille,44316.43,MIDDLE
893,Camille,Dupont,68433018968335,Marseille,41506.7,MIDDLE
894,Thomas,Martin,47377239498368,Paris,80555.79,MASTER
895,Marie,Moreau,51300787894000,Marseille,71199.34,SENIOR
896,Jean,Lefebvre,98785812837489,Bordeaux,49794.63,SENIOR
897,Camille,Dupont,21528490543017,Paris,53854.21,SENIOR
898,Camille,Laurent,54144182733901,Paris,72215.57,SENIOR
899,Marie,Moreau,94927301462404,Lille,52200.37,SENIOR
900,Lucas,Martin,97753795991263,Nantes,85974.8,MASTER
901,Jean,Laurent,34988750086391,Nantes,62846.38,SENIOR
902,Thomas,Girard,23776257140197,Paris,73529.45,SENIOR
904,Chloé,Lefebvre,46233934578827,Nantes,47383.26,SENIOR
905,Thomas,Dupont,24102973206489,Lyon,19050.68,JUNIOR
906,Chloé,Dupont,82543256410912,Lille,80182.69,MASTER
907,Jean,Girard,17255528893571,Lille,38073.09,MIDDLE
908,Thomas,Girard,49831626243624,Nantes,38271.05,MIDDLE
909,Nicolas,Laurent,33216993675924,Bordeaux,17076.63,JUNIOR
912,Chloé,Girard,47002785251948,Lyon,67771.87,SENIOR
913,Thomas,Dupont,68420938690952,Paris,38427.89,MIDDLE
914,Thomas,Laurent,59853461484205,Marseille,65019.78,SENIOR
917,Camille,Lefebvre,61654689204505,Bordeaux,59931.27,SENIOR
918,Marie,Dupont,21501301229998,Nantes,68518.5,SENIOR
920,Thomas,Girard,19094485915460,Nantes,35007.75,MIDDLE
921,Marie,Martin,91685909586923,Paris,70637.31,SENIOR
922,Chloé,Girard,25132402203770,Marseille,30037.98,MIDDLE
925,Jean,Girard,24359830092822,Paris,48784.09,SENIOR
926,Jean,Girard,69652403390734,Lyon,61903.93,SENIOR
927,Nicolas,Moreau,52240948645907,Lille,26268.0,MIDDLE
928,Nicolas,Moreau,43804960214778,Lille,30170.67,MIDDLE
929,Nicolas,Girard,57234956850160,Lille,66173.61,SENIOR
930,Marie,Girard,82042034786196,Paris,54135.65,SENIOR
931,Lucas,Dupont,16106004101488,Paris,43139.32,MIDDLE
932,Marie,Lefebvre,68537476362225,Lille,29876.59,MIDDLE
933,Jean,Lefebvre,88855278002723,Lille,27673.77,MIDDLE
934,Marie,Girard,40280880090700,Lille,64776.97,SENIOR
936,Lucas,Laurent,64893145163423,Lyon,80262.39,MASTER
937,Marie,Lefebvre,91243991737413,Paris,41480.86,MIDDLE
938,Marie,Moreau,58882008770549,Lille,85738.79,MASTER
939,Nicolas,Lefebvre,43806767002640,Lille,19002.08,JUNIOR
940,Nicolas,Laurent,22135604764834,Bordeaux,34691.74,MIDDLE
941,Lucas,Moreau,68248822840911,Bordeaux,34891.26,MIDDLE
942,Jean,Dupont,52486746976527,Lyon,82239.86,MASTER
943,Jean,Martin,91571185620435,Marseille,18909.25,JUNIOR
944,Jean,Girard,25513220587331,Bordeaux,22201.68,MIDDLE
945,Thomas,Dupont,88355101487779,Paris,83428.73,MASTER
947,Lucas,Dupont,17370786903700,Nantes,26824.35,MIDDLE
948,Nicolas,Moreau,84745515987437,Paris,67393.78,SENIOR
949,Lucas,Girard,51382901922138,Lille,23297.52,MIDDLE
950,Marie,Girard,25440971345680,Paris,60795.94,SENIOR
951,Jean,Dupont,94886966144557,Paris,50958.89,SENIOR
952,Marie,Martin,82200920491892,Bordeaux,50325.63,SENIOR
953,Thomas,Lefebvre,16660621766873,Nantes,34081.56,MIDDLE
954,Lucas,Girard,98195908187211,Marseille,38753.17,MIDDLE
955,Nicolas,Martin,24251051138675,Paris,55900.07,SENIOR
956,Lucas,Laurent,80681812420877,Bordeaux,46944.15,SENIOR
957,Thomas,Girard,92586883533452,Bordeaux,80517.74,MASTER
959,Camille,Martin,63089587353088,Nantes,45663.32,SENIOR
960,Marie,Martin,32948470414204,Lille,28765.28,MIDDLE
961,Chloé,Laurent,51761299650972,Lyon,69160.44,SENIOR
962,Camille,Laurent,12926874124002,Paris,15775.35,JUNIOR
964,Chloé,Moreau,92225071286278,Paris,47388.03,SENIOR
965,Marie,Moreau,52059045051886,Bordeaux,68425.94,SENIOR
966,Thomas,Martin,91837904721054,Lille,49898.88,SENIOR
967,Camille,Dupont,80485583163387,Bordeaux,39346.87,MIDDLE
968,Marie,Lefebvre,10839586308533,Lille,20612.76,MIDDLE
969,Camille,Dupont,47855680849827,Bordeaux,67357.79,SENIOR
970,Lucas,Dupont,54768853898238,Lille,18972.63,JUNIOR
971,Marie,Dupont,14006031875306,Paris,78661.88,MASTER
972,Camille,Moreau,47849523219763,Marseille,40415.2,MIDDLE
973,Nicolas,Dupont,21386847775338,Lille,65161.1,SENIOR
974,Nicolas,Girard,32398071351296,Paris,24926.27,MIDDLE
975,Camille,Laurent,38047788076134,Marseille,68831.86,SENIOR
977,Thomas,Lefebvre,20177002003804,Lille,44286.34,MIDDLE
978,Nicolas,Girard,65268591503572,Marseille,34061.88,MIDDLE
979,Chloé,Dupont,56935482676286,Bordeaux,41667.47,MIDDLE
980,Jean,Girard,35685476375910,Lyon,52701.72,SENIOR
981,Jean,Moreau,45386451847469,Lille,33993.71,MIDDLE
982,Camille,Laurent,54501950053171,Marseille,22703.76,MIDDLE
983,Jean,Lefebvre,38717789749518,Nantes,52664.06,SENIOR
984,Camille,Dupont,90924224899888,Nantes,20198.02,MIDDLE
985,Thomas,Moreau,50604648653527,Nantes,47317.74,SENIOR
986,Lucas,Lefebvre,26757916333362,Nantes,80161.65,MASTER
987,Thomas,Girard,16812228436877,Lyon,53104.26,SENIOR
988,Jean,Martin,39975261730532,Nantes,88945.54,MASTER
989,Marie,Martin,44063178429678,Nantes,25453.64,MIDDLE
990,Lucas,Moreau,20010737285215,Nantes,55646.85,SENIOR
991,Chloé,Moreau,58645846699182,Lille,83899.12,MASTER
992,Jean,Girard,29614134226237,Marseille,74250.08,SENIOR
993,Marie,Martin,47855146579987,Marseille,56536.61,SENIOR
994,Thomas,Laurent,97625767389552,Nantes,29779.45,MIDDLE
995,Marie,Laurent,66979118231343,Lyon,73462.26,SENIOR
996,Marie,Lefebvre,85648839416099,Lyon,23359.77,MIDDLE
997,Camille,Moreau,44349379771858,Marseille,42408.94,MIDDLE
998,Nicolas,Martin,65025081139600,Marseille,36982.88,MIDDLE
999,Camille,Lefebvre,16976667438586,Bordeaux,29922.29,MIDDLE
1000,Marie,Martin,99536264002143,Lille,82843.36,MASTER
1001,Thomas,Lefebvre,57789638629199,Nantes,75900.4,MASTER
1002,Nicolas,Dupont,22986956656566,Paris,55177.32,SENIOR
1003,Jean,Laurent,90668836362244,Bordeaux,33887.72,MIDDLE
1004,Lucas,Dupont,38246161231291,Nantes,41332.76,MIDDLE
1005,Thomas,Dupont,41356791021462,Lyon,66808.85,SENIOR
1006,Lucas,Dupont,40147722126973,Lille,82646.5,MASTER
1007,Marie,Girard,57340460447485,Bordeaux,34150.24,MIDDLE
1008,Camille,Laurent,83434070969970,Nantes,61264.03,SENIOR
1009,Camille,Girard,26876402480505,Marseille,75492.74,MASTER
1010,Camille,Lefebvre,35221395242655,Lille,88178.05,MASTER
1012,Lucas,Dupont,63337496243534,Lille,21182.21,MIDDLE
1013,Thomas,Moreau,24288438111361,Lille,80920.22,MASTER
1014,Chloé,Lefebvre,44024470814974,Lille,58323.49,SENIOR
1016,Marie,Girard,89759390464542,Paris,41995.49,MIDDLE
1017,Chloé,Moreau,83880247473540,Marseille,28714.14,MIDDLE
1018,Lucas,Girard,32866622749207,Lyon,36582.47,MIDDLE
1019,Thomas,Lefebvre,11792650030741,Lyon,32259.38,MIDDLE
1020,Jean,Girard,65067987903791,Lyon,51437.32,SENIOR
1021,Camille,Moreau,82798169028980,Nantes,38329.24,MIDDLE
1023,Lucas,Dupont,92377140745671,Nantes,55402.87,SENIOR
1024,Lucas,Moreau,97184131455697,Lille,75771.62,MASTER
1025,Chloé,Martin,29270373311464,Nantes,69369.21,SENIOR
1026,Nicolas,Laurent,33687865599086,Bordeaux,18050.32,JUNIOR
1027,Marie,Lefebvre,81725570734270,Nantes,28472.16,MIDDLE
1028,Marie,Martin,85164943164413,Nantes,72902.66,SENIOR
1029,Thomas,Moreau,42334168058394,Lyon,22358.32,MIDDLE
1030,Chloé,Dupont,97771320297380,Paris,45441.09,SENIOR
1031,Jean,Girard,28061035936431,Lyon,56485.04,SENIOR
1032,Jean,Martin,28738731591009,Paris,59879.67,SENIOR
1033,Marie,Lefebvre,66716543687784,Lyon,34414.45,MIDDLE
1034,Lucas,Moreau,45670271085981,Paris,44197.61,MIDDLE
1036,Chloé,Moreau,81021407218106,Nantes,64737.84,SENIOR
1037,Marie,Moreau,69197331927731,Lyon,66391.43,SENIOR
1038,Marie,Dupont,86993702839347,Lyon,44295.36,MIDDLE
1039,Marie,Moreau,80368107613585,Bordeaux,42155.11,MIDDLE
1040,Camille,Moreau,41103483687381,Nantes,49289.81,SENIOR
1042,Thomas,Lefebvre,81215114392910,Marseille,69771.95,SENIOR
1044,Chloé,Girard,65385629918294,Paris,83137.38,MASTER
1045,Chloé,Girard,57131163073779,Paris,17873.77,JUNIOR
1046,Camille,Moreau,85044385882992,Marseille,78173.34,MASTER
1047,Lucas,Girard,33703792271353,Bordeaux,84197.81,MASTER
1049,Lucas,Dupont,44794166057428,Paris,86863.04,MASTER
1050,Lucas,Lefebvre,48430121451991,Lille,45487.72,SENIOR
1051,Nicolas,Martin,64611326503388,Lille,66103.39,SENIOR
1052,Thomas,Girard,38174221715809,Marseille,67178.2,SENIOR
1053,Lucas,Laurent,81975554270676,Lille,34355.36,MIDDLE
1054,Chloé,Laurent,43252554130861,Nantes,89482.19,MASTER
1055,Chloé,Dupont,14766905643840,Lille,35179.36,MIDDLE
1056,Camille,Girard,16752889150132,Marseille,56427.78,SENIOR
1057,Lucas,Laurent,12549401473767,Nantes,16714.24,JUNIOR
1058,Lucas,Moreau,91910521504961,Nantes,27827.33,MIDDLE
1059,Jean,Girard,44943895993468,Bordeaux,70925.22,SENIOR
1060,Chloé,Lefebvre,37343010132072,Lille,19629.4,JUNIOR
1061,Jean,Laurent,14631883730269,Lyon,48887.06,SENIOR
1062,Thomas,Girard,20876568429313,Paris,79836.62,MASTER
1063,Camille,Moreau,98520317178919,Paris,42809.49,MIDDLE
1064,Jean,Martin,94511933726389,Bordeaux,49157.73,SENIOR
1067,Jean,Martin,19077449023722,Nantes,34049.56,MIDDLE
1068,Camille,Laurent,55236495458059,Lille,65616.2,SENIOR
1069,Thomas,Lefebvre,15887162710229,Nantes,25383.18,MIDDLE
1070,Chloé,Moreau,35974880953855,Nantes,29404.27,MIDDLE
1071,Nicolas,Moreau,93522151048811,Bordeaux,23769.1,MIDDLE
1072,Marie,Lefebvre,43176691947438,Marseille,22289.37,MIDDLE
1073,Marie,Martin,51011144163484,Paris,17030.7,JUNIOR
1074,Marie,Moreau,44853561093669,Lyon,74902.54,SENIOR
1075,Jean,Girard,50749759042187,Lille,60368.01,SENIOR
1076,Chloé,Lefebvre,35972536466644,Paris,73179.76,SENIOR
1077,Thomas,Laurent,85444986499345,Marseille,66330.72,SENIOR
1078,Thomas,Moreau,21170869493857,Lyon,64232.79,SENIOR
1079,Chloé,Girard,25748967348249,Nantes,49826.41,SENIOR
1080,Thomas,Dupont,41761064119633,Marseille,27580.62,MIDDLE
1081,Chloé,Lefebvre,91673943015518,Marseille,46680.06,SENIOR
1082,Jean,Martin,34096723107005,Bordeaux,50420.86,SENIOR
1083,Lucas,Dupont,85948852626651,Lille,40383.43,MIDDLE
1084,Nicolas,Moreau,28799451332498,Marseille,33356.19,MIDDLE
1085,Camille,Laurent,16842620933378,Paris,24517.46,MIDDLE
1086,Marie,Laurent,84270368305690,Lille,25663.12,MIDDLE
1087,Chloé,Martin,98635799440243,Lille,73921.04,SENIOR
1088,Jean,Girard,27311370520294,Lille,55133.81,SENIOR
1089,Camille,Girard,14261023303465,Marseille,72190.19,SENIOR
1090,Lucas,Moreau,99740279665713,Paris,36917.98,MIDDLE
1091,Thomas,Dupont,38884287290851,Marseille,31917.02,MIDDLE
1092,Thomas,Laurent,63931258591284,Lyon,73472.54,SENIOR
1093,Camille,Girard,59388703968761,Lyon,65007.46,SENIOR
1094,Nicolas,Lefebvre,92291954056311,Bordeaux,79084.71,MASTER
1095,Nicolas,Lefebvre,95090516335798,Bordeaux,68204.42,SENIOR
1096,Camille,Moreau,12220984590964,Paris,55002.9,SENIOR
1098,Nicolas,Martin,48176396372350,Lyon,27334.68,MIDDLE
1099,Camille,Lefebvre,86374589425991,Nantes,77550.99,MASTER
1100,Nicolas,Dupont,12347055991779,Bordeaux,46434.88,SENIOR
1101,Thomas,Girard,25433054616828,Marseille,37042.8,MIDDLE
1102,Nicolas,Martin,66603249823307,Paris,31158.67,MIDDLE
1103,Thomas,Lefebvre,51032195996534,Lyon,78380.28,MASTER
1104,Nicolas,Girard,91660576141292,Lyon,50769.76,SENIOR
1107,Camille,Girard,46614890963179,Paris,16651.96,JUNIOR
1108,Marie,Martin,24439191719209,Nantes,55371.75,SENIOR
1110,Lucas,Moreau,98378474777771,Lyon,84666.54,MASTER
1111,Nicolas,Lefebvre,60659422334848,Bordeaux,63646.52,SENIOR
1112,Chloé,Girard,92244639432629,Marseille,19367.81,JUNIOR
1113,Lucas,Moreau,53424444538465,Lyon,73659.46,SENIOR
1114,Lucas,Lefebvre,39614951279891,Paris,35564.28,MIDDLE
1116,Chloé,Moreau,96665704187115,Paris,75935.11,MASTER
1117,Lucas,Laurent,81296055962197,Nantes,70010.55,SENIOR
1118,Lucas,Lefebvre,38288727583075,Lille,43717.38,MIDDLE
1119,Marie,Lefebvre,95637408214837,Paris,15010.75,JUNIOR
1120,Jean,Laurent,98113254866053,Bordeaux,84704.04,MASTER
1121,Lucas,Lefebvre,16712215463991,Lille,42095.55,MIDDLE
1122,Camille,Laurent,41494602718305,Nantes,34677.75,MIDDLE
1123,Nicolas,Dupont,85064168314885,Nantes,48116.03,SENIOR
1124,Thomas,Laurent,96141981683623,Lille,50523.57,SENIOR
1125,Nicolas,Martin,31860961808587,Lyon,74675.95,SENIOR
1126,Marie,Martin,16231399748289,Lyon,16457.47,JUNIOR
1127,Marie,Laurent,27364521598886,Bordeaux,40941.31,MIDDLE
1129,Camille,Moreau,18315740739281,Paris,87980.46,MASTER
1130,Lucas,Dupont,13666326766449,Lille,36361.99,MIDDLE
1133,Nicolas,Girard,27308464001123,Paris,40208.1,MIDDLE
1134,Jean,Girard,60446128797469,Nantes,75215.73,MASTER
1135,Jean,Dupont,89791479074758,Paris,80528.15,MASTER
1136,Lucas,Lefebvre,18623109528472,Marseille,41994.27,MIDDLE
1138,Camille,Dupont,57346702711065,Marseille,50453.88,SENIOR
1139,Camille,Laurent,99693102837172,Marseille,40032.04,MIDDLE
1141,Jean,Moreau,63413231353122,Lyon,56159.71,SENIOR
1142,Lucas,Lefebvre,24098623623005,Lille,22893.46,MIDDLE
1143,Camille,Girard,96497284323259,Lille,25063.54,MIDDLE
1144,Marie,Laurent,16246108646982,Lyon,74119.29,SENIOR
1145,Chloé,Laurent,50520643963877,Nantes,29160.35,MIDDLE
1146,Lucas,Moreau,96812960639075,Marseille,27927.79,MIDDLE
1147,Jean,Laurent,42109221564210,Bordeaux,30495.52,MIDDLE
1148,Nicolas,Laurent,43782455726132,Nantes,33755.77,MIDDLE
1149,Marie,Lefebvre,19748429885952,Lyon,56204.17,SENIOR
1150,Chloé,Dupont,95504609395062,Lille,42626.47,MIDDLE
1151,Jean,Laurent,93743566356184,Lille,18759.19,JUNIOR
1152,Camille,Moreau,68805957991555,Paris,66512.79,SENIOR
1153,Jean,Martin,86135154039628,Lyon,19726.59,JUNIOR
1154,Thomas,Moreau,69904986195200,Lille,51391.24,SENIOR
1155,Marie,Lefebvre,40877004452730,Bordeaux,82698.93,MASTER
1157,Thomas,Laurent,63864296612637,Paris,33691.57,MIDDLE
1158,Thomas,Moreau,85240387362435,Marseille,47642.09,SENIOR
1159,Jean,Lefebvre,59355564084579,Lille,19136.89,JUNIOR
1161,Jean,Girard,92385131263391,Marseille,71758.55,SENIOR
1162,Jean,Laurent,88738923593244,Paris,27293.92,MIDDLE
1163,Lucas,Dupont,21825290942806,Marseille,70817.07,SENIOR
1164,Marie,Martin,90939985100349,Lyon,51892.57,SENIOR
1165,Chloé,Moreau,14581551867553,Marseille,61295.25,SENIOR
1166,Lucas,Moreau,84819544678972,Bordeaux,60416.06,SENIOR
1167,Lucas,Laurent,36075965350859,Bordeaux,45468.24,SENIOR
1168,Thomas,Lefebvre,60441781205738,Lyon,39115.12,MIDDLE
1169,Nicolas,Dupont,93930178784288,Nantes,32877.66,MIDDLE
1170,Chloé,Lefebvre,95472442889295,Lyon,40311.86,MIDDLE
1171,Thomas,Lefebvre,61733466909091,Paris,88368.34,MASTER
1172,Thomas,Moreau,16994617263681,Lyon,44788.96,MIDDLE
1173,Nicolas,Girard,64387819795361,Paris,78450.5,MASTER
1174,Jean,Martin,35269100617534,Bordeaux,51513.7,SENIOR
1175,Nicolas,Martin,96300928492429,Paris,59177.05,SENIOR
1176,Nicolas,Moreau,21553045488208,Paris,38937.56,MIDDLE
1177,Thomas,Lefebvre,26399502362654,Lille,57364.45,SENIOR
1178,Thomas,Laurent,57022418634047,Lyon,59979.66,SENIOR
1179,Thomas,Lefebvre,46816360313424,Bordeaux,81931.66,MASTER
1180,Jean,Laurent,54926378066154,Paris,49755.96,SENIOR
1181,Jean,Girard,22210339347678,Nantes,31835.72,MIDDLE
1182,Chloé,Lefebvre,23973141424586,Nantes,38111.03,MIDDLE
1183,Nicolas,Martin,59804381846577,Nantes,22174.7,MIDDLE
1184,Marie,Laurent,66511662698971,Lyon,53285.59,SENIOR
1185,Jean,Lefebvre,17584845523312,Lille,51168.52,SENIOR
1186,Nicolas,Girard,48166110924316,Bordeaux,38571.52,MIDDLE
1187,Lucas,Girard,32416369627161,Lille,18098.73,JUNIOR
1188,Nicolas,Dupont,34347984411343,Lyon,37139.75,MIDDLE
1189,Jean,Laurent,38532179517066,Lille,15391.55,JUNIOR
1190,Chloé,Dupont,92545708474745,Paris,55193.85,SENIOR
1191,Marie,Girard,25025616938441,Marseille,31300.64,MIDDLE
1192,Camille,Dupont,30646955437168,Nantes,78784.59,MASTER
1193,Chloé,Girard,58276484276732,Paris,31505.1,MIDDLE
1194,Chloé,Martin,60976430603465,Marseille,42355.69,MIDDLE
1195,Lucas,Lefebvre,22844492012114,Nantes,51764.31,SENIOR
1196,Nicolas,Girard,31477468271275,Marseille,57750.46,SENIOR
1198,Jean,Laurent,89927637245183,Lille,21981.13,MIDDLE
1199,Camille,Martin,63740486441066,Nantes,74409.93,SENIOR
1200,Lucas,Girard,69964567459726,Bordeaux,66980.09,SENIOR
1201,Camille,Dupont,52172512599165,Lille,81760.66,MASTER
1202,Camille,Laurent,62774775585993,Marseille,63356.81,SENIOR
1203,Chloé,Moreau,60643438404391,Nantes,73106.39,SENIOR
1204,Camille,Dupont,12631219140781,Bordeaux,46439.42,SENIOR
1205,Nicolas,Lefebvre,14677578880359,Marseille,31476.64,MIDDLE
1206,Chloé,Martin,86527212921206,Bordeaux,70892.17,SENIOR
1207,Thomas,Laurent,89836672860177,Paris,38140.45,MIDDLE
1208,Nicolas,Martin,17917776921623,Nantes,19230.86,JUNIOR
1209,Camille,Moreau,23635058771657,Lyon,73713.64,SENIOR
1210,Marie,Martin,30948723049377,Marseille,60990.8,SENIOR
1211,Camille,Lefebvre,65543894828800,Lille,80941.13,MASTER
1213,Jean,Laurent,33892026130820,Nantes,38404.41,MIDDLE
1214,Jean,Dupont,10848432077439,Lille,64484.05,SENIOR
1215,Jean,Martin,54301695597926,Marseille,48576.88,SENIOR
1216,Lucas,Dupont,93269319821262,Marseille,60403.16,SENIOR
1217,Nicolas,Martin,64191829029487,Lille,73015.53,SENIOR
1218,Nicolas,Martin,38131813030809,Paris,30039.77,MIDDLE
1219,Lucas,Laurent,37042022515387,Nantes,74561.34,SENIOR
1220,Nicolas,Lefebvre,21408966923437,Nantes,25400.97,MIDDLE
1221,Jean,Dupont,28966627797425,Nantes,43692.05,MIDDLE
1224,Nicolas,Laurent,64123479325356,Lille,24337.32,MIDDLE
1225,Camille,Lefebvre,19243712328929,Marseille,49555.02,SENIOR
1226,Lucas,Martin,21789343550541,Lille,63037.96,SENIOR
1227,Marie,Martin,44353447027505,Paris,22418.12,MIDDLE
1228,Camille,Moreau,90574514900434,Paris,75656.67,MASTER
1229,Nicolas,Laurent,12792175824405,Paris,82679.62,MASTER
1230,Camille,Laurent,69102919883796,Lyon,70289.79,SENIOR
1233,Lucas,Laurent,92413009476052,Paris,44668.1,MIDDLE
1234,Marie,Martin,87022100693555,Lyon,62883.76,SENIOR
1235,Nicolas,Girard,91697068753257,Paris,53536.09,SENIOR
1236,Lucas,Laurent,22219866291926,Marseille,79384.22,MASTER
1237,Lucas,Moreau,88794687183837,Lille,19049.24,JUNIOR
1238,Camille,Laurent,49085957940717,Paris,79177.66,MASTER
1239,Camille,Dupont,10395166222867,Bordeaux,19452.04,JUNIOR
1240,Jean,Dupont,23841028180938,Lyon,61110.41,SENIOR
1241,Nicolas,Laurent,11361737084363,Bordeaux,42556.67,MIDDLE
1242,Jean,Lefebvre,22494365649346,Paris,67926.02,SENIOR
1243,Marie,Martin,69075112823211,Lyon,43357.59,MIDDLE
1244,Lucas,Martin,29525982583819,Bordeaux,76492.83,MASTER
1245,Lucas,Girard,95652893281454,Lille,68840.37,SENIOR
1246,Thomas,Moreau,40493804347152,Lille,72275.34,SENIOR
1247,Nicolas,Dupont,38926382181347,Nantes,53781.51,SENIOR
1248,Camille,Martin,87865798436349,Paris,49526.8,SENIOR
1249,Nicolas,Martin,42082577311288,Lille,87261.05,MASTER
1250,Lucas,Laurent,45534635533080,Lyon,46449.32,SENIOR
1251,Thomas,Martin,48133496895287,Marseille,89184.81,MASTER
1253,Nicolas,Laurent,97480939969135,Paris,73371.45,SENIOR
1254,Chloé,Moreau,29454045650472,Nantes,46676.91,SENIOR
1255,Nicolas,Dupont,34326787323372,Nantes,81551.47,MASTER
1256,Marie,Moreau,12347143533359,Lille,46980.35,SENIOR
1257,Marie,Martin,56034139734125,Nantes,83196.66,MASTER
1259,Thomas,Moreau,95974391821116,Paris,42182.66,MIDDLE
1260,Lucas,Lefebvre,63527683269224,Paris,37588.58,MIDDLE
1261,Jean,Moreau,28861933864734,Nantes,48385.24,SENIOR
1262,Thomas,Dupont,52394055944675,Bordeaux,85055.09,MASTER
1263,Lucas,Martin,34516296148557,Lyon,49120.62,SENIOR
1264,Marie,Moreau,96620003855131,Lyon,64613.02,SENIOR
1265,Marie,Laurent,45293593812962,Lyon,29022.28,MIDDLE
1266,Jean,Dupont,41257400131776,Marseille,32301.52,MIDDLE
1267,Camille,Laurent,25975049983816,Bordeaux,30201.18,MIDDLE
1268,Marie,Laurent,50366717304289,Lille,81840.96,MASTER
1269,Lucas,Girard,45974835032761,Paris,75754.64,MASTER
1270,Chloé,Girard,41412447077367,Paris,42866.23,MIDDLE
1271,Lucas,Dupont,85648348116597,Paris,65061.49,SENIOR
1272,Camille,Girard,48079749238330,Paris,19294.02,JUNIOR
1274,Jean,Martin,28001564550267,Lille,82639.97,MASTER
1276,Camille,Lefebvre,84332512567378,Paris,29276.0,MIDDLE
1277,Nicolas,Lefebvre,96398991267904,Bordeaux,29714.85,MIDDLE
1278,Jean,Girard,67660120354412,Nantes,71199.72,SENIOR
1279,Nicolas,Girard,82353836061554,Bordeaux,60715.34,SENIOR
1281,Camille,Martin,60849236682831,Lyon,42564.58,MIDDLE
1282,Chloé,Martin,64025030030624,Nantes,26107.72,MIDDLE
1283,Lucas,Moreau,28675277261098,Paris,61026.45,SENIOR
1284,Nicolas,Moreau,67320845433633,Nantes,16119.74,JUNIOR
1285,Marie,Girard,56093506510979,Lille,55218.49,SENIOR
1286,Nicolas,Moreau,80170399704721,Marseille,45513.46,SENIOR
1287,Nicolas,Lefebvre,97459159910695,Marseille,23478.3,MIDDLE
1288,Chloé,Lefebvre,42023255611270,Lyon,74835.13,SENIOR
1289,Thomas,Laurent,11551814055459,Marseille,78405.96,MASTER
1290,Lucas,Girard,50940136062002,Lille,45278.87,SENIOR
1291,Marie,Dupont,92609994679692,Nantes,81796.03,MASTER
1292,Marie,Girard,66468684497554,Marseille,88049.14,MASTER
1293,Jean,Dupont,59388758113489,Lille,17268.88,JUNIOR
1294,Lucas,Laurent,29028060404645,Bordeaux,34840.38,MIDDLE
1295,Camille,Moreau,66197650547949,Marseille,53443.2,SENIOR
1297,Marie,Laurent,88836306407799,Paris,61740.61,SENIOR
1298,Chloé,Martin,28809658967317,Lyon,23708.04,MIDDLE
1299,Marie,Girard,22141583992940,Lyon,68810.1,SENIOR
1300,Lucas,Martin,95753477404537,Bordeaux,75578.69,MASTER
1301,Lucas,Martin,11082713079517,Paris,30474.48,MIDDLE
1302,Jean,Dupont,86650646881981,Bordeaux,51800.35,SENIOR
1303,Lucas,Moreau,97829645466031,Nantes,52579.21,SENIOR
1304,Lucas,Moreau,10357397764002,Lyon,35916.87,MIDDLE
1305,Camille,Moreau,82460747676017,Paris,72885.53,SENIOR
1307,Thomas,Martin,86295554666179,Paris,23210.56,MIDDLE
1308,Marie,Girard,92070266322669,Lyon,23556.59,MIDDLE
1309,Nicolas,Moreau,46580104097788,Lille,77579.8,MASTER
1310,Chloé,Lefebvre,50141292997667,Bordeaux,62259.45,SENIOR
1311,Chloé,Moreau,13737443039662,Lyon,43459.95,MIDDLE
1312,Chloé,Lefebvre,57560158154172,Marseille,47188.98,SENIOR
1314,Chloé,Martin,33034864189747,Bordeaux,63076.02,SENIOR
1315,Lucas,Martin,64715530248941,Bordeaux,34491.52,MIDDLE
1316,Lucas,Laurent,11396462051950,Lille,15828.6,JUNIOR
1317,Nicolas,Martin,91874616970081,Marseille,18374.23,JUNIOR
1318,Camille,Lefebvre,10072067482627,Nantes,51266.97,SENIOR
1319,Thomas,Dupont,69963754644594,Nantes,33458.12,MIDDLE
1320,Thomas,Dupont,56011581205243,Bordeaux,16404.33,JUNIOR
1321,Nicolas,Dupont,45154923583823,Paris,34871.5,MIDDLE
1322,Chloé,Martin,44484174524917,Lille,88631.63,MASTER
1323,Marie,Martin,95211898561501,Lille,77408.09,MASTER
1324,Jean,Martin,20262788289264,Paris,50774.41,SENIOR
1325,Chloé,Moreau,86054417811299,Lille,53073.55,SENIOR
1326,Lucas,Laurent,19625771560910,Marseille,68826.61,SENIOR
1327,Jean,Girard,92408222462800,Lille,74325.3,SENIOR
1329,Camille,Martin,90420074359612,Lyon,80861.56,MASTER
1330,Jean,Moreau,69301424518436,Paris,17068.82,JUNIOR
1331,Camille,Martin,34416569355046,Paris,46242.4,SENIOR
1333,Thomas,Moreau,58264956168477,Marseille,33023.25,MIDDLE
1334,Camille,Martin,99288025176684,Marseille,65993.09,SENIOR
1335,Camille,Dupont,84611214527897,Nantes,64006.51,SENIOR
1336,Marie,Dupont,87344780344865,Lyon,31519.04,MIDDLE
1337,Lucas,Laurent,15208884309040,Marseille,46688.14,SENIOR
1338,Chloé,Laurent,56511174805250,Lyon,41330.4,MIDDLE
1339,Marie,Moreau,53212422125057,Paris,72776.56,SENIOR
1340,Chloé,Laurent,60251711821969,Nantes,48124.34,SENIOR
1341,Thomas,Laurent,33023074147475,Nantes,36499.57,MIDDLE
1342,Nicolas,Girard,54428993607389,Bordeaux,55814.73,SENIOR
1343,Nicolas,Laurent,55989879691404,Marseille,40338.89,MIDDLE
1344,Jean,Moreau,42723684021782,Bordeaux,84729.91,MASTER
1345,Thomas,Lefebvre,49996451872299,Lyon,48188.16,SENIOR
1346,Lucas,Moreau,96508641928440,Lyon,41475.44,MIDDLE
1347,Marie,Dupont,19688563801327,Paris,73270.78,SENIOR
1348,Thomas,Moreau,51626367448109,Marseille,86317.18,MASTER
1349,Nicolas,Dupont,37344515844849,Paris,54075.43,SENIOR
1350,Camille,Girard,65800691986425,Bordeaux,53131.4,SENIOR
1352,Jean,Martin,98243376986308,Nantes,29531.28,MIDDLE
1353,Jean,Moreau,30644197046078,Bordeaux,79745.57,MASTER
1354,Nicolas,Lefebvre,19400562303274,Nantes,44342.98,MIDDLE
1356,Thomas,Lefebvre,22886426249288,Bordeaux,56814.21,SENIOR
1357,Nicolas,Laurent,65800941085066,Marseille,50943.21,SENIOR
1358,Lucas,Lefebvre,14317009716071,Lyon,29777.82,MIDDLE
1359,Chloé,Lefebvre,31864103033951,Marseille,81094.43,MASTER
1360,Thomas,Girard,95461391029176,Marseille,85953.13,MASTER
1361,Camille,Moreau,92536166329864,Paris,67867.6,SENIOR
1362,Camille,Laurent,97416886215929,Marseille,70345.97,SENIOR
1363,Camille,Martin,67237695170413,Paris,50728.67,SENIOR
1364,Chloé,Dupont,61675990254043,Lille,53484.2,SENIOR
1365,Nicolas,Laurent,41965009310403,Paris,64373.91,SENIOR
1366,Jean,Moreau,49620912427568,Bordeaux,83236.5,MASTER
1367,Chloé,Laurent,37462332371077,Lyon,34441.41,MIDDLE
1368,Marie,Martin,68971425968193,Nantes,32752.27,MIDDLE
1369,Thomas,Girard,55247594774565,Nantes,81126.72,MASTER
1371,Camille,Laurent,62158009219492,Lyon,45626.95,SENIOR
1372,Jean,Moreau,87199379775213,Nantes,83077.11,MASTER
1373,Lucas,Laurent,22859202012266,Marseille,40373.19,MIDDLE
1374,Nicolas,Dupont,26528547824436,Marseille,70141.29,SENIOR
1375,Lucas,Martin,98197738061394,Lille,39085.45,MIDDLE
1376,Marie,Girard,98765188679935,Lyon,80605.12,MASTER
1377,Chloé,Moreau,53399025401520,Lyon,65875.17,SENIOR
1378,Camille,Martin,57462981310972,Paris,68116.86,SENIOR
1379,Thomas,Dupont,45421786979948,Marseille,79005.22,MASTER
1380,Nicolas,Lefebvre,19363530680098,Lille,17108.79,JUNIOR
1381,Nicolas,Moreau,48624226839892,Bordeaux,57045.93,SENIOR
1382,Chloé,Moreau,85891477587127,Lyon,75276.12,MASTER
1383,Thomas,Lefebvre,68936232198905,Lyon,64574.22,SENIOR
1384,Lucas,Girard,41927181343168,Nantes,42411.47,MIDDLE
1385,Chloé,Lefebvre,14206089937260,Lille,86022.52,MASTER
1386,Camille,Martin,46139833865566,Paris,30849.47,MIDDLE
1387,Jean,Laurent,90646496282499,Nantes,21594.91,MIDDLE
1388,Marie,Dupont,58049885240362,Nantes,51288.73,SENIOR
1389,Camille,Lefebvre,23752726783127,Nantes,80727.19,MASTER
1390,Marie,Girard,27735960313738,Lille,62658.38,SENIOR
1391,Jean,Lefebvre,56113238171386,Lyon,21114.7,MIDDLE
1392,Marie,Dupont,61988421080335,Bordeaux,48903.59,SENIOR
1393,Thomas,Dupont,85396229554846,Marseille,59370.89,SENIOR
1394,Thomas,Laurent,87064438103791,Bordeaux,21791.05,MIDDLE
1395,Nicolas,Laurent,62325945352500,Marseille,45742.24,SENIOR
1396,Camille,Moreau,64576724485605,Lille,58233.5,SENIOR
1397,Thomas,Dupont,33202798208850,Nantes,64293.75,SENIOR
1399,Camille,Laurent,62943400531612,Nantes,30253.11,MIDDLE
1400,Thomas,Laurent,12738862398310,Nantes,33115.65,MIDDLE
1401,Nicolas,Dupont,43297593101813,Lyon,17656.5,JUNIOR
1403,Jean,Moreau,92792034549298,Lille,80326.56,MASTER
1404,Nicolas,Girard,29148635441288,Bordeaux,19379.84,JUNIOR
1405,Jean,Martin,13516929730630,Lille,81558.06,MASTER
1406,Chloé,Martin,33827565865207,Marseille,76672.06,MASTER
1407,Chloé,Moreau,49674151714833,Lille,66839.89,SENIOR
1409,Thomas,Laurent,95532020121923,Paris,31785.49,MIDDLE
1410,Lucas,Girard,46083197301016,Lille,81272.16,MASTER
1411,Thomas,Moreau,54778802895844,Bordeaux,36145.53,MIDDLE
1412,Lucas,Dupont,49306987301011,Paris,61539.64,SENIOR
1415,Camille,Laurent,87863274978293,Marseille,47510.22,SENIOR
1416,Marie,Girard,88622756385500,Bordeaux,26325.31,MIDDLE
1417,Nicolas,Girard,90056532322569,Lyon,88831.48,MASTER
1418,Lucas,Martin,94740707069373,Nantes,78038.62,MASTER
1419,Marie,Dupont,62745253949157,Lyon,58037.62,SENIOR
1420,Chloé,Lefebvre,44446250805667,Lyon,86117.99,MASTER
1421,Camille,Moreau,63899869562457,Bordeaux,81293.8,MASTER
1423,Camille,Dupont,51140260195752,Nantes,44846.44,MIDDLE
1424,Marie,Martin,91729685106466,Paris,35409.04,MIDDLE
1425,Jean,Moreau,63805021445041,Lille,24826.4,MIDDLE
1426,Jean,Girard,66301355410833,Nantes,78147.33,MASTER
1428,Nicolas,Dupont,99531718609389,Marseille,82142.45,MASTER
1429,Nicolas,Laurent,17469075954147,Bordeaux,78156.26,MASTER
1430,Camille,Laurent,27966717753603,Bordeaux,76160.98,MASTER
1431,Camille,Lefebvre,54585033396782,Lyon,46419.35,SENIOR
1432,Thomas,Laurent,94645517378322,Paris,57352.24,SENIOR
1433,Camille,Lefebvre,35390465222933,Bordeaux,65596.47,SENIOR
1435,Marie,Martin,56487704942522,Bordeaux,79674.19,MASTER
1436,Marie,Laurent,53184920401702,Bordeaux,66540.43,SENIOR
1437,Marie,Laurent,91400603929429,Bordeaux,23469.51,MIDDLE
1438,Jean,Lefebvre,39866482456248,Lille,64300.67,SENIOR
1439,Chloé,Girard,56346500511206,Lyon,26899.49,MIDDLE
1440,Marie,Girard,62967371742281,Bordeaux,60051.42,SENIOR
1441,Thomas,Lefebvre,25831823200331,Lyon,42187.33,MIDDLE
1442,Lucas,Moreau,83747023464370,Marseille,29198.62,MIDDLE
1443,Lucas,Moreau,20253145288012,Nantes,70299.96,SENIOR
1444,Chloé,Girard,43480156810429,Lille,59677.76,SENIOR
1445,Lucas,Lefebvre,41683289870092,Lille,73675.99,SENIOR
1446,Chloé,Dupont,38646682520598,Marseille,71206.58,SENIOR
1447,Nicolas,Moreau,67907549445958,Lille,76069.99,MASTER
1448,Chloé,Dupont,28547329373422,Paris,48154.52,SENIOR
1449,Camille,Dupont,84438936100920,Lille,69270.47,SENIOR
1450,Thomas,Dupont,18880428846162,Nantes,50843.4,SENIOR
1453,Camille,Moreau,62062949977014,Marseille,49225.45,SENIOR
1454,Chloé,Moreau,50751026694523,Nantes,42302.09,MIDDLE
1455,Chloé,Martin,39821368395589,Lille,85389.99,MASTER
1456,Chloé,Dupont,58862767743025,Lyon,28073.93,MIDDLE
1457,Jean,Laurent,91224530685038,Bordeaux,18114.8,JUNIOR
1458,Nicolas,Girard,53304411892991,Bordeaux,89096.62,MASTER
1460,Jean,Moreau,60883641593553,Nantes,73568.61,SENIOR
1462,Marie,Moreau,26400857906843,Lille,52688.21,SENIOR
1463,Camille,Dupont,35490003503914,Lille,58973.75,SENIOR
1464,Chloé,Girard,61522597244059,Lyon,71249.48,SENIOR
1465,Camille,Martin,31172394261446,Bordeaux,50854.68,SENIOR
1466,Nicolas,Girard,80234242374623,Marseille,29264.45,MIDDLE
1467,Jean,Laurent,91802546778688,Bordeaux,70504.64,SENIOR
1468,Chloé,Lefebvre,67622207901515,Bordeaux,75163.79,MASTER
1469,Marie,Moreau,27880637468334,Nantes,47040.07,SENIOR
1470,Thomas,Lefebvre,91412295077858,Paris,33366.88,MIDDLE
1471,Camille,Dupont,65462210411433,Paris,25280.46,MIDDLE
1473,Thomas,Dupont,11249692713720,Lille,52486.62,SENIOR
1474,Lucas,Dupont,87839305524356,Marseille,83324.23,MASTER
1475,Jean,Lefebvre,44081066519970,Nantes,58257.58,SENIOR
1476,Nicolas,Moreau,99561095856911,Marseille,55427.51,SENIOR
1477,Lucas,Martin,47047203407322,Bordeaux,86204.5,MASTER
1479,Lucas,Dupont,29767365113737,Marseille,63845.57,SENIOR
1480,Chloé,Girard,21281315965138,Lille,80640.38,MASTER
1482,Marie,Moreau,62259208360713,Nantes,71181.33,SENIOR
1483,Jean,Girard,31563807218803,Marseille,70919.0,SENIOR
1484,Camille,Laurent,43018982904859,Lyon,43564.41,MIDDLE
1485,Nicolas,Dupont,34234402380668,Bordeaux,80814.04,MASTER
1486,Marie,Laurent,55412578345074,Lille,86454.19,MASTER
1487,Camille,Moreau,61568177560263,Bordeaux,80402.47,MASTER
1488,Nicolas,Laurent,28011920645458,Marseille,36054.53,MIDDLE
1489,Camille,Dupont,59672353321177,Lyon,71669.32,SENIOR
1490,Chloé,Lefebvre,42882447294926,Marseille,85237.55,MASTER
1491,Thomas,Martin,59490614938817,Bordeaux,47376.61,SENIOR
1492,Nicolas,Girard,50317323858340,Nantes,86516.9,MASTER
1493,Thomas,Martin,35272324688971,Lille,74171.23,SENIOR
1494,Lucas,Laurent,36952856221288,Lille,18377.82,JUNIOR
1495,Nicolas,Moreau,44117545174640,Bordeaux,80078.99,MASTER
1496,Marie,Martin,16645395010207,Marseille,34580.24,MIDDLE
1497,Marie,Girard,13984958674045,Lyon,25878.14,MIDDLE
1498,Camille,Martin,87225052884550,Marseille,68215.48,SENIOR
1499,Lucas,Laurent,84724454585743,Nantes,55115.04,SENIOR
1500,Nicolas,Lefebvre,55452842887144,Lyon,55995.08,SENIOR
1501,Thomas,Dupont,41154641545352,Lyon,68041.24,SENIOR
1502,Camille,Laurent,34505106969771,Lyon,68428.87,SENIOR
1503,Camille,Laurent,82766480064113,Lille,35169.7,MIDDLE
1504,Jean,Girard,91750786241293,Lille,84728.26,MASTER
1505,Camille,Girard,81241208854060,Lyon,42450.9,MIDDLE
1507,Camille,Dupont,23983203715445,Lyon,41373.98,MIDDLE
1508,Lucas,Lefebvre,11488163396802,Paris,57792.19,SENIOR
1509,Thomas,Girard,50200460016828,Bordeaux,50732.22,SENIOR
1511,Marie,Girard,22153961625120,Marseille,39373.31,MIDDLE
1512,Marie,Moreau,45223017846497,Paris,27213.71,MIDDLE
1513,Chloé,Laurent,67608069436824,Lille,35438.63,MIDDLE
1514,Lucas,Moreau,36503457379847,Marseille,82155.11,MASTER
1516,Chloé,Dupont,90802335937834,Nantes,70154.99,SENIOR
1517,Chloé,Girard,98756846665320,Nantes,23959.49,MIDDLE
1518,Lucas,Laurent,52653451796072,Nantes,29911.08,MIDDLE
1519,Chloé,Laurent,69812231086863,Nantes,42364.32,MIDDLE
1520,Chloé,Girard,18218983771533,Nantes,47327.37,SENIOR
1521,Thomas,Martin,48185624753268,Lyon,65452.41,SENIOR
1522,Thomas,Laurent,84091096536905,Marseille,79975.78,MASTER
1523,Jean,Dupont,19406395201044,Marseille,37831.17,MIDDLE
1524,Nicolas,Laurent,69396133378555,Marseille,24223.11,MIDDLE
1525,Jean,Laurent,52965516996624,Lyon,64695.24,SENIOR
1526,Marie,Dupont,95759695091475,Lille,23212.79,MIDDLE
1527,Jean,Girard,55909102533364,Nantes,62180.42,SENIOR
1528,Marie,Girard,68648053309383,Lyon,69701.53,SENIOR
1529,Marie,Laurent,68605582744141,Lyon,65262.4,SENIOR
1530,Jean,Laurent,32944698891324,Lyon,28645.39,MIDDLE
1531,Chloé,Dupont,23898327975672,Bordeaux,47916.47,SENIOR
1532,Chloé,Girard,53310867713153,Nantes,83064.64,MASTER
1533,Nicolas,Laurent,43348501222443,Lille,37237.67,MIDDLE
1534,Camille,Laurent,88476182214584,Marseille,49530.75,SENIOR
1535,Nicolas,Moreau,91891160706963,Nantes,64137.74,SENIOR
1536,Marie,Dupont,89959924283462,Marseille,36644.65,MIDDLE
1537,Camille,Moreau,62899265637067,Bordeaux,56923.35,SENIOR
1538,Marie,Moreau,81245491656942,Nantes,42391.46,MIDDLE
1540,Chloé,Dupont,14568767764117,Lyon,59949.33,SENIOR
1541,Camille,Moreau,34427592290782,Marseille,24807.3,MIDDLE
1542,Jean,Girard,65652185997051,Lille,79940.65,MASTER
1543,Jean,Moreau,97537546260921,Nantes,67974.24,SENIOR
1544,Camille,Lefebvre,58619508722476,Bordeaux,38206.0,MIDDLE
1545,Nicolas,Lefebvre,32567609907963,Paris,21983.92,MIDDLE
1546,Jean,Moreau,15166583844763,Bordeaux,30652.56,MIDDLE
1547,Camille,Lefebvre,55705608228436,Lyon,18579.36,JUNIOR
1548,Thomas,Girard,51889966358879,Bordeaux,16792.23,JUNIOR
1549,Jean,Dupont,83615518316443,Paris,72690.84,SENIOR
1550,Thomas,Martin,42200348942870,Marseille,78318.09,MASTER
1551,Chloé,Moreau,69918024564597,Bordeaux,74258.72,SENIOR
1552,Jean,Girard,27095442244555,Lyon,87456.22,MASTER
1553,Lucas,Martin,58291350329035,Bordeaux,86722.87,MASTER
1554,Marie,Laurent,29463376581461,Paris,85113.04,MASTER
1555,Camille,Dupont,58010768582337,Marseille,87189.35,MASTER
1556,Marie,Martin,10704352493149,Lille,36432.67,MIDDLE
1558,Camille,Dupont,48768932717666,Lyon,32233.86,MIDDLE
1559,Lucas,Moreau,51223281572195,Bordeaux,55119.95,SENIOR
1560,Camille,Girard,99091184233337,Lyon,89442.39,MASTER
1561,Chloé,Girard,55405237417243,Lyon,64037.19,SENIOR
1563,Camille,Dupont,46839604840565,Paris,55612.67,SENIOR
1565,Marie,Dupont,60557708410002,Marseille,39256.69,MIDDLE
1566,Marie,Girard,47380995274328,Paris,21271.92,MIDDLE
1567,Thomas,Martin,22655452141026,Lyon,39587.3,MIDDLE
1568,Nicolas,Moreau,51348233138614,Paris,42001.21,MIDDLE
1569,Thomas,Dupont,50191280417789,Nantes,72325.74,SENIOR
1570,Jean,Lefebvre,50343720820066,Paris,57323.66,SENIOR
1571,Camille,Martin,57494641656110,Marseille,68585.3,SENIOR
1572,Lucas,Martin,59578629718536,Lyon,41266.11,MIDDLE
1573,Jean,Laurent,92741558562051,Lille,52474.91,SENIOR
1574,Marie,Lefebvre,16635793909844,Marseille,22839.22,MIDDLE
1575,Thomas,Moreau,42022014736632,Lille,89036.94,MASTER
1576,Lucas,Moreau,88093944163373,Bordeaux,15805.82,JUNIOR
1577,Jean,Girard,66936978527402,Marseille,15475.87,JUNIOR
1578,Lucas,Martin,31003881506789,Nantes,25416.11,MIDDLE
1579,Lucas,Girard,27599151700892,Lyon,89856.51,MASTER
1580,Nicolas,Martin,61743557824860,Bordeaux,18451.66,JUNIOR
1581,Lucas,Moreau,25385829441899,Paris,73591.02,SENIOR
1583,Nicolas,Dupont,83782057088265,Nantes,25026.77,MIDDLE
1584,Camille,Lefebvre,65790515499440,Lille,81374.1,MASTER
1587,Nicolas,Moreau,38974919623487,Nantes,72085.87,SENIOR
1588,Camille,Dupont,89890468538315,Bordeaux,39997.98,MIDDLE
1589,Camille,Lefebvre,12329202979422,Paris,42441.53,MIDDLE
1590,Marie,Girard,92620153111809,Nantes,57952.69,SENIOR
1591,Marie,Girard,67684601173512,Marseille,57406.79,SENIOR
1592,Thomas,Moreau,69244488332523,Marseille,36772.03,MIDDLE
1593,Nicolas,Martin,26191353688916,Lille,48271.47,SENIOR
1594,Nicolas,Dupont,84018859905178,Nantes,59440.95,SENIOR
1595,Camille,Girard,64671938426984,Lille,60538.64,SENIOR
1596,Nicolas,Martin,20383196179796,Lille,23274.88,MIDDLE
1597,Marie,Girard,35914828326782,Bordeaux,78095.52,MASTER
1599,Camille,Lefebvre,57406536191460,Nantes,27161.18,MIDDLE
1600,Marie,Moreau,99929362574576,Bordeaux,74490.89,SENIOR
1601,Thomas,Moreau,32135425948026,Lille,76988.27,MASTER
1603,Camille,Laurent,63303258094469,Lyon,21046.3,MIDDLE
1604,Jean,Laurent,43245165493878,Marseille,16010.75,JUNIOR
1606,Marie,Laurent,85856480463173,Paris,29899.46,MIDDLE
1607,Chloé,Moreau,42982627964280,Lyon,37171.25,MIDDLE
1608,Marie,Dupont,55584557519317,Paris,88914.09,MASTER
1609,Marie,Dupont,86964456528793,Paris,58802.53,SENIOR
1610,Chloé,Lefebvre,60433439400622,Bordeaux,45395.76,SENIOR
1611,Lucas,Moreau,39729992187582,Nantes,44882.55,MIDDLE
1612,Camille,Dupont,51467277654770,Lyon,50380.61,SENIOR
1614,Marie,Laurent,30968510421957,Lyon,19986.99,JUNIOR
1615,Jean,Martin,54349654474044,Nantes,66057.36,SENIOR
1616,Lucas,Lefebvre,86446910537728,Marseille,82758.9,MASTER
1617,Camille,Laurent,57234623014271,Lyon,84705.52,MASTER
1618,Camille,Martin,18931148364918,Paris,83103.11,MASTER
1619,Nicolas,Laurent,25378194611964,Paris,43679.91,MIDDLE
1620,Nicolas,Dupont,37477594392622,Marseille,66470.13,SENIOR
1621,Jean,Girard,24631639472958,Lyon,39020.5,MIDDLE
1622,Lucas,Lefebvre,12487577296132,Paris,26624.69,MIDDLE
1623,Marie,Laurent,33673763979029,Nantes,17091.66,JUNIOR
1624,Lucas,Lefebvre,16949764847672,Paris,16530.09,JUNIOR
1625,Lucas,Lefebvre,29536378211097,Lille,45896.83,SENIOR
1626,Camille,Girard,30930535706165,Lyon,30228.61,MIDDLE
1627,Chloé,Moreau,90943755749412,Lyon,88466.04,MASTER
1628,Chloé,Dupont,41630382259935,Lille,89431.18,MASTER
1629,Camille,Laurent,22802176112916,Lyon,56354.7,SENIOR
1630,Chloé,Moreau,68656161542568,Bordeaux,74318.89,SENIOR
1631,Nicolas,Dupont,13032901009872,Lille,50982.8,SENIOR
1632,Marie,Laurent,45390077649882,Bordeaux,54069.03,SENIOR
1633,Thomas,Dupont,26241125100411,Bordeaux,86680.98,MASTER
1634,Nicolas,Dupont,24453061753481,Nantes,35610.75,MIDDLE
1635,Thomas,Laurent,51582222061467,Bordeaux,64052.72,SENIOR
1636,Camille,Moreau,14885846268861,Lille,60549.45,SENIOR
1637,Jean,Lefebvre,60698743520274,Lille,45755.03,SENIOR
1638,Marie,Lefebvre,98787549319373,Paris,48743.25,SENIOR
1639,Nicolas,Dupont,36230122514833,Paris,31546.44,MIDDLE
1640,Camille,Dupont,61684418156082,Lyon,30763.49,MIDDLE
1641,Lucas,Moreau,15115781266346,Lille,67000.49,SENIOR
1642,Lucas,Martin,21205559728568,Paris,72753.82,SENIOR
1643,Nicolas,Dupont,64583667666036,Paris,68139.88,SENIOR
1644,Lucas,Lefebvre,63710029424332,Lyon,73614.62,SENIOR
1645,Thomas,Lefebvre,16254104941182,Lyon,72258.09,SENIOR
1646,Thomas,Dupont,21985469348254,Lyon,17626.52,JUNIOR
1647,Lucas,Moreau,43975094187373,Marseille,60729.31,SENIOR
1648,Chloé,Laurent,95464698140650,Marseille,81866.25,MASTER
1649,Jean,Dupont,99210141365868,Lille,59615.61,SENIOR
1650,Marie,Moreau,52399142129058,Bordeaux,56039.39,SENIOR
1651,Camille,Girard,24419605789757,Nantes,24764.92,MIDDLE
1652,Chloé,Lefebvre,52275280492097,Lille,65333.26,SENIOR
1653,Camille,Martin,51512490050269,Nantes,28615.15,MIDDLE
1654,Nicolas,Girard,18078231513594,Nantes,59408.52,SENIOR
1655,Lucas,Lefebvre,15529975196222,Nantes,40587.83,MIDDLE
1656,Nicolas,Laurent,44971012190998,Lille,66274.37,SENIOR
1658,Chloé,Laurent,84544034832679,Nantes,52383.91,SENIOR
1659,Lucas,Martin,58111075106867,Bordeaux,24952.43,MIDDLE
1660,Nicolas,Lefebvre,22498607967773,Paris,36741.82,MIDDLE
1661,Nicolas,Lefebvre,65342757246595,Marseille,21427.5,MIDDLE
1662,Jean,Moreau,50464624945066,Paris,57421.26,SENIOR
1663,Camille,Laurent,40965701442450,Bordeaux,54325.49,SENIOR
1664,Lucas,Martin,45697945677781,Lyon,50342.74,SENIOR
1665,Lucas,Moreau,38865178643100,Paris,72548.02,SENIOR
1666,Nicolas,Martin,82419486957475,Marseille,76291.67,MASTER
1667,Camille,Dupont,23812452763918,Marseille,51551.31,SENIOR
1668,Nicolas,Martin,94855407638655,Bordeaux,58261.53,SENIOR
1669,Jean,Laurent,59316455956179,Nantes,86649.3,MASTER
1670,Chloé,Dupont,23875159893384,Nantes,15132.04,JUNIOR
1671,Chloé,Lefebvre,53964105214124,Marseille,58235.94,SENIOR
1672,Thomas,Martin,41834469734559,Paris,67648.67,SENIOR
1673,Jean,Laurent,81549722537631,Lille,85507.52,MASTER
1674,Jean,Lefebvre,90625825257180,Nantes,26613.07,MIDDLE
1675,Lucas,Girard,29130983073282,Bordeaux,72619.17,SENIOR
1676,Chloé,Dupont,13094409455819,Marseille,37422.04,MIDDLE
1677,Jean,Martin,30166210847456,Marseille,36090.31,MIDDLE
1678,Thomas,Lefebvre,18830055317262,Marseille,64473.11,SENIOR
1679,Thomas,Girard,15134684990360,Nantes,20008.13,MIDDLE
1680,Nicolas,Girard,38528587240052,Lille,28656.18,MIDDLE
1681,Lucas,Laurent,16384486926634,Paris,58193.05,SENIOR
1683,Jean,Dupont,40081624157898,Bordeaux,88721.07,MASTER
1684,Chloé,Lefebvre,18007632212651,Marseille,52521.3,SENIOR
1685,Jean,Martin,37071651801432,Nantes,88821.7,MASTER
1686,Chloé,Laurent,30157475530851,Marseille,27422.38,MIDDLE
1688,Chloé,Martin,99121258477946,Bordeaux,75545.75,MASTER
1689,Marie,Laurent,39139715959072,Nantes,81150.9,MASTER
1690,Marie,Dupont,92661557228398,Nantes,52728.65,SENIOR
1691,Jean,Laurent,83953647793835,Lille,49090.1,SENIOR
1692,Lucas,Laurent,38868744884893,Nantes,82131.49,MASTER
1693,Chloé,Moreau,18264273064243,Nantes,83507.59,MASTER
1694,Camille,Lefebvre,24833682443548,Lyon,50548.11,SENIOR
1695,Camille,Lefebvre,50979713055431,Nantes,87262.94,MASTER
1697,Chloé,Martin,16568586357532,Paris,30315.91,MIDDLE
1698,Nicolas,Laurent,85993910965956,Lyon,50281.31,SENIOR
1699,Camille,Martin,45237165717719,Nantes,40146.5,MIDDLE
1700,Marie,Girard,92117400436230,Lyon,84079.72,MASTER
1701,Thomas,Girard,32821613256810,Paris,16062.01,JUNIOR
1702,Camille,Moreau,48113991118292,Paris,29473.23,MIDDLE
1703,Camille,Laurent,89518732636640,Paris,17387.68,JUNIOR
1704,Thomas,Martin,50450530338090,Nantes,35251.87,MIDDLE
1705,Lucas,Martin,14209381365998,Lille,77824.64,MASTER
1706,Lucas,Girard,97211495257548,Nantes,70061.56,SENIOR
1707,Lucas,Lefebvre,32933603291894,Paris,16977.87,JUNIOR
1710,Jean,Lefebvre,45190825264036,Bordeaux,39069.88,MIDDLE
1711,Chloé,Girard,37888571437835,Nantes,61789.07,SENIOR
1712,Thomas,Lefebvre,23872599000560,Lille,80013.55,MASTER
1713,Marie,Moreau,47498970858591,Marseille,59496.69,SENIOR
1714,Nicolas,Girard,53872526438711,Lille,47161.14,SENIOR
1715,Chloé,Laurent,90410722550245,Paris,23245.69,MIDDLE
1716,Thomas,Martin,87581040838653,Bordeaux,51012.2,SENIOR
1717,Camille,Dupont,57272513773212,Lyon,86824.31,MASTER
1718,Chloé,Dupont,64432872963672,Bordeaux,67596.44,SENIOR
1719,Marie,Moreau,39674115862309,Lyon,42813.85,MIDDLE
1721,Nicolas,Dupont,94653494131230,Lyon,53942.11,SENIOR
1722,Marie,Moreau,91804025637664,Nantes,55844.2,SENIOR
1723,Nicolas,Lefebvre,56193177391289,Marseille,82645.64,MASTER
1724,Marie,Girard,67069944025679,Bordeaux,47288.44,SENIOR
1725,Jean,Laurent,69352493565260,Lille,42226.7,MIDDLE
1726,Camille,Martin,68414505551619,Nantes,53030.61,SENIOR
1727,Thomas,Dupont,20373305140313,Marseille,37863.76,MIDDLE
1728,Marie,Moreau,55517889392485,Bordeaux,75557.4,MASTER
1730,Marie,Laurent,27789592626069,Marseille,83098.99,MASTER
1732,Chloé,Girard,49175119985677,Bordeaux,74194.21,SENIOR
1733,Nicolas,Girard,29884617446607,Bordeaux,49869.73,SENIOR
1734,Nicolas,Laurent,60431977040274,Nantes,54074.68,SENIOR
1735,Chloé,Dupont,25214892811579,Marseille,35245.72,MIDDLE
1736,Chloé,Lefebvre,61106782998001,Paris,27828.47,MIDDLE
1738,Marie,Lefebvre,44278010112467,Bordeaux,67143.18,SENIOR
1739,Lucas,Girard,37348091841285,Marseille,63933.61,SENIOR
1740,Marie,Laurent,29714389876975,Bordeaux,27943.78,MIDDLE
1742,Thomas,Moreau,30821668284913,Marseille,34226.09,MIDDLE
1743,Jean,Martin,44924811514163,Marseille,50251.1,SENIOR
1744,Jean,Lefebvre,88304781574750,Lyon,64069.56,SENIOR
1746,Lucas,Girard,57923694159340,Paris,42172.42,MIDDLE
1747,Chloé,Lefebvre,81508805379389,Nantes,20304.04,MIDDLE
1748,Thomas,Girard,98429567076287,Paris,72473.85,SENIOR
1750,Marie,Laurent,33538646287844,Marseille,89390.48,MASTER
1751,Lucas,Laurent,99306006871744,Lille,41415.54,MIDDLE
1752,Nicolas,Laurent,28030073343921,Lille,52036.04,SENIOR
1754,Jean,Lefebvre,91272086588777,Nantes,32779.2,MIDDLE
1755,Camille,Laurent,22510090698682,Marseille,88383.77,MASTER
1756,Lucas,Laurent,40308734614073,Lyon,15814.58,JUNIOR
1757,Camille,Lefebvre,42402057423930,Nantes,29939.7,MIDDLE
1758,Lucas,Martin,17542494340226,Bordeaux,73988.85,SENIOR
1759,Chloé,Lefebvre,47277404613136,Nantes,65903.47,SENIOR
1760,Camille,Moreau,69182711027930,Bordeaux,55714.3,SENIOR
1761,Marie,Martin,47265481869818,Paris,69081.83,SENIOR
1763,Chloé,Dupont,35747196157132,Marseille,24542.09,MIDDLE
1764,Lucas,Girard,54659033006963,Marseille,46240.88,SENIOR
1765,Jean,Girard,89709029725389,Paris,77114.47,MASTER
1766,Chloé,Girard,16926404060462,Lyon,30506.32,MIDDLE
1767,Nicolas,Dupont,58581624806839,Nantes,33332.8,MIDDLE
1768,Lucas,Girard,48213605508891,Lyon,75663.92,MASTER
1769,Nicolas,Martin,39311461759768,Bordeaux,25678.97,MIDDLE
1770,Lucas,Dupont,97862680492307,Marseille,38583.79,MIDDLE
1771,Jean,Dupont,36405213062501,Nantes,69450.5,SENIOR
1772,Nicolas,Laurent,69467202149355,Lyon,45005.26,SENIOR
1773,Thomas,Martin,15344968783442,Bordeaux,69220.38,SENIOR
1774,Thomas,Girard,87664924633996,Marseille,29068.86,MIDDLE
1775,Thomas,Martin,42334679796053,Nantes,16631.14,JUNIOR
1776,Chloé,Dupont,61305137378292,Marseille,79201.58,MASTER
1777,Chloé,Moreau,62126117827234,Marseille,40969.31,MIDDLE
1778,Nicolas,Girard,21172407239460,Bordeaux,24224.05,MIDDLE
1779,Thomas,Dupont,36828800711790,Marseille,59556.36,SENIOR
1780,Nicolas,Dupont,52254384739317,Lyon,61515.01,SENIOR
1781,Nicolas,Dupont,51151151901494,Lyon,17843.89,JUNIOR
1782,Nicolas,Laurent,25737204954796,Paris,24763.04,MIDDLE
1783,Marie,Girard,50750751901596,Nantes,56142.71,SENIOR
1784,Thomas,Dupont,92398481595802,Nantes,36388.35,MIDDLE
1785,Camille,Girard,24166153988491,Nantes,16105.45,JUNIOR
1787,Camille,Girard,54417505648893,Bordeaux,20636.85,MIDDLE
1788,Marie,Lefebvre,59764846939674,Lyon,38510.32,MIDDLE
1789,Jean,Lefebvre,82594044009849,Marseille,54103.96,SENIOR
1790,Nicolas,Lefebvre,40974790165927,Marseille,65814.65,SENIOR
1791,Thomas,Martin,90956359531536,Lille,62988.91,SENIOR
1792,Camille,Girard,95956060948208,Marseille,32032.19,MIDDLE
1793,Jean,Laurent,48140877013693,Lille,45421.23,SENIOR
1794,Nicolas,Girard,40694179617216,Paris,73506.02,SENIOR
1795,Thomas,Lefebvre,36120567198222,Lille,76370.7,MASTER
1797,Chloé,Martin,32157151020572,Marseille,29470.68,MIDDLE
1798,Jean,Moreau,39571377982236,Marseille,53304.54,SENIOR
1799,Thomas,Laurent,95531548238707,Lille,84391.9,MASTER
1801,Thomas,Lefebvre,55917743400545,Lille,47981.42,SENIOR
1802,Chloé,Moreau,54951630477155,Lyon,27389.24,MIDDLE
1803,Jean,Laurent,20638489790164,Paris,43636.89,MIDDLE
1804,Marie,Laurent,58206756892203,Lyon,49702.09,SENIOR
1805,Marie,Girard,90183317788068,Lille,21303.2,MIDDLE
1806,Camille,Dupont,60040221376658,Paris,23678.24,MIDDLE
1808,Camille,Lefebvre,62966766681923,Bordeaux,46801.69,SENIOR
1809,Jean,Laurent,15957643805175,Bordeaux,19469.9,JUNIOR
1810,Jean,Martin,83086697863422,Nantes,16402.74,JUNIOR
1811,Lucas,Laurent,31529644332262,Nantes,26832.58,MIDDLE
1812,Jean,Girard,36659310479439,Marseille,43248.25,MIDDLE
1813,Thomas,Lefebvre,54597862388052,Lille,56794.59,SENIOR
1814,Jean,Martin,47880243873440,Nantes,28642.84,MIDDLE
1815,Camille,Moreau,19907508838629,Bordeaux,36030.23,MIDDLE
1816,Nicolas,Girard,93164329989765,Lyon,50011.13,SENIOR
1817,Camille,Laurent,87590045364829,Marseille,15709.41,JUNIOR
1818,Nicolas,Martin,27648177289160,Marseille,88688.23,MASTER
1819,Nicolas,Moreau,49857661402594,Marseille,52517.18,SENIOR
1820,Jean,Dupont,24171959238380,Lyon,87851.74,MASTER
1821,Marie,Lefebvre,42705381079266,Paris,78755.68,MASTER
1822,Nicolas,Moreau,52640157953173,Lyon,70999.03,SENIOR
1823,Marie,Moreau,48211907225481,Lyon,46216.24,SENIOR
1824,Jean,Lefebvre,33131972555379,Lyon,79342.85,MASTER
1825,Chloé,Dupont,11740870891974,Paris,31878.95,MIDDLE
1827,Chloé,Girard,39665997118875,Lille,88514.89,MASTER
1828,Nicolas,Moreau,30423879911011,Lyon,40832.43,MIDDLE
1829,Thomas,Martin,90221632822438,Marseille,61149.11,SENIOR
1830,Nicolas,Moreau,95413742321048,Lille,39870.55,MIDDLE
1831,Chloé,Girard,69790320763760,Lille,46131.62,SENIOR
1832,Marie,Girard,26353808504629,Bordeaux,86218.65,MASTER
1833,Marie,Laurent,90674048157125,Bordeaux,38250.97,MIDDLE
1834,Marie,Laurent,97458701908333,Lyon,82208.44,MASTER
1835,Marie,Lefebvre,38102508839932,Marseille,80564.09,MASTER
1837,Nicolas,Lefebvre,90922104972286,Lyon,17340.76,JUNIOR
1838,Nicolas,Laurent,46026313736415,Paris,73454.7,SENIOR
1839,Camille,Lefebvre,34566395076687,Nantes,47313.0,SENIOR
1840,Marie,Martin,17077898957211,Lille,17866.41,JUNIOR
1842,Chloé,Lefebvre,19636905134333,Lyon,39674.16,MIDDLE
1843,Nicolas,Dupont,96017451217041,Marseille,38874.67,MIDDLE
1844,Nicolas,Moreau,13868985920635,Bordeaux,68520.68,SENIOR
1845,Lucas,Dupont,69096766530333,Bordeaux,49583.14,SENIOR
1846,Nicolas,Lefebvre,82095137562839,Lille,16610.32,JUNIOR
1847,Camille,Martin,24762246029765,Lille,36125.67,MIDDLE
1849,Jean,Dupont,27754769658945,Nantes,64154.9,SENIOR
1851,Camille,Laurent,33919043890147,Paris,22102.47,MIDDLE
1852,Nicolas,Moreau,67790074644058,Nantes,37946.26,MIDDLE
1854,Chloé,Lefebvre,26706762971751,Nantes,69548.09,SENIOR
1855,Lucas,Martin,13099283365108,Lille,59788.99,SENIOR
1856,Jean,Martin,88560358125499,Marseille,64762.79,SENIOR
1857,Chloé,Laurent,81523395050756,Nantes,88351.38,MASTER
1858,Nicolas,Martin,54222538943311,Lyon,63712.71,SENIOR
1859,Marie,Martin,30509909438982,Nantes,69596.56,SENIOR
1861,Camille,Moreau,45573734573431,Bordeaux,47151.82,SENIOR
1862,Lucas,Girard,85025683779413,Marseille,30614.86,MIDDLE
1863,Nicolas,Girard,17748102327201,Nantes,21260.6,MIDDLE
1864,Thomas,Martin,15371992506042,Bordeaux,72690.4,SENIOR
1865,Chloé,Martin,24641766784196,Lyon,81111.39,MASTER
1866,Chloé,Moreau,96248786442657,Bordeaux,83332.81,MASTER
1867,Marie,Dupont,48247004978850,Lille,65124.56,SENIOR
1868,Camille,Moreau,28798024858542,Lille,24215.49,MIDDLE
1869,Camille,Moreau,43113878825658,Bordeaux,23057.91,MIDDLE
1870,Chloé,Girard,32901155929471,Lille,29668.08,MIDDLE
1871,Camille,Martin,29950968342454,Nantes,22830.75,MIDDLE
1872,Marie,Martin,39641620000656,Bordeaux,58895.61,SENIOR
1873,Lucas,Laurent,97296416391173,Nantes,81467.77,MASTER
1874,Thomas,Moreau,19040578407321,Nantes,87330.91,MASTER
1875,Lucas,Martin,98583867794109,Bordeaux,22013.88,MIDDLE
1876,Lucas,Martin,18509877016661,Lyon,43987.49,MIDDLE
1878,Jean,Laurent,32400724876608,Paris,23869.85,MIDDLE
1879,Lucas,Martin,84437478809122,Marseille,17915.19,JUNIOR
1880,Marie,Martin,94329254636409,Bordeaux,18701.59,JUNIOR
1881,Camille,Girard,91782325137297,Nantes,28213.53,MIDDLE
1883,Nicolas,Lefebvre,14577704414506,Bordeaux,43331.28,MIDDLE
1884,Thomas,Lefebvre,14637676823362,Lille,75646.7,MASTER
1885,Lucas,Lefebvre,87024141116471,Bordeaux,33355.78,MIDDLE
1886,Marie,Girard,40220936703437,Lille,82084.02,MASTER
1888,Marie,Dupont,32512701510931,Lille,83242.26,MASTER
1889,Lucas,Lefebvre,98500971777659,Lyon,69438.53,SENIOR
1890,Jean,Laurent,32979425877867,Lyon,41936.82,MIDDLE
1891,Marie,Lefebvre,86161869587374,Paris,62200.4,SENIOR
1892,Thomas,Lefebvre,80305472972384,Paris,47286.51,SENIOR
1893,Lucas,Lefebvre,95340510949542,Lille,37203.28,MIDDLE
1894,Marie,Lefebvre,37061011530658,Marseille,85025.34,MASTER
1895,Marie,Martin,98479245791429,Nantes,18307.45,JUNIOR
1896,Jean,Dupont,37681558969039,Lyon,54916.99,SENIOR
1897,Nicolas,Laurent,93622242065412,Nantes,30846.04,MIDDLE
1898,Camille,Lefebvre,87818882059351,Marseille,68740.1,SENIOR
1899,Nicolas,Laurent,84131832514490,Lyon,46180.13,SENIOR
1900,Thomas,Lefebvre,25803460710755,Paris,72212.81,SENIOR
1901,Jean,Martin,23967934870262,Lille,59696.71,SENIOR
1902,Jean,Lefebvre,66737511748897,Nantes,65752.4,SENIOR
1903,Camille,Laurent,82246990747397,Lille,21888.82,MIDDLE
1904,Lucas,Girard,54025359116153,Marseille,80522.01,MASTER
1905,Chloé,Martin,29994270382336,Lyon,72972.36,SENIOR
1906,Thomas,Martin,66800906288628,Marseille,47867.98,SENIOR
1907,Lucas,Dupont,62164659621585,Lille,72803.35,SENIOR
1908,Chloé,Dupont,38573426931233,Nantes,76057.98,MASTER
1909,Nicolas,Martin,38144913083132,Lille,76667.38,MASTER
1910,Marie,Dupont,55965236341960,Lyon,41283.46,MIDDLE
1911,Marie,Moreau,19108721273387,Lyon,30924.88,MIDDLE
1912,Jean,Dupont,81732094020668,Lyon,71613.21,SENIOR
1913,Lucas,Girard,13620424424251,Marseille,49261.34,SENIOR
1914,Marie,Laurent,13040569005221,Lyon,21189.62,MIDDLE
1915,Nicolas,Laurent,80370352428344,Paris,47710.58,SENIOR
1916,Camille,Lefebvre,96641349647899,Bordeaux,41793.41,MIDDLE
1917,Thomas,Dupont,82080808169130,Paris,59461.6,SENIOR
1918,Jean,Girard,67158504604282,Paris,58148.54,SENIOR
1919,Lucas,Moreau,59431556241977,Nantes,60743.56,SENIOR
1921,Jean,Moreau,15415389706707,Lille,55236.11,SENIOR
1922,Lucas,Dupont,28524334521946,Marseille,40657.19,MIDDLE
1923,Jean,Lefebvre,89525888447903,Lyon,51645.3,SENIOR
1924,Nicolas,Martin,32270891399119,Paris,67187.63,SENIOR
1925,Chloé,Lefebvre,43284161473640,Lille,23620.48,MIDDLE
1926,Lucas,Moreau,22431869606490,Paris,42947.97,MIDDLE
1927,Thomas,Laurent,48558615166333,Paris,49922.88,SENIOR
1928,Marie,Martin,12480587388411,Lille,48861.67,SENIOR
1929,Nicolas,Martin,35863790833464,Bordeaux,85240.33,MASTER
1930,Thomas,Moreau,94084122381282,Lille,32057.2,MIDDLE
1931,Lucas,Martin,25160787345735,Paris,71291.73,SENIOR
1932,Nicolas,Dupont,41373118936164,Lille,57678.92,SENIOR
1933,Lucas,Lefebvre,63837239492365,Lyon,29686.01,MIDDLE
1934,Camille,Moreau,39009148098343,Lille,36666.65,MIDDLE
1935,Thomas,Lefebvre,60291407403913,Marseille,63014.86,SENIOR
1936,Camille,Laurent,52582594906774,Paris,48627.18,SENIOR
1937,Marie,Laurent,26934527888627,Paris,18323.75,JUNIOR
1938,Jean,Girard,98348786226584,Lille,81521.87,MASTER
1939,Camille,Dupont,51681371296897,Lyon,74551.91,SENIOR
1941,Chloé,Dupont,13848253565676,Bordeaux,45196.5,SENIOR
1942,Marie,Lefebvre,35170222296177,Bordeaux,64340.46,SENIOR
1943,Marie,Dupont,39002197554423,Nantes,48327.81,SENIOR
1944,Camille,Martin,67720348274757,Lyon,23078.86,MIDDLE
1945,Jean,Moreau,61559871282047,Nantes,64486.11,SENIOR
1946,Chloé,Dupont,43202990839210,Bordeaux,70253.23,SENIOR
1947,Thomas,Moreau,53916025458557,Lyon,78358.03,MASTER
1948,Jean,Lefebvre,21769485156954,Bordeaux,82956.19,MASTER
1949,Jean,Girard,69718558367060,Marseille,61751.94,SENIOR
1951,Chloé,Girard,26314485424383,Lille,68757.87,SENIOR
1952,Thomas,Moreau,23280209909316,Bordeaux,54621.66,SENIOR
1953,Nicolas,Dupont,36610835099180,Marseille,85418.84,MASTER
1954,Jean,Girard,16410989073326,Lille,78881.18,MASTER
1955,Camille,Laurent,94672448332417,Bordeaux,28740.51,MIDDLE
1956,Marie,Laurent,86490713295677,Lyon,77893.5,MASTER
1957,Nicolas,Dupont,48007561935912,Nantes,89826.71,MASTER
1958,Lucas,Martin,84146979366491,Paris,27551.02,MIDDLE
1959,Jean,Martin,38538078737013,Paris,30629.22,MIDDLE
1960,Jean,Lefebvre,53101943739735,Paris,79629.88,MASTER
1961,Lucas,Martin,86133125537353,Bordeaux,20336.05,MIDDLE
1962,Thomas,Girard,53539162009334,Lyon,41978.59,MIDDLE
1963,Thomas,Martin,60040202204812,Paris,88821.91,MASTER
1964,Marie,Dupont,22260843190767,Paris,52395.04,SENIOR
1965,Camille,Lefebvre,28370917062017,Lyon,21898.94,MIDDLE
1967,Thomas,Moreau,53699837574956,Paris,88195.93,MASTER
1968,Nicolas,Moreau,28494609228922,Bordeaux,61294.62,SENIOR
1969,Lucas,Laurent,17074694384258,Lille,24469.49,MIDDLE
1970,Jean,Dupont,35156624160383,Lyon,66305.05,SENIOR
1972,Camille,Laurent,86481052341494,Lyon,51152.37,SENIOR
1973,Camille,Martin,99782081290906,Bordeaux,74395.32,SENIOR
1974,Thomas,Martin,25747255808580,Lille,18303.46,JUNIOR
1975,Jean,Laurent,35527954437703,Lyon,44464.37,MIDDLE
1976,Chloé,Dupont,87841203672788,Bordeaux,24349.39,MIDDLE
1977,Lucas,Dupont,85682080585766,Lille,84095.44,MASTER
1978,Thomas,Laurent,24876301725669,Nantes,45778.04,SENIOR
1979,Marie,Girard,47715124568776,Paris,30962.37,MIDDLE
1980,Marie,Martin,60309816792859,Lille,45258.03,SENIOR
1981,Lucas,Laurent,91526847450325,Bordeaux,50548.58,SENIOR
1982,Lucas,Lefebvre,66724131523124,Lyon,83284.5,MASTER
1983,Jean,Girard,46913048672129,Marseille,88921.66,MASTER
1984,Nicolas,Dupont,10518636813770,Nantes,73842.86,SENIOR
1985,Camille,Dupont,43657321863923,Bordeaux,44836.36,MIDDLE
1986,Jean,Moreau,25003908425401,Lille,73453.92,SENIOR
1987,Lucas,Martin,44940871367772,Nantes,47298.77,SENIOR
1988,Thomas,Girard,32231710440425,Nantes,53733.22,SENIOR
1990,Marie,Martin,34860041637678,Bordeaux,32021.48,MIDDLE
1991,Jean,Lefebvre,47038299311912,Lyon,59312.28,SENIOR
1992,Chloé,Martin,94902903481977,Bordeaux,61687.73,SENIOR
1993,Nicolas,Girard,14375123964732,Marseille,87586.81,MASTER
1994,Jean,Laurent,92493272824622,Lyon,85905.48,MASTER
1995,Jean,Girard,90573852854063,Lyon,68435.9,SENIOR
1996,Jean,Moreau,40271393434500,Marseille,49982.22,SENIOR
1997,Chloé,Moreau,20317188251837,Lille,18974.69,JUNIOR
1998,Chloé,Girard,68632713770007,Nantes,51517.01,SENIOR
1999,Camille,Girard,62178323943482,Nantes,29318.75,MIDDLE
2000,Thomas,Lefebvre,14261134000521,Lyon,61934.77,SENIOR
2001,Marie,Martin,48165472345659,Lille,25759.65,MIDDLE
2002,Lucas,Moreau,84783935561050,Paris,31598.93,MIDDLE
2003,Nicolas,Moreau,45349196589875,Paris,41611.45,MIDDLE
2005,Chloé,Girard,19288783017254,Bordeaux,24963.76,MIDDLE
2006,Lucas,Girard,17936683177606,Lyon,38225.01,MIDDLE
2007,Nicolas,Lefebvre,15610483418835,Lyon,58242.46,SENIOR
2008,Jean,Martin,11770880328212,Marseille,25463.77,MIDDLE
2010,Lucas,Girard,55327391145665,Lyon,31553.48,MIDDLE
2011,Thomas,Laurent,38393777363843,Lyon,19224.4,JUNIOR
2012,Marie,Martin,96575784361359,Lyon,29544.44,MIDDLE
2013,Marie,Lefebvre,47314917869155,Paris,77734.27,MASTER
2014,Chloé,Girard,93489075992581,Paris,56302.23,SENIOR
2015,Lucas,Laurent,62023826026617,Bordeaux,18587.49,JUNIOR
2016,Chloé,Martin,20718386262705,Marseille,42393.88,MIDDLE
2018,Jean,Girard,19252323912846,Lille,31692.25,MIDDLE
2019,Nicolas,Lefebvre,15117140736726,Paris,72683.9,SENIOR
2021,Marie,Moreau,64510982266587,Nantes,20842.97,MIDDLE
2022,Jean,Martin,10386926382510,Nantes,78532.07,MASTER
2023,Nicolas,Dupont,14604875486797,Paris,76500.65,MASTER
2024,Marie,Martin,55415498883666,Marseille,63782.21,SENIOR
2025,Camille,Dupont,97629901992162,Marseille,79768.25,MASTER
2026,Nicolas,Moreau,19451828831606,Bordeaux,61887.69,SENIOR
2028,Chloé,Laurent,83564260203136,Bordeaux,16343.21,JUNIOR
2029,Lucas,Girard,51844286155804,Lyon,33098.3,MIDDLE
2030,Thomas,Lefebvre,46474938015030,Paris,29888.93,MIDDLE
2031,Nicolas,Dupont,10294485385461,Lille,30931.47,MIDDLE
2032,Lucas,Moreau,29785386781470,Lyon,43078.21,MIDDLE
2033,Chloé,Dupont,13378291120309,Paris,89337.55,MASTER
2034,Jean,Dupont,64183239088255,Marseille,21485.89,MIDDLE
2035,Jean,Dupont,57975642454105,Nantes,70490.96,SENIOR
2036,Chloé,Laurent,21618857078676,Bordeaux,42020.47,MIDDLE
2037,Lucas,Girard,84076925074982,Paris,21274.93,MIDDLE
2038,Chloé,Laurent,46811891304129,Marseille,77124.44,MASTER
2040,Camille,Lefebvre,29916629108248,Nantes,41997.72,MIDDLE
2041,Thomas,Dupont,95389068144059,Lille,69819.87,SENIOR
2042,Camille,Dupont,56684355642455,Marseille,31134.22,MIDDLE
2043,Thomas,Girard,69814945574595,Nantes,27539.45,MIDDLE
2046,Camille,Moreau,19591651073672,Paris,26748.5,MIDDLE
2047,Thomas,Dupont,83644412489004,Bordeaux,22788.3,MIDDLE
2048,Lucas,Girard,16181507274626,Marseille,89688.67,MASTER
2049,Nicolas,Lefebvre,99407938198014,Paris,60465.45,SENIOR
2050,Lucas,Moreau,40953880205339,Bordeaux,23300.59,MIDDLE
2051,Camille,Lefebvre,53893137670055,Marseille,62472.0,SENIOR
2052,Lucas,Laurent,93440471109720,Paris,22627.25,MIDDLE
2053,Marie,Lefebvre,40747388234123,Bordeaux,60002.05,SENIOR
2054,Chloé,Girard,24469542725139,Marseille,71582.08,SENIOR
2055,Jean,Girard,53953567375897,Marseille,88375.55,MASTER
2057,Nicolas,Dupont,36095539579063,Bordeaux,59563.18,SENIOR
2058,Thomas,Girard,37622559001384,Marseille,43567.41,MIDDLE
2059,Thomas,Martin,52913810225603,Paris,51985.61,SENIOR
2060,Lucas,Lefebvre,82958958885839,Paris,23731.56,MIDDLE
2061,Camille,Lefebvre,91861602622561,Nantes,88433.85,MASTER
2062,Chloé,Dupont,87666942701720,Nantes,84791.03,MASTER
2063,Lucas,Martin,88680521525606,Lyon,20464.32,MIDDLE
2066,Chloé,Lefebvre,16215993231340,Bordeaux,65437.56,SENIOR
2067,Nicolas,Martin,46601099670150,Marseille,76768.69,MASTER
2068,Camille,Moreau,11388573392974,Lille,39977.74,MIDDLE
2069,Lucas,Lefebvre,83862021035211,Lille,79796.02,MASTER
2070,Marie,Dupont,82140536609818,Bordeaux,80663.96,MASTER
2071,Lucas,Dupont,26867482979069,Bordeaux,81310.13,MASTER
2073,Jean,Lefebvre,83972677946181,Marseille,50156.36,SENIOR
2075,Nicolas,Laurent,55554324067656,Paris,19900.19,JUNIOR
2077,Chloé,Dupont,27578849731613,Lille,57222.21,SENIOR
2078,Marie,Dupont,18760208925336,Lyon,79303.71,MASTER
2079,Lucas,Dupont,98129123851812,Nantes,37058.21,MIDDLE
2080,Lucas,Girard,23271648605058,Marseille,34368.09,MIDDLE
2081,Nicolas,Moreau,86619190040981,Bordeaux,59025.62,SENIOR
2082,Marie,Moreau,42680042562162,Marseille,62891.95,SENIOR
2083,Nicolas,Girard,15910204513104,Lyon,52924.4,SENIOR
2084,Jean,Dupont,92130312512882,Bordeaux,78520.54,MASTER
2085,Nicolas,Laurent,84506227262390,Nantes,44045.1,MIDDLE
2086,Jean,Laurent,20764831932591,Marseille,47472.15,SENIOR
2087,Camille,Martin,40503330391127,Bordeaux,74540.08,SENIOR
2088,Camille,Laurent,36131598828430,Marseille,47816.98,SENIOR
2089,Chloé,Dupont,92557809309680,Lille,21891.13,MIDDLE
2090,Thomas,Laurent,95565969365200,Lille,78900.99,MASTER
2091,Camille,Martin,31661248918168,Lyon,58898.53,SENIOR
2092,Lucas,Lefebvre,82518055105067,Lille,15820.35,JUNIOR
2093,Camille,Moreau,99232974571025,Marseille,29746.71,MIDDLE
2094,Nicolas,Martin,27133697395549,Lille,45660.88,SENIOR
2095,Lucas,Laurent,80223663822356,Lyon,58982.71,SENIOR
2096,Jean,Moreau,41915765401999,Paris,37493.31,MIDDLE
2097,Jean,Dupont,83160585862664,Bordeaux,46285.23,SENIOR
2098,Camille,Laurent,36409570717265,Marseille,71141.74,SENIOR
2099,Lucas,Lefebvre,19561898569600,Bordeaux,16860.36,JUNIOR
2100,Jean,Girard,51484910034366,Nantes,73503.88,SENIOR
2101,Marie,Martin,58301939262683,Marseille,16066.78,JUNIOR
2102,Camille,Laurent,86996481167181,Marseille,46875.07,SENIOR
2103,Lucas,Moreau,42245171681324,Lyon,22566.89,MIDDLE
2104,Nicolas,Dupont,53624530051749,Lille,73814.84,SENIOR
2105,Marie,Dupont,39821084329062,Lille,57158.26,SENIOR
2106,Chloé,Dupont,50216899851322,Lyon,25520.26,MIDDLE
2107,Chloé,Martin,12196425056353,Bordeaux,20116.32,MIDDLE
2108,Thomas,Laurent,37997238314019,Lyon,39028.21,MIDDLE
2109,Lucas,Laurent,10028515488517,Nantes,51088.57,SENIOR
2110,Lucas,Laurent,83860395646598,Bordeaux,79847.4,MASTER
2111,Jean,Martin,15478517894827,Lyon,39067.57,MIDDLE
2112,Thomas,Girard,34548674064655,Marseille,40167.52,MIDDLE
2113,Thomas,Martin,46237897416514,Paris,20947.12,MIDDLE
2114,Marie,Dupont,23948955788005,Lyon,72418.7,SENIOR
2115,Thomas,Moreau,38097393411503,Lyon,86401.88,MASTER
2116,Nicolas,Martin,92651169667884,Lille,38563.74,MIDDLE
2118,Thomas,Laurent,59944214965190,Nantes,18437.52,JUNIOR
2119,Marie,Dupont,31792615838118,Nantes,60284.14,SENIOR
2120,Thomas,Moreau,98420335134893,Marseille,67588.23,SENIOR
2121,Marie,Dupont,99291603944385,Marseille,57253.22,SENIOR
2122,Chloé,Laurent,93852599724818,Bordeaux,62412.61,SENIOR
2123,Thomas,Girard,97867455146854,Lille,23659.44,MIDDLE
2124,Camille,Dupont,17292889732458,Nantes,40132.9,MIDDLE
2125,Lucas,Dupont,53357271000187,Lille,76941.06,MASTER
2126,Lucas,Moreau,26200760803802,Marseille,40315.31,MIDDLE
2127,Lucas,Girard,15458527602745,Nantes,16312.45,JUNIOR
2129,Lucas,Lefebvre,59123748300971,Paris,39232.7,MIDDLE
2131,Camille,Lefebvre,64091454111291,Paris,71448.97,SENIOR
2132,Lucas,Lefebvre,29182823308171,Nantes,49810.21,SENIOR
2133,Marie,Dupont,18788239404045,Nantes,51533.32,SENIOR
2134,Thomas,Dupont,48158169403229,Paris,60809.07,SENIOR
2135,Lucas,Laurent,22221456375431,Nantes,27452.49,MIDDLE
2136,Jean,Dupont,26825367338163,Lyon,19630.37,JUNIOR
2137,Marie,Moreau,95118476372015,Lille,77088.31,MASTER
2138,Marie,Moreau,93941672891918,Lyon,47524.02,SENIOR
2139,Nicolas,Girard,87856235046437,Lille,84170.86,MASTER
2140,Marie,Lefebvre,21635916135285,Lyon,64679.47,SENIOR
2141,Chloé,Girard,43553068383826,Nantes,16034.39,JUNIOR
2142,Chloé,Dupont,47319709087338,Marseille,15238.46,JUNIOR
2144,Jean,Dupont,96300516126558,Bordeaux,74435.34,SENIOR
2145,Nicolas,Dupont,20919710035374,Lyon,21922.61,MIDDLE
2146,Lucas,Laurent,24570601326812,Marseille,31163.38,MIDDLE
2147,Camille,Dupont,47871704986281,Nantes,72052.42,SENIOR
2148,Thomas,Martin,80687221370904,Marseille,35933.96,MIDDLE
2149,Nicolas,Girard,93672952263822,Lille,52723.86,SENIOR
2150,Thomas,Moreau,49697420218395,Lyon,62572.95,SENIOR
2151,Chloé,Lefebvre,59223307815367,Bordeaux,66781.9,SENIOR
2153,Chloé,Girard,62283598593845,Marseille,74685.13,SENIOR
2154,Chloé,Laurent,96212887388293,Lille,16418.62,JUNIOR
2155,Jean,Lefebvre,85384910703186,Paris,35168.13,MIDDLE
2156,Camille,Dupont,33245269696214,Marseille,51211.68,SENIOR
2157,Marie,Martin,15749207250528,Lyon,17085.64,JUNIOR
2158,Jean,Lefebvre,47415834872960,Nantes,41448.27,MIDDLE
2159,Lucas,Girard,61723687182743,Paris,85233.98,MASTER
2160,Thomas,Dupont,61994079784734,Lyon,30757.29,MIDDLE
2161,Thomas,Martin,89090418559470,Lyon,15408.37,JUNIOR
2162,Thomas,Lefebvre,19140782246881,Nantes,69697.26,SENIOR
2163,Marie,Lefebvre,91564941590030,Nantes,20596.97,MIDDLE
2166,Camille,Laurent,86679760864249,Bordeaux,86268.28,MASTER
2168,Nicolas,Moreau,63859517444296,Nantes,70223.45,SENIOR
2169,Jean,Moreau,25579519540599,Bordeaux,37839.39,MIDDLE
2170,Marie,Laurent,90341089022126,Lyon,85588.98,MASTER
2171,Thomas,Laurent,10055157952467,Lyon,47470.82,SENIOR
2172,Lucas,Laurent,55677264250889,Lille,79766.71,MASTER
2173,Marie,Moreau,37130852591438,Lille,35707.53,MIDDLE
2174,Nicolas,Moreau,36814902008541,Lyon,24071.6,MIDDLE
2176,Jean,Moreau,30057524675377,Paris,77449.52,MASTER
2177,Chloé,Girard,46464208294472,Marseille,38978.29,MIDDLE
2179,Jean,Martin,49471095979653,Lille,73149.57,SENIOR
2180,Chloé,Dupont,96196460593920,Lille,66961.34,SENIOR
2183,Chloé,Laurent,48461621109917,Lille,86680.63,MASTER
2184,Thomas,Dupont,59512468885242,Nantes,22268.34,MIDDLE
2185,Thomas,Martin,57879980502250,Nantes,33408.42,MIDDLE
2187,Lucas,Dupont,26368113210227,Lille,27762.85,MIDDLE
2188,Thomas,Girard,29196470938695,Bordeaux,15611.66,JUNIOR
2190,Camille,Lefebvre,26690448184187,Lille,60528.43,SENIOR
2191,Nicolas,Martin,62038067999760,Marseille,88093.83,MASTER
2192,Jean,Moreau,19866425146501,Nantes,37978.49,MIDDLE
2193,Camille,Moreau,33966941811789,Lyon,84482.4,MASTER
2194,Nicolas,Lefebvre,49279594225145,Bordeaux,56505.88,SENIOR
2195,Camille,Moreau,54250055129896,Lille,60672.52,SENIOR
2196,Jean,Moreau,67184840859649,Marseille,81775.3,MASTER
2197,Chloé,Girard,23229286971788,Bordeaux,42377.17,MIDDLE
2198,Thomas,Girard,98109819433254,Bordeaux,58065.96,SENIOR
2199,Chloé,Dupont,14892525640813,Bordeaux,72415.22,SENIOR
2201,Nicolas,Lefebvre,42687533876712,Lille,37814.84,MIDDLE
2202,Thomas,Dupont,12711565664999,Nantes,37926.31,MIDDLE
2203,Nicolas,Girard,63354837022495,Lille,89153.36,MASTER
2206,Camille,Laurent,25782209940333,Nantes,84710.44,MASTER
2207,Jean,Moreau,13452479792048,Bordeaux,40993.38,MIDDLE
2208,Marie,Laurent,21597926074672,Bordeaux,33001.95,MIDDLE
2209,Lucas,Laurent,84074480021655,Marseille,88015.21,MASTER
2210,Lucas,Dupont,40768459012308,Lille,31556.08,MIDDLE
2211,Lucas,Girard,27717547854785,Lyon,32021.32,MIDDLE
2212,Nicolas,Martin,33443368292370,Marseille,28643.85,MIDDLE
2213,Chloé,Lefebvre,52377602609401,Marseille,24873.22,MIDDLE
2214,Nicolas,Martin,32779546748355,Bordeaux,15858.61,JUNIOR
2215,Chloé,Girard,19395176591589,Marseille,75354.1,MASTER
2216,Camille,Laurent,21312890612109,Nantes,47712.79,SENIOR
2217,Chloé,Laurent,59110925085663,Nantes,33881.11,MIDDLE
2218,Chloé,Dupont,65977038743842,Marseille,81519.2,MASTER
2219,Chloé,Laurent,57390615626531,Nantes,25642.59,MIDDLE
2220,Marie,Dupont,36866334383484,Lyon,83818.88,MASTER
2221,Nicolas,Moreau,54759600388935,Nantes,34218.95,MIDDLE
2222,Thomas,Girard,27942141341731,Marseille,28293.99,MIDDLE
2223,Marie,Girard,35503238586919,Marseille,38293.8,MIDDLE
2224,Camille,Girard,24510875062289,Paris,22814.88,MIDDLE
2225,Jean,Dupont,87635459884118,Lyon,40689.0,MIDDLE
2226,Camille,Laurent,85337310114340,Bordeaux,77585.6,MASTER
2227,Lucas,Laurent,49800138996236,Bordeaux,78152.42,MASTER
2228,Nicolas,Dupont,90436757248337,Nantes,80691.91,MASTER
2229,Jean,Girard,61767899077801,Lyon,43813.2,MIDDLE
2230,Lucas,Lefebvre,69246907130073,Lyon,72882.97,SENIOR
2231,Thomas,Dupont,67287863048357,Nantes,32963.72,MIDDLE
2232,Marie,Moreau,21901670317302,Bordeaux,83620.04,MASTER
2233,Nicolas,Laurent,24038087466141,Marseille,82516.94,MASTER
2234,Nicolas,Girard,55798824751474,Lyon,62482.63,SENIOR
2235,Chloé,Laurent,26720465329418,Paris,77140.26,MASTER
2236,Jean,Laurent,82319822462766,Bordeaux,42305.93,MIDDLE
2237,Chloé,Lefebvre,64020842583424,Bordeaux,63124.6,SENIOR
2238,Marie,Dupont,41621953154212,Nantes,59091.54,SENIOR
2239,Lucas,Dupont,53303159325337,Bordeaux,39625.34,MIDDLE
2240,Jean,Girard,31057228695066,Lyon,49156.56,SENIOR
2241,Marie,Lefebvre,28555520068442,Lille,30178.54,MIDDLE
2242,Thomas,Moreau,84688414268905,Nantes,31102.92,MIDDLE
2243,Chloé,Lefebvre,89858313894112,Nantes,77822.26,MASTER
2244,Chloé,Laurent,42052628332218,Paris,71875.57,SENIOR
2245,Marie,Moreau,29538128772288,Lille,81432.11,MASTER
2246,Lucas,Dupont,58715822990007,Lille,59285.37,SENIOR
2247,Jean,Laurent,65453999142251,Lyon,70219.86,SENIOR
2248,Jean,Laurent,34387439669698,Nantes,42362.61,MIDDLE
2249,Lucas,Martin,21319600545871,Bordeaux,15943.81,JUNIOR
2250,Lucas,Lefebvre,93241827987885,Bordeaux,29292.33,MIDDLE
2251,Camille,Dupont,42349660796981,Marseille,52528.99,SENIOR
2253,Nicolas,Laurent,89440237044517,Paris,88144.79,MASTER
2254,Camille,Martin,95365558895236,Bordeaux,19952.8,JUNIOR
2255,Thomas,Girard,93099517989255,Bordeaux,83842.54,MASTER
2257,Marie,Dupont,17837905599681,Bordeaux,19303.56,JUNIOR
2258,Marie,Lefebvre,19760563820699,Nantes,19989.73,JUNIOR
2259,Thomas,Moreau,13259285114143,Nantes,15934.8,JUNIOR
2260,Marie,Laurent,57397174714943,Marseille,35070.77,MIDDLE
2261,Jean,Moreau,30595380893348,Marseille,67056.64,SENIOR
2262,Chloé,Lefebvre,68886313274369,Lyon,70136.48,SENIOR
2263,Camille,Lefebvre,24827138657730,Paris,89949.31,MASTER
2264,Marie,Moreau,67385131523196,Marseille,58403.67,SENIOR
2265,Lucas,Martin,42601232625681,Nantes,28062.26,MIDDLE
2266,Jean,Girard,19871812216707,Paris,60739.75,SENIOR
2267,Lucas,Martin,54305903210617,Bordeaux,71850.07,SENIOR
2268,Chloé,Martin,67536392899397,Marseille,64867.98,SENIOR
2269,Jean,Girard,33824177946423,Marseille,66745.34,SENIOR
2270,Lucas,Moreau,69790118175629,Lille,56893.66,SENIOR
2271,Jean,Moreau,31230087162907,Bordeaux,72805.77,SENIOR
2272,Camille,Moreau,28040343980412,Lyon,68467.76,SENIOR
2273,Marie,Lefebvre,34382762685458,Bordeaux,79070.45,MASTER
2274,Lucas,Martin,95130645288309,Bordeaux,70103.12,SENIOR
2275,Chloé,Martin,12933969665116,Marseille,67581.77,SENIOR
2277,Thomas,Laurent,15546036763920,Nantes,79921.9,MASTER
2278,Camille,Dupont,36441751327141,Marseille,89904.19,MASTER
2280,Camille,Dupont,60379666372038,Marseille,16337.76,JUNIOR
2281,Camille,Dupont,22261334793727,Lyon,76362.7,MASTER
2283,Nicolas,Laurent,45176620282974,Lille,50559.01,SENIOR
2284,Nicolas,Girard,24129092105069,Marseille,70881.37,SENIOR
2285,Marie,Dupont,27570447488505,Bordeaux,28973.89,MIDDLE
2286,Nicolas,Dupont,20530983042840,Bordeaux,82705.22,MASTER
2287,Nicolas,Lefebvre,32521177671671,Marseille,26897.2,MIDDLE
2288,Camille,Moreau,21804654840280,Nantes,65429.17,SENIOR
2289,Marie,Moreau,81694060432175,Paris,15864.45,JUNIOR
2290,Jean,Girard,66123387497405,Lyon,61769.24,SENIOR
2291,Camille,Laurent,21214108773618,Lyon,63174.64,SENIOR
2292,Camille,Laurent,21329495987306,Marseille,17283.52,JUNIOR
2293,Nicolas,Lefebvre,42247491055567,Paris,51933.85,SENIOR
2294,Jean,Moreau,86348201211084,Marseille,37862.38,MIDDLE
2296,Jean,Girard,20478356904673,Lille,21618.99,MIDDLE
2297,Camille,Dupont,89234720576771,Marseille,26437.25,MIDDLE
2298,Marie,Moreau,96511903258225,Lyon,38000.81,MIDDLE
2299,Marie,Lefebvre,81515261339189,Lyon,37889.96,MIDDLE
2300,Camille,Laurent,15300629414482,Bordeaux,85404.8,MASTER
2301,Nicolas,Moreau,31424407591156,Marseille,44529.76,MIDDLE
2302,Camille,Dupont,86124417333070,Bordeaux,47748.36,SENIOR
2303,Jean,Girard,60268641522439,Marseille,48629.03,SENIOR
2304,Jean,Lefebvre,86956356579694,Marseille,71696.45,SENIOR
2305,Jean,Dupont,97678390921916,Bordeaux,44606.37,MIDDLE
2306,Camille,Dupont,11671498746884,Bordeaux,15208.81,JUNIOR
2307,Lucas,Dupont,14007681992201,Nantes,30486.38,MIDDLE
2308,Camille,Lefebvre,17847946118693,Lille,71560.88,SENIOR
2309,Thomas,Dupont,93965017338451,Bordeaux,50552.68,SENIOR
2311,Marie,Dupont,18212187057440,Marseille,22514.95,MIDDLE
2312,Jean,Moreau,36413999398017,Lille,72869.36,SENIOR
2313,Lucas,Dupont,30553154397183,Bordeaux,87499.41,MASTER
2314,Lucas,Laurent,92897578116534,Lille,51022.8,SENIOR
2315,Nicolas,Laurent,31097180521323,Nantes,27397.25,MIDDLE
2316,Jean,Laurent,19469244124730,Nantes,81189.78,MASTER
2317,Jean,Girard,88977974104653,Lille,73570.49,SENIOR
2318,Lucas,Moreau,24206651205044,Lille,30501.53,MIDDLE
2319,Thomas,Martin,12275123981275,Lyon,17693.97,JUNIOR
2320,Chloé,Moreau,93300171680958,Bordeaux,41503.33,MIDDLE
2321,Lucas,Moreau,17461089204277,Bordeaux,82464.81,MASTER
2322,Lucas,Girard,88683986185636,Lyon,15613.23,JUNIOR
2323,Marie,Girard,10401869526249,Paris,71157.04,SENIOR
2324,Thomas,Martin,22415276804293,Nantes,42482.28,MIDDLE
2325,Marie,Laurent,60395598464144,Paris,85469.1,MASTER
2326,Jean,Girard,81521135268138,Marseille,22639.67,MIDDLE
2327,Camille,Moreau,33631142702720,Paris,16540.56,JUNIOR
2328,Camille,Laurent,64335217953816,Nantes,67036.01,SENIOR
2329,Thomas,Laurent,66721270498077,Nantes,51921.11,SENIOR
2330,Camille,Dupont,95387634997776,Marseille,73039.83,SENIOR
2331,Lucas,Martin,25158471381936,Lyon,47447.18,SENIOR
2332,Nicolas,Laurent,27747889771341,Bordeaux,76137.27,MASTER
2333,Lucas,Moreau,22322743522555,Nantes,32435.81,MIDDLE
2334,Chloé,Girard,99228062716252,Lille,50509.3,SENIOR
2335,Jean,Moreau,64744280650439,Nantes,16300.89,JUNIOR
2336,Camille,Dupont,19839946509227,Paris,30207.25,MIDDLE
2337,Thomas,Moreau,47936646469439,Lyon,55936.86,SENIOR
2338,Chloé,Laurent,98083711643162,Paris,58226.21,SENIOR
2339,Marie,Martin,20740151443132,Marseille,53408.32,SENIOR
2340,Jean,Girard,40201063116861,Marseille,30646.05,MIDDLE
2341,Marie,Martin,66866715063224,Bordeaux,16508.64,JUNIOR
2342,Thomas,Girard,30611150579068,Lille,24946.46,MIDDLE
2343,Chloé,Lefebvre,67629372245282,Marseille,82655.05,MASTER
2344,Lucas,Moreau,26566911555632,Bordeaux,57595.24,SENIOR
2345,Nicolas,Moreau,80331298306383,Lyon,80915.6,MASTER
2346,Chloé,Moreau,99178230011551,Paris,63030.71,SENIOR
2347,Camille,Girard,52060217511555,Lyon,18097.19,JUNIOR
2348,Nicolas,Lefebvre,33286400693233,Paris,45005.01,SENIOR
2349,Thomas,Lefebvre,90164168446107,Lyon,84811.86,MASTER
2350,Camille,Dupont,95480621096686,Nantes,48618.29,SENIOR
2351,Lucas,Laurent,53429842456868,Nantes,73507.98,SENIOR
2353,Camille,Lefebvre,21544871318185,Lille,40005.01,MIDDLE
2354,Lucas,Dupont,40511834313556,Paris,19001.42,JUNIOR
2355,Lucas,Moreau,91501668938227,Bordeaux,23309.68,MIDDLE
2356,Camille,Girard,82151479603565,Bordeaux,20789.51,MIDDLE
2357,Lucas,Dupont,91311702242545,Bordeaux,78568.96,MASTER
2358,Nicolas,Martin,81432018571748,Lyon,67149.31,SENIOR
2359,Nicolas,Lefebvre,34592113014860,Bordeaux,16091.79,JUNIOR
2360,Camille,Girard,27315264276944,Bordeaux,87533.71,MASTER
2361,Thomas,Martin,29312818249678,Lille,44813.4,MIDDLE
2362,Nicolas,Lefebvre,91076084466358,Nantes,46428.52,SENIOR
2363,Chloé,Dupont,40817562729600,Bordeaux,66948.85,SENIOR
2364,Lucas,Dupont,99479217225066,Nantes,41970.2,MIDDLE
2365,Nicolas,Dupont,16386101099360,Lyon,71674.58,SENIOR
2366,Camille,Martin,61924066015496,Marseille,68559.14,SENIOR
2367,Lucas,Girard,55927845282545,Nantes,52128.56,SENIOR
2369,Nicolas,Martin,93356470125673,Lyon,65904.74,SENIOR
2370,Nicolas,Dupont,68323220933494,Lyon,72580.08,SENIOR
2371,Jean,Laurent,47020446780552,Paris,87228.66,MASTER
2372,Camille,Lefebvre,56931156608880,Lyon,37958.35,MIDDLE
2373,Marie,Martin,17579451622312,Paris,33017.38,MIDDLE
2374,Jean,Moreau,41669751024415,Lille,45647.38,SENIOR
2375,Lucas,Martin,31767023970523,Marseille,56252.63,SENIOR
2376,Marie,Martin,88342502019666,Paris,50857.06,SENIOR
2377,Lucas,Dupont,52924536093816,Marseille,40343.79,MIDDLE
2378,Thomas,Girard,69898813070870,Paris,78820.87,MASTER
2379,Chloé,Martin,38482011704070,Nantes,59644.57,SENIOR
2380,Jean,Moreau,27075409806382,Marseille,31572.78,MIDDLE
2381,Nicolas,Dupont,88288465713368,Marseille,53410.35,SENIOR
2382,Chloé,Moreau,47725071728624,Marseille,66497.35,SENIOR
2383,Thomas,Moreau,18292686946416,Lille,56999.16,SENIOR
2384,Lucas,Girard,20768686969681,Lyon,17463.33,JUNIOR
2385,Marie,Martin,80364302090838,Paris,43560.73,MIDDLE
2387,Jean,Lefebvre,68102606182633,Bordeaux,73846.56,SENIOR
2388,Jean,Moreau,19118589632709,Marseille,57519.81,SENIOR
2389,Thomas,Moreau,92499327376362,Marseille,59802.57,SENIOR
2390,Thomas,Moreau,24920618201997,Lille,69055.96,SENIOR
2391,Thomas,Girard,64616712546442,Paris,37607.01,MIDDLE
2392,Nicolas,Lefebvre,64754466292811,Marseille,59430.14,SENIOR
2393,Camille,Dupont,15080768286095,Lille,40238.44,MIDDLE
2394,Nicolas,Dupont,52646419289348,Lyon,30121.89,MIDDLE
2395,Marie,Lefebvre,23633085658228,Nantes,23315.99,MIDDLE
2396,Camille,Lefebvre,65172379942079,Paris,49553.02,SENIOR
2397,Camille,Girard,36455764504596,Bordeaux,49139.69,SENIOR
2399,Camille,Lefebvre,13971817073935,Lille,61129.47,SENIOR
2400,Marie,Lefebvre,31465470223843,Nantes,47335.42,SENIOR
2401,Chloé,Moreau,57491515919290,Paris,59304.58,SENIOR
2402,Jean,Lefebvre,63454373069424,Bordeaux,74179.98,SENIOR
2403,Nicolas,Martin,42764476870150,Lille,48553.85,SENIOR
2404,Thomas,Dupont,35380772655658,Lyon,30838.79,MIDDLE
2405,Camille,Laurent,29783204499709,Bordeaux,88675.8,MASTER
2406,Lucas,Dupont,59712862391068,Lyon,85531.71,MASTER
2407,Nicolas,Laurent,12301514008307,Paris,53997.97,SENIOR
2408,Chloé,Laurent,39485633045429,Lyon,27079.44,MIDDLE
2409,Jean,Dupont,25901764452861,Lille,55471.03,SENIOR
2410,Camille,Girard,63555268436393,Paris,74452.54,SENIOR
2412,Chloé,Dupont,90869823281731,Marseille,89039.34,MASTER
2413,Camille,Martin,44036034725911,Nantes,75050.31,MASTER
2414,Camille,Laurent,53516668582301,Paris,32009.89,MIDDLE
2415,Camille,Moreau,38344505809870,Lille,29195.67,MIDDLE
2417,Marie,Laurent,94546245073882,Lille,22073.54,MIDDLE
2418,Nicolas,Moreau,50628388584555,Marseille,23783.73,MIDDLE
2419,Lucas,Laurent,28910798537071,Paris,47175.41,SENIOR
2420,Chloé,Lefebvre,19771810905864,Nantes,32936.34,MIDDLE
2421,Lucas,Martin,65109857507244,Lyon,52993.35,SENIOR
2422,Nicolas,Dupont,95933796939403,Lyon,22324.47,MIDDLE
2423,Marie,Girard,46629473141745,Bordeaux,20773.74,MIDDLE
2424,Nicolas,Girard,85761433958141,Lyon,27991.4,MIDDLE
2425,Nicolas,Girard,39335371541584,Nantes,66320.5,SENIOR
2426,Marie,Lefebvre,38738511624280,Lille,70890.32,SENIOR
2427,Thomas,Moreau,85339833600807,Marseille,25865.69,MIDDLE
2428,Chloé,Dupont,94893937689791,Paris,86283.08,MASTER
2429,Chloé,Martin,20731441190558,Marseille,69449.54,SENIOR
2430,Jean,Laurent,18427043628558,Nantes,60589.88,SENIOR
2431,Jean,Martin,44641563430758,Lille,83096.98,MASTER
2432,Jean,Martin,55447314086298,Bordeaux,52743.75,SENIOR
2433,Lucas,Laurent,64369284181224,Nantes,28275.75,MIDDLE
2435,Nicolas,Lefebvre,85146612228459,Bordeaux,21844.71,MIDDLE
2436,Thomas,Moreau,42648729904424,Marseille,58257.07,SENIOR
2437,Jean,Moreau,32049083515327,Lille,70285.23,SENIOR
2438,Thomas,Martin,83157999055665,Nantes,35790.98,MIDDLE
2440,Marie,Moreau,95043304091052,Lyon,62063.92,SENIOR
2441,Jean,Martin,89805172190238,Lyon,18179.13,JUNIOR
2442,Nicolas,Moreau,56194380435394,Paris,81143.6,MASTER
2443,Chloé,Girard,15895086468518,Marseille,42198.94,MIDDLE
2444,Nicolas,Moreau,35798013922834,Paris,37185.16,MIDDLE
2445,Camille,Dupont,35924149131065,Nantes,51240.2,SENIOR
2446,Jean,Dupont,46608944829782,Lille,43409.45,MIDDLE
2448,Marie,Lefebvre,93411464654032,Bordeaux,66151.97,SENIOR
2449,Jean,Girard,43225828334486,Bordeaux,42748.66,MIDDLE
2451,Chloé,Martin,47234776383090,Lille,53066.93,SENIOR
2452,Chloé,Laurent,17191004020641,Bordeaux,65386.82,SENIOR
2453,Thomas,Laurent,65260278318139,Nantes,32288.37,MIDDLE
2454,Lucas,Girard,83560496945401,Bordeaux,59087.08,SENIOR
2455,Camille,Dupont,69375275276063,Lyon,62912.46,SENIOR
2456,Camille,Martin,36667946232149,Nantes,82104.61,MASTER
2457,Jean,Lefebvre,82027003163261,Nantes,78974.4,MASTER
2458,Marie,Martin,53334451185748,Nantes,45795.59,SENIOR
2459,Camille,Martin,55054884895822,Lille,44974.83,MIDDLE
2460,Camille,Dupont,34387585346906,Nantes,74914.99,SENIOR
2461,Camille,Laurent,26980465827360,Bordeaux,69290.09,SENIOR
2462,Jean,Moreau,29249655113657,Paris,61735.97,SENIOR
2463,Marie,Martin,62498713948420,Marseille,29844.04,MIDDLE
2464,Thomas,Moreau,30712533810188,Paris,71969.61,SENIOR
2467,Lucas,Moreau,80375095836758,Nantes,66857.61,SENIOR
2468,Jean,Laurent,24526707838192,Bordeaux,54593.19,SENIOR
2469,Marie,Martin,99166193583940,Bordeaux,17236.26,JUNIOR
2470,Marie,Laurent,19631679806843,Bordeaux,37139.67,MIDDLE
2471,Jean,Dupont,15827163603734,Lyon,53146.68,SENIOR
2472,Lucas,Girard,35756030308511,Marseille,26273.45,MIDDLE
2474,Marie,Laurent,94926876186042,Marseille,78202.43,MASTER
2475,Thomas,Martin,21732040229737,Nantes,68605.59,SENIOR
2476,Jean,Martin,11357680798015,Lille,18450.3,JUNIOR
2477,Nicolas,Dupont,99301892836738,Lille,32875.0,MIDDLE
2479,Lucas,Lefebvre,10444594342725,Lyon,65808.86,SENIOR
2481,Lucas,Girard,42512581775325,Nantes,48985.01,SENIOR
2482,Lucas,Martin,29822844359854,Bordeaux,22298.84,MIDDLE
2483,Lucas,Martin,24307009653108,Paris,26989.99,MIDDLE
2484,Marie,Girard,60351200535150,Lille,20332.43,MIDDLE
2485,Marie,Lefebvre,64992611017850,Nantes,27719.6,MIDDLE
2486,Thomas,Moreau,24528827523378,Lyon,25602.9,MIDDLE
2488,Lucas,Laurent,56752911693200,Bordeaux,55206.35,SENIOR
2489,Chloé,Girard,11330574211189,Marseille,62554.69,SENIOR
2490,Nicolas,Moreau,59360921064841,Bordeaux,43438.56,MIDDLE
2491,Jean,Laurent,97561019806664,Marseille,53717.42,SENIOR
2492,Jean,Martin,45696773567246,Lille,20324.97,MIDDLE
2493,Chloé,Laurent,80548642886827,Nantes,28376.76,MIDDLE
2494,Camille,Martin,39937192349594,Lyon,24475.15,MIDDLE
2495,Marie,Laurent,43376224719367,Marseille,79748.37,MASTER
2496,Marie,Dupont,18909619782930,Lyon,49548.98,SENIOR
2497,Marie,Girard,87038881745931,Marseille,41084.07,MIDDLE
2498,Thomas,Moreau,47585150221619,Bordeaux,38514.98,MIDDLE
2499,Nicolas,Moreau,45964231906097,Paris,83917.11,MASTER
2500,Thomas,Laurent,49562074079965,Nantes,43009.34,MIDDLE
2501,Nicolas,Martin,80555896219704,Lille,26534.33,MIDDLE
2502,Marie,Laurent,40939474024940,Paris,42211.2,MIDDLE
2503,Camille,Girard,87780414456554,Lyon,78608.28,MASTER
2504,Lucas,Dupont,44426481689920,Lyon,25753.84,MIDDLE
2505,Jean,Dupont,30295573459062,Marseille,88772.8,MASTER
2506,Marie,Dupont,65414606369950,Bordeaux,16774.48,JUNIOR
2507,Thomas,Lefebvre,80610052677152,Bordeaux,25420.94,MIDDLE
2508,Thomas,Dupont,62060560096733,Lille,37564.59,MIDDLE
2509,Chloé,Dupont,87425891598669,Lyon,79998.19,MASTER
2510,Chloé,Dupont,96563153180008,Bordeaux,43074.44,MIDDLE
2511,Lucas,Girard,12955513713161,Lille,43650.29,MIDDLE
2512,Nicolas,Laurent,31977956707082,Lille,24162.96,MIDDLE
2513,Jean,Girard,90216594788432,Marseille,30527.05,MIDDLE
2514,Chloé,Dupont,15262754707236,Paris,25358.07,MIDDLE
2516,Marie,Moreau,45013184540290,Marseille,32466.66,MIDDLE
2517,Thomas,Laurent,67720145209165,Nantes,60614.82,SENIOR
2518,Lucas,Martin,20045528170734,Paris,60941.6,SENIOR
2519,Chloé,Laurent,50754036233650,Lille,21725.5,MIDDLE
2520,Lucas,Dupont,88284632889174,Bordeaux,34631.23,MIDDLE
2521,Jean,Laurent,35101229398055,Marseille,63525.62,SENIOR
2522,Thomas,Moreau,98475730003554,Bordeaux,36482.9,MIDDLE
2523,Thomas,Martin,35944603082114,Lyon,85620.79,MASTER
2525,Lucas,Girard,68369756660521,Lyon,77434.16,MASTER
2526,Camille,Laurent,50142893813802,Nantes,65716.64,SENIOR
2529,Thomas,Moreau,22136517107365,Lille,33777.8,MIDDLE
2530,Marie,Moreau,52769568986601,Paris,76791.87,MASTER
2531,Lucas,Laurent,95514656487743,Paris,22901.62,MIDDLE
2532,Lucas,Moreau,12730523381835,Lyon,32374.04,MIDDLE
2533,Chloé,Dupont,34073083411517,Paris,50541.86,SENIOR
2534,Nicolas,Martin,83657382021827,Bordeaux,20858.0,MIDDLE
2535,Lucas,Laurent,37026063244021,Nantes,21741.61,MIDDLE
2536,Lucas,Dupont,29302209209969,Bordeaux,73256.54,SENIOR
2537,Camille,Dupont,48195074849151,Nantes,52520.35,SENIOR
2538,Camille,Moreau,18703715457713,Bordeaux,36348.46,MIDDLE
2539,Camille,Laurent,29520016627492,Paris,54012.78,SENIOR
2540,Camille,Moreau,96343118128859,Marseille,62170.61,SENIOR
2541,Chloé,Dupont,27521991795504,Lille,63307.97,SENIOR
2542,Thomas,Laurent,94248721213077,Lille,60300.78,SENIOR
2544,Nicolas,Laurent,88253203804066,Paris,26071.91,MIDDLE
2545,Marie,Girard,52279757528205,Nantes,51299.36,SENIOR
2546,Nicolas,Laurent,69240168537685,Lille,51124.8,SENIOR
2547,Thomas,Martin,37099243526284,Marseille,25983.93,MIDDLE
2548,Camille,Lefebvre,30556292849482,Lyon,32444.07,MIDDLE
2549,Thomas,Laurent,17676905648366,Paris,63633.38,SENIOR
2550,Chloé,Martin,54081151440199,Nantes,58984.79,SENIOR
2552,Nicolas,Dupont,86818376026004,Paris,73294.11,SENIOR
2553,Jean,Lefebvre,64611327800558,Nantes,17039.84,JUNIOR
2554,Nicolas,Laurent,32191256061510,Paris,21621.43,MIDDLE
2555,Chloé,Lefebvre,44624226511011,Bordeaux,77892.65,MASTER
2556,Marie,Moreau,80250521378891,Marseille,47533.36,SENIOR
2558,Camille,Laurent,18922255944322,Nantes,27457.71,MIDDLE
2559,Chloé,Laurent,28108465283091,Bordeaux,59216.49,SENIOR
2560,Camille,Lefebvre,64963484307033,Nantes,32554.23,MIDDLE
2561,Camille,Dupont,28977242575718,Paris,28976.59,MIDDLE
2562,Marie,Girard,28046872998054,Lille,46337.7,SENIOR
2563,Nicolas,Lefebvre,93945431918492,Nantes,31774.18,MIDDLE
2564,Thomas,Girard,65491094246390,Bordeaux,30158.44,MIDDLE
2565,Camille,Moreau,84599212292792,Bordeaux,25348.44,MIDDLE
2566,Jean,Martin,36197352898421,Nantes,45979.74,SENIOR
2567,Lucas,Dupont,82500665264071,Lyon,58496.25,SENIOR
2568,Camille,Laurent,67580305638564,Paris,88785.63,MASTER
2570,Thomas,Martin,98894279260911,Nantes,44040.33,MIDDLE
2572,Lucas,Martin,37577331664714,Lyon,61113.96,SENIOR
2573,Nicolas,Laurent,80627656434718,Lyon,17765.85,JUNIOR
2574,Lucas,Girard,90951139856200,Nantes,87459.6,MASTER
2575,Lucas,Martin,91748495406300,Paris,24884.41,MIDDLE
2576,Nicolas,Moreau,18478579831369,Nantes,35570.37,MIDDLE
2577,Marie,Martin,28566385821083,Lille,19224.53,JUNIOR
2578,Lucas,Lefebvre,61620758202133,Marseille,15791.26,JUNIOR
2579,Thomas,Dupont,67359767305819,Paris,27818.34,MIDDLE
2580,Nicolas,Moreau,89678474306252,Bordeaux,62503.12,SENIOR
2581,Jean,Lefebvre,99641451561775,Paris,56679.75,SENIOR
2582,Jean,Lefebvre,50296415396498,Marseille,70271.22,SENIOR
2583,Nicolas,Laurent,16318862246851,Lyon,53893.51,SENIOR
2585,Marie,Martin,22764665026786,Bordeaux,76809.82,MASTER
2586,Lucas,Laurent,35501582038645,Bordeaux,51050.59,SENIOR
2587,Nicolas,Girard,34038983749903,Marseille,84157.11,MASTER
2588,Camille,Martin,99774066545252,Paris,38893.62,MIDDLE
2589,Lucas,Laurent,36241829340730,Lille,54107.23,SENIOR
2590,Nicolas,Moreau,36394523948381,Paris,56927.29,SENIOR
2591,Camille,Moreau,67747940406410,Nantes,22111.37,MIDDLE
2592,Nicolas,Girard,60064005058632,Lille,67375.62,SENIOR
2593,Lucas,Dupont,60563578230597,Lyon,31698.69,MIDDLE
2594,Thomas,Martin,41601223134582,Lyon,77295.02,MASTER
2595,Jean,Moreau,64786061889570,Marseille,79657.38,MASTER
2596,Lucas,Dupont,20862153638512,Nantes,25226.27,MIDDLE
2597,Thomas,Moreau,91206879004821,Lyon,25856.9,MIDDLE
2598,Camille,Laurent,35347189439010,Paris,45180.37,SENIOR
2599,Nicolas,Dupont,26210115555989,Lille,56269.31,SENIOR
2600,Jean,Dupont,34950202805924,Lille,60712.02,SENIOR
2601,Nicolas,Dupont,90401109206540,Marseille,38408.9,MIDDLE
2602,Camille,Moreau,40037770874039,Bordeaux,19796.0,JUNIOR
2603,Thomas,Martin,84789023224087,Marseille,35263.59,MIDDLE
2604,Thomas,Moreau,14578623816182,Lille,86077.65,MASTER
2605,Jean,Dupont,49387380576444,Lille,63979.99,SENIOR
2606,Jean,Martin,29318746152419,Bordeaux,18036.76,JUNIOR
2607,Marie,Girard,54267375283377,Lyon,44219.0,MIDDLE
2608,Lucas,Dupont,65552854509835,Nantes,72126.47,SENIOR
2609,Jean,Lefebvre,62225241686826,Nantes,56806.72,SENIOR
2610,Marie,Martin,88697552289925,Bordeaux,42995.98,MIDDLE
2611,Lucas,Girard,15083124873885,Marseille,38410.99,MIDDLE
2612,Thomas,Girard,13592185807634,Lyon,21458.17,MIDDLE
2614,Jean,Martin,97318869448383,Lyon,78989.52,MASTER
2615,Lucas,Martin,85149352120228,Lyon,63209.19,SENIOR
2617,Nicolas,Lefebvre,90215852923370,Lyon,70311.91,SENIOR
2618,Lucas,Dupont,94218399093800,Lyon,59806.25,SENIOR
2620,Nicolas,Martin,25747211319953,Lyon,54091.63,SENIOR
2621,Nicolas,Moreau,28687567983944,Paris,81797.71,MASTER
2622,Marie,Dupont,90060121341560,Lille,33336.58,MIDDLE
2625,Camille,Dupont,81404992827066,Bordeaux,22275.61,MIDDLE
2626,Lucas,Laurent,86221894789074,Nantes,73844.97,SENIOR
2627,Camille,Laurent,94115623718284,Bordeaux,31490.04,MIDDLE
2628,Camille,Martin,80125682981926,Nantes,84740.35,MASTER
2629,Jean,Dupont,11321618754494,Nantes,67485.53,SENIOR
2630,Camille,Laurent,68676904984708,Bordeaux,60860.83,SENIOR
2631,Thomas,Moreau,63640748378278,Lyon,38089.5,MIDDLE
2632,Nicolas,Lefebvre,98144311099173,Paris,79644.09,MASTER
2633,Chloé,Martin,15283184847601,Paris,19926.13,JUNIOR
2634,Camille,Laurent,54646800529495,Paris,78469.35,MASTER
2635,Lucas,Dupont,54914673309875,Nantes,20831.63,MIDDLE
2636,Jean,Dupont,48321476692192,Lyon,55376.35,SENIOR
2637,Thomas,Dupont,12248815647594,Nantes,34726.34,MIDDLE
2638,Nicolas,Moreau,69012321230491,Marseille,30860.68,MIDDLE
2639,Camille,Girard,91342299079558,Bordeaux,23568.47,MIDDLE
2640,Chloé,Dupont,40589336763897,Marseille,55852.27,SENIOR
2641,Camille,Moreau,58736368320541,Paris,59855.51,SENIOR
2642,Marie,Lefebvre,88026543338370,Marseille,73470.67,SENIOR
2643,Lucas,Lefebvre,81315206476333,Marseille,46294.63,SENIOR
2644,Thomas,Martin,98558145396594,Paris,64202.2,SENIOR
2645,Marie,Moreau,24199783339460,Paris,70306.87,SENIOR
2646,Lucas,Lefebvre,52059898734651,Paris,50907.83,SENIOR
2647,Camille,Girard,18216394650055,Lille,57967.71,SENIOR
2648,Lucas,Girard,23591450369261,Lille,56199.69,SENIOR
2649,Chloé,Martin,48398184806560,Bordeaux,33553.06,MIDDLE
2650,Jean,Moreau,54551302862138,Lille,48907.66,SENIOR
2651,Jean,Girard,14179857264255,Nantes,45559.31,SENIOR
2652,Lucas,Moreau,62391534795362,Lille,30072.08,MIDDLE
2653,Thomas,Moreau,95438903588838,Lille,34948.08,MIDDLE
2654,Marie,Dupont,59544854064217,Marseille,25127.75,MIDDLE
2655,Lucas,Laurent,32389143720034,Bordeaux,66986.13,SENIOR
2656,Camille,Dupont,62898309004621,Lyon,50728.92,SENIOR
2657,Nicolas,Lefebvre,83935321346741,Lille,78927.47,MASTER
2658,Camille,Martin,42038437137456,Marseille,33783.01,MIDDLE
2659,Jean,Girard,96000551911958,Paris,18658.19,JUNIOR
2660,Thomas,Laurent,84581903587772,Paris,63651.31,SENIOR
2661,Marie,Girard,53438870216365,Nantes,44895.19,MIDDLE
2662,Chloé,Lefebvre,55291638394183,Marseille,38983.46,MIDDLE
2663,Lucas,Lefebvre,18544887497814,Nantes,61533.43,SENIOR
2664,Jean,Girard,64065201319513,Marseille,37012.67,MIDDLE
2666,Camille,Lefebvre,34932062385403,Lille,73767.05,SENIOR
2667,Lucas,Lefebvre,98345026308225,Bordeaux,28485.6,MIDDLE
2668,Marie,Laurent,84008263935173,Paris,81021.64,MASTER
2669,Camille,Laurent,64261803210255,Paris,46550.93,SENIOR
2670,Chloé,Girard,63570933430370,Nantes,71004.36,SENIOR
2671,Nicolas,Dupont,38745924138693,Marseille,53855.61,SENIOR
2673,Nicolas,Dupont,53397193474726,Bordeaux,38675.29,MIDDLE
2674,Chloé,Martin,10299244916710,Lyon,75811.31,MASTER
2675,Thomas,Martin,41358520052125,Lyon,70490.02,SENIOR
2676,Camille,Girard,14788995192994,Nantes,28502.77,MIDDLE
2677,Lucas,Laurent,55932571105178,Bordeaux,50907.36,SENIOR
2678,Marie,Dupont,98767024842269,Marseille,75021.93,MASTER
2679,Jean,Laurent,90965676922130,Nantes,61369.53,SENIOR
2682,Chloé,Dupont,86892072428090,Paris,36762.24,MIDDLE
2683,Nicolas,Moreau,61938335827606,Nantes,88597.0,MASTER
2684,Nicolas,Laurent,64894305597230,Bordeaux,24735.16,MIDDLE
2685,Chloé,Lefebvre,33124475280641,Bordeaux,70605.85,SENIOR
2686,Chloé,Lefebvre,39452931075509,Paris,55275.28,SENIOR
2687,Chloé,Moreau,13988921139673,Bordeaux,70536.5,SENIOR
2688,Nicolas,Girard,41978650553563,Lille,28168.59,MIDDLE
2689,Lucas,Moreau,18382437572035,Bordeaux,46513.85,SENIOR
2690,Chloé,Martin,32845968399529,Nantes,35056.15,MIDDLE
2691,Camille,Lefebvre,14230107953980,Lille,27240.5,MIDDLE
2692,Marie,Laurent,31942791855113,Paris,42480.58,MIDDLE
2693,Lucas,Laurent,97268548053070,Lyon,17658.77,JUNIOR
2694,Jean,Moreau,51424478868938,Bordeaux,36819.47,MIDDLE
2696,Lucas,Lefebvre,31045160845478,Lyon,81997.48,MASTER
2698,Lucas,Girard,94659362376495,Marseille,20390.93,MIDDLE
2699,Nicolas,Girard,31566676435572,Lyon,40875.21,MIDDLE
2700,Marie,Laurent,22966132029637,Lille,85052.28,MASTER
2701,Jean,Dupont,21376493103953,Marseille,23203.67,MIDDLE
2702,Marie,Dupont,85172941094175,Nantes,88100.29,MASTER
2703,Thomas,Girard,27665151931551,Lyon,80351.02,MASTER
2704,Chloé,Girard,67533239746428,Lyon,76517.47,MASTER
2705,Thomas,Girard,30868838188511,Paris,30204.34,MIDDLE
2706,Jean,Lefebvre,25784759392910,Bordeaux,26030.94,MIDDLE
2707,Marie,Lefebvre,45129751959309,Paris,41661.56,MIDDLE
2708,Lucas,Girard,23840158568027,Paris,56525.94,SENIOR
2709,Lucas,Moreau,53420530068186,Lille,83208.25,MASTER
2711,Lucas,Girard,62936233750705,Nantes,22629.06,MIDDLE
2712,Chloé,Moreau,41098875528680,Nantes,58808.09,SENIOR
2713,Nicolas,Lefebvre,69789968225552,Bordeaux,51261.68,SENIOR
2714,Lucas,Girard,40279696183954,Nantes,17941.92,JUNIOR
2715,Marie,Moreau,93854199998012,Marseille,88663.14,MASTER
2716,Jean,Laurent,54285392337386,Marseille,63586.66,SENIOR
2717,Thomas,Lefebvre,19503078722945,Bordeaux,87644.03,MASTER
2719,Marie,Girard,19812117369311,Marseille,20225.93,MIDDLE
2720,Marie,Martin,17680352470372,Marseille,66540.23,SENIOR
2721,Camille,Dupont,89804324754389,Bordeaux,25467.24,MIDDLE
2722,Nicolas,Moreau,42508478090918,Bordeaux,87213.62,MASTER
2723,Thomas,Lefebvre,69261645384884,Paris,82698.08,MASTER
2724,Jean,Dupont,62654203518923,Lille,53942.44,SENIOR
2725,Nicolas,Laurent,66066406569844,Marseille,84674.16,MASTER
2726,Nicolas,Dupont,28708686479900,Paris,74360.23,SENIOR
2727,Jean,Moreau,26806592313064,Marseille,21509.11,MIDDLE
2728,Jean,Dupont,38095170841052,Bordeaux,86696.06,MASTER
2729,Chloé,Moreau,61845378026912,Lille,81684.9,MASTER
2730,Nicolas,Dupont,89713612351678,Paris,53540.78,SENIOR
2732,Camille,Dupont,81004493678346,Nantes,28341.86,MIDDLE
2733,Marie,Girard,24345804148924,Lille,33005.33,MIDDLE
2734,Camille,Laurent,52579596788386,Marseille,64719.02,SENIOR
2735,Chloé,Moreau,92153289314893,Lille,88272.18,MASTER
2736,Marie,Moreau,95257224952821,Bordeaux,43978.36,MIDDLE
2737,Thomas,Moreau,66071729986785,Marseille,63403.23,SENIOR
2738,Camille,Dupont,27069659534896,Bordeaux,86741.69,MASTER
2739,Jean,Dupont,54811331089948,Nantes,25669.96,MIDDLE
2740,Chloé,Laurent,21069349217632,Lille,29909.47,MIDDLE
2741,Chloé,Girard,14224540929820,Bordeaux,29094.42,MIDDLE
2742,Camille,Girard,24805951359859,Paris,69041.53,SENIOR
2743,Marie,Martin,86065225067951,Marseille,77457.45,MASTER
2744,Lucas,Martin,25454876729570,Lyon,56611.8,SENIOR
2745,Camille,Moreau,26828706627407,Bordeaux,79281.15,MASTER
2746,Thomas,Lefebvre,43363240427333,Bordeaux,46713.11,SENIOR
2747,Lucas,Laurent,92891389159822,Paris,68008.64,SENIOR
2748,Chloé,Dupont,83018161349542,Lyon,62076.52,SENIOR
2749,Jean,Moreau,66079352119434,Lille,44884.24,MIDDLE
2750,Lucas,Laurent,34878017027184,Bordeaux,36033.75,MIDDLE
2751,Lucas,Moreau,84257216143502,Paris,58692.35,SENIOR
2752,Jean,Dupont,22664674625046,Nantes,68668.88,SENIOR
2753,Thomas,Dupont,38692468429369,Lyon,20782.35,MIDDLE
2754,Thomas,Moreau,54230639925171,Lille,63092.94,SENIOR
2756,Camille,Girard,59003301433451,Lille,76981.1,MASTER
2757,Jean,Laurent,98662224060932,Nantes,79623.4,MASTER
2758,Chloé,Moreau,65486148325799,Nantes,64775.03,SENIOR
2759,Thomas,Dupont,88825277422302,Marseille,40281.54,MIDDLE
2760,Thomas,Martin,26607950331291,Nantes,43491.47,MIDDLE
2761,Camille,Laurent,64265908608012,Lyon,70510.85,SENIOR
2762,Jean,Martin,50929868051934,Lille,15261.07,JUNIOR
2763,Chloé,Lefebvre,13938474577657,Lyon,25350.13,MIDDLE
2764,Jean,Martin,26005454323935,Lille,29179.9,MIDDLE
2765,Camille,Lefebvre,60245512926751,Nantes,61904.79,SENIOR
2766,Lucas,Moreau,36620974700333,Lille,64051.63,SENIOR
2767,Marie,Martin,25691975216399,Marseille,22662.19,MIDDLE
2768,Thomas,Moreau,31673170772750,Bordeaux,69064.29,SENIOR
2769,Jean,Girard,43050863430357,Paris,46379.83,SENIOR
2770,Nicolas,Dupont,82836182232277,Lyon,36037.74,MIDDLE
2771,Marie,Girard,18133307636947,Marseille,78503.24,MASTER
2772,Thomas,Moreau,85395681458790,Marseille,84712.81,MASTER
2773,Nicolas,Laurent,35214650316698,Bordeaux,53808.93,SENIOR
2774,Chloé,Martin,39048682011167,Lille,84974.94,MASTER
2775,Chloé,Moreau,55467214351906,Nantes,75138.4,MASTER
2776,Nicolas,Lefebvre,45678067427893,Paris,19855.46,JUNIOR
2777,Nicolas,Dupont,91074136809987,Bordeaux,84204.55,MASTER
2778,Lucas,Moreau,29005854365588,Bordeaux,81422.59,MASTER
2780,Chloé,Lefebvre,98821222095000,Bordeaux,40162.49,MIDDLE
2783,Camille,Martin,45256765296150,Lille,32618.13,MIDDLE
2784,Jean,Girard,11797523861073,Lille,55094.28,SENIOR
2785,Nicolas,Girard,51662277612936,Lyon,73788.25,SENIOR
2787,Marie,Laurent,18803328880737,Paris,48347.43,SENIOR
2789,Thomas,Dupont,80077988556678,Lille,58343.77,SENIOR
2790,Marie,Girard,55584323315954,Bordeaux,62113.38,SENIOR
2791,Chloé,Laurent,44270839861002,Lille,51055.54,SENIOR
2792,Chloé,Moreau,49711877718321,Nantes,84683.37,MASTER
2793,Marie,Laurent,41784781535507,Nantes,36460.03,MIDDLE
2796,Jean,Moreau,45920781992038,Lille,58291.08,SENIOR
2797,Thomas,Lefebvre,39050720723375,Lyon,46778.25,SENIOR
2798,Lucas,Lefebvre,87539308704144,Paris,81213.71,MASTER
2799,Camille,Laurent,88341290649488,Nantes,45953.37,SENIOR
2800,Marie,Laurent,98300746364887,Paris,74403.73,SENIOR
2801,Marie,Moreau,50680718229456,Marseille,88427.02,MASTER
2803,Camille,Moreau,28471639301514,Paris,58475.52,SENIOR
2804,Jean,Martin,43354305032835,Paris,53638.78,SENIOR
2805,Chloé,Dupont,65864898092390,Marseille,52913.8,SENIOR
2806,Camille,Laurent,32362865191623,Lyon,50877.49,SENIOR
2807,Thomas,Dupont,33560143267212,Lille,38931.38,MIDDLE
2808,Jean,Dupont,49250438985989,Lyon,33987.0,MIDDLE
2809,Lucas,Martin,98232464259077,Marseille,34015.6,MIDDLE
2810,Jean,Laurent,96873160649745,Paris,40061.82,MIDDLE
2811,Lucas,Girard,86463356088630,Paris,89077.64,MASTER
2812,Camille,Martin,29467773441679,Marseille,34001.23,MIDDLE
2813,Jean,Moreau,59788853734121,Nantes,51035.54,SENIOR
2815,Camille,Dupont,16871587677583,Bordeaux,25872.39,MIDDLE
2816,Marie,Girard,38597432216585,Marseille,41889.62,MIDDLE
2817,Nicolas,Martin,97821020560430,Bordeaux,32123.17,MIDDLE
2818,Thomas,Dupont,49250405062395,Marseille,39470.32,MIDDLE
2819,Jean,Girard,52231986372368,Nantes,38329.97,MIDDLE
2820,Camille,Lefebvre,52723528876019,Lille,41466.66,MIDDLE
2821,Thomas,Moreau,62178552810134,Bordeaux,57228.7,SENIOR
2822,Nicolas,Laurent,96404860655233,Marseille,58880.67,SENIOR
2823,Nicolas,Dupont,10526502575446,Paris,84898.24,MASTER
2825,Nicolas,Moreau,31889237975438,Nantes,78493.88,MASTER
2826,Lucas,Moreau,95407460844347,Marseille,67631.38,SENIOR
2827,Nicolas,Laurent,37452475477948,Paris,83278.08,MASTER
2828,Jean,Girard,29303821801421,Marseille,54561.21,SENIOR
2829,Chloé,Moreau,19180438065442,Bordeaux,25507.05,MIDDLE
2830,Lucas,Moreau,44059198102829,Lyon,73363.71,SENIOR
2831,Chloé,Laurent,66241122776091,Marseille,55905.89,SENIOR
2832,Camille,Martin,81479185836778,Bordeaux,20804.59,MIDDLE
2833,Lucas,Girard,91460574497039,Paris,53820.42,SENIOR
2834,Thomas,Lefebvre,83916588988418,Paris,26790.28,MIDDLE
2835,Jean,Laurent,46152607157988,Bordeaux,28454.61,MIDDLE
2836,Jean,Girard,61142968473897,Bordeaux,72567.82,SENIOR
2837,Jean,Moreau,19331318930326,Lille,40267.21,MIDDLE
2838,Thomas,Lefebvre,60193402067466,Bordeaux,18404.85,JUNIOR
2839,Jean,Moreau,91117568252382,Lille,27762.9,MIDDLE
2840,Camille,Moreau,96533087981864,Nantes,17840.72,JUNIOR
2841,Marie,Laurent,57833504571000,Marseille,54706.83,SENIOR
2842,Jean,Moreau,61302831635115,Paris,28892.95,MIDDLE
2843,Camille,Girard,22094460829811,Paris,35049.31,MIDDLE
2844,Nicolas,Moreau,67567257062695,Paris,36513.83,MIDDLE
2845,Camille,Girard,53155560577689,Bordeaux,83189.13,MASTER
2846,Jean,Moreau,25486871187199,Lille,68876.99,SENIOR
2847,Marie,Lefebvre,87974109827455,Paris,76800.38,MASTER
2848,Nicolas,Moreau,92287864479114,Bordeaux,80951.71,MASTER
2850,Lucas,Dupont,17628399109575,Bordeaux,66165.15,SENIOR
2851,Chloé,Martin,94447385038341,Lyon,70454.93,SENIOR
2852,Jean,Moreau,93699608578114,Bordeaux,39678.79,MIDDLE
2853,Lucas,Lefebvre,89316394903900,Lyon,31859.33,MIDDLE
2854,Lucas,Girard,43848071406446,Paris,48463.81,SENIOR
2855,Thomas,Laurent,44530023550423,Bordeaux,60155.66,SENIOR
2857,Jean,Lefebvre,88631192218185,Paris,82498.8,MASTER
2858,Lucas,Martin,17186325392421,Nantes,40129.17,MIDDLE
2859,Jean,Laurent,24586828184220,Paris,65620.83,SENIOR
2860,Lucas,Dupont,53719342980729,Lille,35675.6,MIDDLE
2862,Lucas,Lefebvre,24853974994464,Bordeaux,53535.88,SENIOR
2863,Lucas,Laurent,36109034554473,Marseille,58464.98,SENIOR
2864,Jean,Martin,92360521123184,Lyon,73229.23,SENIOR
2865,Lucas,Laurent,26806666602058,Lyon,35198.89,MIDDLE
2866,Nicolas,Laurent,97430929609120,Nantes,57111.06,SENIOR
2867,Marie,Dupont,97721613741225,Marseille,48139.35,SENIOR
2868,Camille,Martin,52386275888168,Nantes,79735.13,MASTER
2869,Chloé,Dupont,63108792908996,Bordeaux,55824.9,SENIOR
2870,Camille,Martin,17075548557288,Bordeaux,89131.31,MASTER
2871,Marie,Martin,91637949265935,Lyon,15604.98,JUNIOR
2872,Chloé,Martin,27422214391647,Marseille,21504.04,MIDDLE
2873,Chloé,Moreau,25963409781423,Lille,89242.09,MASTER
2874,Marie,Martin,22753936948055,Lyon,54383.03,SENIOR
2875,Jean,Moreau,80266643282160,Marseille,41145.37,MIDDLE
2876,Marie,Moreau,13823755550571,Lyon,43976.47,MIDDLE
2877,Camille,Girard,97940162694599,Bordeaux,54605.69,SENIOR
2878,Camille,Martin,27119808547679,Marseille,60972.88,SENIOR
2879,Thomas,Martin,45491429077138,Paris,77774.34,MASTER
2880,Lucas,Laurent,94419747889735,Lyon,20414.1,MIDDLE
2881,Lucas,Martin,54078891869474,Paris,52947.12,SENIOR
2882,Lucas,Girard,64859516480501,Paris,17948.63,JUNIOR
2883,Jean,Martin,57463802983472,Paris,48683.52,SENIOR
2884,Camille,Girard,52745491634912,Nantes,20304.84,MIDDLE
2885,Chloé,Girard,23953370522296,Lyon,32038.83,MIDDLE
2886,Camille,Girard,53360221257684,Bordeaux,20838.19,MIDDLE
2887,Nicolas,Moreau,93872867135879,Marseille,84506.36,MASTER
2889,Thomas,Dupont,84486875075620,Nantes,87387.9,MASTER
2890,Lucas,Martin,55184336369884,Marseille,16406.49,JUNIOR
2891,Camille,Dupont,14966625374232,Lyon,15034.98,JUNIOR
2892,Chloé,Dupont,84226355070111,Paris,78826.72,MASTER
2893,Lucas,Martin,14741942915197,Lille,76101.77,MASTER
2894,Jean,Martin,58112293040775,Paris,80733.46,MASTER
2895,Chloé,Dupont,36914310290492,Lyon,36258.91,MIDDLE
2896,Jean,Lefebvre,91806445050333,Bordeaux,62399.93,SENIOR
2898,Jean,Laurent,91691925544348,Paris,56037.7,SENIOR
2899,Thomas,Martin,54391440370059,Bordeaux,19179.72,JUNIOR
2901,Camille,Girard,48644964543845,Lille,63603.22,SENIOR
2903,Thomas,Laurent,82125383512368,Bordeaux,28611.0,MIDDLE
2905,Jean,Moreau,53017746094237,Marseille,25505.36,MIDDLE
2906,Jean,Lefebvre,86515170917311,Marseille,16051.8,JUNIOR
2908,Marie,Moreau,96456745654512,Bordeaux,68258.51,SENIOR
2911,Marie,Lefebvre,47244219253536,Nantes,27659.31,MIDDLE
2912,Jean,Laurent,87246629046165,Marseille,52903.48,SENIOR
2914,Jean,Dupont,87880857869454,Lille,73718.36,SENIOR
2915,Thomas,Dupont,69517109065523,Lille,89743.31,MASTER
2916,Camille,Moreau,27402898377725,Marseille,42793.75,MIDDLE
2917,Marie,Moreau,21121979570467,Lille,62504.21,SENIOR
2918,Lucas,Martin,19669055395389,Lille,38541.9,MIDDLE
2919,Nicolas,Moreau,89054928851182,Lyon,36133.86,MIDDLE
2920,Lucas,Moreau,54055024644626,Lille,70349.74,SENIOR
2921,Nicolas,Girard,28461198910151,Nantes,59790.41,SENIOR
2922,Chloé,Girard,26185482416030,Nantes,22635.13,MIDDLE
2923,Chloé,Lefebvre,68616771455825,Lyon,30385.71,MIDDLE
2924,Jean,Lefebvre,67770427264050,Nantes,26797.46,MIDDLE
2925,Camille,Lefebvre,56239721497758,Lille,64198.25,SENIOR
2926,Camille,Moreau,32297923496478,Lille,44999.44,MIDDLE
2927,Jean,Dupont,88356102878240,Lille,36644.56,MIDDLE
2928,Jean,Girard,52307388678903,Marseille,22696.01,MIDDLE
2929,Lucas,Dupont,90526587721627,Lille,64191.45,SENIOR
2930,Jean,Martin,12966176697686,Lyon,81180.35,MASTER
2931,Jean,Martin,27734148159992,Lille,71898.73,SENIOR
2932,Jean,Laurent,80516950947105,Lille,46764.96,SENIOR
2933,Chloé,Dupont,29991906487419,Lyon,62539.27,SENIOR
2934,Nicolas,Girard,30098927589996,Marseille,17501.11,JUNIOR
2935,Marie,Dupont,31004945313817,Bordeaux,44320.94,MIDDLE
2936,Thomas,Girard,27124926096400,Bordeaux,61250.81,SENIOR
2937,Nicolas,Moreau,17918717822518,Lille,16243.58,JUNIOR
2940,Camille,Dupont,52722909923648,Lyon,43320.78,MIDDLE
2941,Camille,Lefebvre,10219879060239,Paris,70623.08,SENIOR
2942,Lucas,Martin,14236951258738,Lyon,61281.95,SENIOR
2943,Camille,Lefebvre,92770386358872,Paris,59360.0,SENIOR
2944,Chloé,Girard,46984235507007,Marseille,47397.76,SENIOR
2945,Lucas,Girard,83119762561610,Nantes,41644.92,MIDDLE
2946,Thomas,Girard,22639264130440,Nantes,36546.79,MIDDLE
2947,Camille,Girard,62346172534684,Paris,49021.98,SENIOR
2948,Nicolas,Girard,66719336771291,Nantes,16263.38,JUNIOR
2949,Camille,Martin,18865474509063,Paris,65165.64,SENIOR
2950,Thomas,Laurent,43045135193659,Paris,85032.44,MASTER
2951,Chloé,Lefebvre,99440602698251,Nantes,29874.13,MIDDLE
2952,Jean,Moreau,32242026697632,Lyon,88659.42,MASTER
2953,Jean,Martin,11621346244661,Lyon,16084.82,JUNIOR
2954,Marie,Girard,94323454477455,Marseille,87834.03,MASTER
2955,Camille,Laurent,50311655184073,Nantes,76925.93,MASTER
2956,Thomas,Dupont,81837432389169,Paris,52196.06,SENIOR
2957,Camille,Girard,49331567373440,Bordeaux,59293.73,SENIOR
2958,Marie,Dupont,19118228282006,Nantes,24164.0,MIDDLE
2959,Camille,Martin,95080313181331,Paris,77649.24,MASTER
2960,Camille,Dupont,65254858267214,Marseille,55143.82,SENIOR
2961,Jean,Moreau,99847840788252,Lille,34046.36,MIDDLE
2966,Chloé,Girard,58859270377415,Lille,45388.17,SENIOR
2967,Marie,Dupont,37931405580553,Marseille,60013.06,SENIOR
2968,Nicolas,Girard,21076991863896,Bordeaux,83906.04,MASTER
2969,Jean,Girard,48433401696671,Marseille,72965.19,SENIOR
2970,Camille,Laurent,25345365929498,Paris,43197.31,MIDDLE
2971,Camille,Martin,97356319012969,Bordeaux,59195.87,SENIOR
2972,Lucas,Lefebvre,62561785123200,Paris,48189.58,SENIOR
2973,Jean,Martin,15854313298665,Lyon,25042.31,MIDDLE
2974,Nicolas,Moreau,28033306815833,Marseille,84409.44,MASTER
2976,Chloé,Moreau,37744742183368,Lyon,61370.98,SENIOR
2977,Jean,Moreau,89219728415665,Nantes,65595.41,SENIOR
2978,Thomas,Girard,99870350995830,Lyon,31185.22,MIDDLE
2979,Jean,Moreau,36226457370022,Nantes,61934.45,SENIOR
2980,Lucas,Martin,26883037740969,Marseille,21776.95,MIDDLE
2981,Thomas,Martin,91643980719993,Lyon,76088.44,MASTER
2982,Jean,Dupont,20218051453766,Lille,89540.15,MASTER
2983,Thomas,Martin,62312507015912,Lille,54317.49,SENIOR
2984,Nicolas,Dupont,10736630915199,Bordeaux,18823.04,JUNIOR
2985,Chloé,Dupont,37196286046462,Nantes,74690.39,SENIOR
2986,Thomas,Martin,38526769973822,Nantes,35382.48,MIDDLE
2987,Marie,Martin,65943181406498,Bordeaux,84660.19,MASTER
2988,Thomas,Moreau,18762567938628,Lille,42304.49,MIDDLE
2989,Camille,Laurent,13492316373007,Bordeaux,50258.86,SENIOR
2990,Camille,Moreau,55315217299006,Lyon,33124.46,MIDDLE
2991,Marie,Laurent,39902622489484,Paris,83531.48,MASTER
2992,Camille,Girard,21889522794437,Lyon,39399.99,MIDDLE
2993,Thomas,Dupont,35068737396762,Paris,48137.24,SENIOR
2994,Marie,Lefebvre,89768925657416,Lyon,37052.48,MIDDLE
2995,Lucas,Lefebvre,96157046664116,Lille,56148.61,SENIOR
2996,Lucas,Lefebvre,33382626477836,Marseille,24967.63,MIDDLE
2997,Lucas,Dupont,29812084585709,Lille,16708.69,JUNIOR
2998,Nicolas,Laurent,40327812054959,Paris,70430.63,SENIOR
2999,Thomas,Moreau,80965344135038,Marseille,32852.35,MIDDLE
3000,Thomas,Laurent,29052719150952,Lyon,25679.5,MIDDLE
3001,Jean,Moreau,21691384102222,Nantes,58210.92,SENIOR
3002,Jean,Moreau,31374465263134,Marseille,15751.31,JUNIOR
3003,Nicolas,Dupont,83894204367606,Nantes,36967.73,MIDDLE
3005,Marie,Lefebvre,45475463869179,Paris,73868.22,SENIOR
3007,Nicolas,Girard,26446880646616,Paris,30811.44,MIDDLE
3008,Lucas,Moreau,85331268427936,Marseille,51041.49,SENIOR
3009,Camille,Lefebvre,69532799599406,Paris,62684.11,SENIOR
3010,Lucas,Dupont,68672596832361,Lille,20939.54,MIDDLE
3011,Thomas,Lefebvre,27695997149497,Paris,28312.12,MIDDLE
3012,Thomas,Martin,58081397373775,Lyon,51052.41,SENIOR
3013,Marie,Girard,60928500614170,Lille,81701.54,MASTER
3014,Chloé,Girard,46824259134549,Bordeaux,34014.49,MIDDLE
3015,Nicolas,Girard,80403204280612,Nantes,26243.48,MIDDLE
3016,Camille,Lefebvre,60248697257682,Lyon,22288.37,MIDDLE
3017,Marie,Girard,28719779232061,Lyon,39926.01,MIDDLE
3018,Camille,Girard,40124343707947,Bordeaux,30008.76,MIDDLE
3019,Camille,Lefebvre,55914347705331,Marseille,79418.27,MASTER
3020,Nicolas,Dupont,81146580017920,Marseille,31936.72,MIDDLE
3021,Camille,Moreau,36015633972340,Nantes,83410.68,MASTER
3022,Lucas,Girard,26233906887349,Nantes,33287.19,MIDDLE
3023,Lucas,Laurent,20079512734425,Lyon,72583.87,SENIOR
3024,Jean,Moreau,65731917901141,Lyon,29674.65,MIDDLE
3025,Thomas,Lefebvre,23094827047686,Bordeaux,47954.94,SENIOR
3026,Nicolas,Girard,83258521518943,Lille,86742.75,MASTER
3027,Thomas,Dupont,45806400756248,Nantes,41041.48,MIDDLE
3028,Camille,Lefebvre,41434664573863,Paris,58613.09,SENIOR
3029,Camille,Dupont,85330277866122,Paris,88509.64,MASTER
3030,Nicolas,Laurent,56631728605419,Bordeaux,85116.95,MASTER
3031,Thomas,Girard,92649211074745,Lille,71426.57,SENIOR
3032,Jean,Moreau,27233932417208,Marseille,57050.93,SENIOR
3033,Thomas,Moreau,84083414944473,Bordeaux,63222.08,SENIOR
3034,Marie,Dupont,88197285248644,Bordeaux,35366.93,MIDDLE
3035,Chloé,Laurent,42686878491708,Paris,24069.75,MIDDLE
3036,Camille,Dupont,59277781615558,Paris,19177.31,JUNIOR
3037,Thomas,Moreau,18567250771797,Lyon,24287.67,MIDDLE
3038,Nicolas,Laurent,81374760950401,Paris,57052.02,SENIOR
3039,Camille,Girard,16133372392194,Marseille,42519.58,MIDDLE
3040,Jean,Laurent,52973209290592,Marseille,40974.7,MIDDLE
3041,Nicolas,Lefebvre,66497270117805,Marseille,25189.29,MIDDLE
3042,Marie,Martin,21861563748070,Lille,38706.54,MIDDLE
3043,Marie,Laurent,89971651798743,Paris,35568.93,MIDDLE
3044,Marie,Martin,61780396217848,Lille,19633.21,JUNIOR
3045,Chloé,Lefebvre,28152140960559,Marseille,35950.57,MIDDLE
3046,Camille,Martin,68267186405995,Nantes,45191.07,SENIOR
3048,Lucas,Lefebvre,28490887361392,Lyon,68417.12,SENIOR
3049,Thomas,Girard,67598788003952,Lille,18597.08,JUNIOR
3050,Thomas,Lefebvre,10994207718583,Nantes,60147.54,SENIOR
3051,Jean,Lefebvre,32512871607056,Lille,69517.89,SENIOR
3053,Marie,Martin,18354538012989,Lyon,39330.51,MIDDLE
3054,Jean,Lefebvre,18741285174591,Paris,83453.63,MASTER
3055,Chloé,Moreau,25880043835974,Nantes,79312.6,MASTER
3056,Lucas,Martin,83067252535109,Paris,79541.86,MASTER
3057,Jean,Dupont,34661838723215,Paris,28482.42,MIDDLE
3059,Marie,Martin,97231297203291,Marseille,33664.56,MIDDLE
3060,Jean,Moreau,20061926689412,Lille,42543.57,MIDDLE
3061,Camille,Moreau,63496892528377,Lille,19860.39,JUNIOR
3064,Marie,Dupont,25263014445142,Paris,37754.84,MIDDLE
3065,Jean,Laurent,48805143174699,Bordeaux,56381.98,SENIOR
3066,Nicolas,Dupont,35323319068999,Lyon,56302.39,SENIOR
3067,Nicolas,Girard,64906777356890,Nantes,23400.12,MIDDLE
3068,Jean,Moreau,52481915158771,Bordeaux,88554.6,MASTER
3069,Thomas,Moreau,86547062742528,Bordeaux,18605.86,JUNIOR
3070,Chloé,Girard,61275085329029,Paris,69613.96,SENIOR
3071,Camille,Dupont,68254472663050,Lille,34530.84,MIDDLE
3073,Thomas,Martin,93620439012236,Marseille,61079.64,SENIOR
3075,Thomas,Laurent,95924352794244,Lyon,61096.83,SENIOR
3076,Chloé,Martin,17156562995077,Paris,60331.38,SENIOR
3077,Marie,Lefebvre,25823665247615,Lyon,67056.24,SENIOR
3078,Thomas,Laurent,56620515686011,Nantes,71532.57,SENIOR
3079,Thomas,Laurent,69446168455756,Marseille,58028.71,SENIOR
3080,Camille,Lefebvre,48783300028931,Nantes,20950.32,MIDDLE
3081,Jean,Lefebvre,63448070925449,Paris,88876.77,MASTER
3082,Nicolas,Dupont,10064678641241,Nantes,85342.2,MASTER
3083,Nicolas,Girard,95226246979682,Bordeaux,34583.02,MIDDLE
3085,Lucas,Girard,18609694560285,Lyon,18685.23,JUNIOR
3086,Jean,Moreau,64777771458080,Lille,58686.51,SENIOR
3087,Marie,Girard,10272731756177,Bordeaux,46268.16,SENIOR
3088,Chloé,Martin,39480993735741,Paris,60046.68,SENIOR
3089,Lucas,Girard,69598806329069,Marseille,31806.01,MIDDLE
3090,Lucas,Lefebvre,93432016580848,Nantes,30860.75,MIDDLE
3091,Marie,Laurent,87506143316169,Bordeaux,37763.01,MIDDLE
3094,Nicolas,Martin,25917736190775,Bordeaux,67209.05,SENIOR
3097,Lucas,Lefebvre,99035359085146,Bordeaux,87495.13,MASTER
3098,Jean,Laurent,84628555702009,Bordeaux,86664.12,MASTER
3099,Camille,Dupont,32828240618925,Paris,32130.01,MIDDLE
3100,Nicolas,Martin,42101065467797,Nantes,18159.41,JUNIOR
3101,Thomas,Martin,36965169454081,Nantes,76092.83,MASTER
3102,Chloé,Lefebvre,83680653195219,Nantes,49341.34,SENIOR
3103,Thomas,Dupont,26012119438599,Bordeaux,75711.73,MASTER
3104,Jean,Dupont,51469891920499,Bordeaux,47921.2,SENIOR
3105,Lucas,Martin,32999448964348,Lille,69324.44,SENIOR
3107,Thomas,Moreau,53092782186079,Lille,24931.1,MIDDLE
3108,Chloé,Girard,94469421231331,Paris,65009.23,SENIOR
3109,Marie,Girard,26622336736156,Lyon,61212.05,SENIOR
3110,Jean,Moreau,18228798278279,Lille,18357.34,JUNIOR
3111,Thomas,Girard,44493304458905,Lyon,42701.53,MIDDLE
3112,Chloé,Martin,93279621380038,Paris,15827.7,JUNIOR
3113,Nicolas,Lefebvre,96573621261498,Nantes,71874.33,SENIOR
3114,Nicolas,Lefebvre,97137179243383,Lille,28807.38,MIDDLE
3115,Camille,Lefebvre,55575211495355,Lille,44326.28,MIDDLE
3116,Camille,Martin,84216970618032,Nantes,54419.22,SENIOR
3117,Thomas,Girard,36541642710065,Lyon,65408.54,SENIOR
3118,Jean,Moreau,93553991703975,Paris,47682.97,SENIOR
3119,Thomas,Moreau,95554068649893,Lille,75438.66,MASTER
3120,Thomas,Martin,25542331892138,Lille,86388.54,MASTER
3122,Marie,Moreau,11650024691183,Lyon,31188.18,MIDDLE
3125,Marie,Moreau,54704953895825,Marseille,47280.16,SENIOR
3126,Thomas,Dupont,17791243986417,Marseille,64935.25,SENIOR
3127,Chloé,Laurent,39310341402836,Lyon,15296.56,JUNIOR
3128,Nicolas,Lefebvre,69789277699952,Lille,72277.19,SENIOR
3129,Marie,Moreau,51425382027095,Lille,35241.91,MIDDLE
3130,Nicolas,Dupont,10484647484773,Lyon,77999.97,MASTER
3131,Chloé,Moreau,33860396268167,Lille,47296.35,SENIOR
3132,Camille,Moreau,98705875454475,Nantes,49819.71,SENIOR
3133,Thomas,Girard,63081844979429,Lille,66668.82,SENIOR
3134,Jean,Lefebvre,97781544408176,Lyon,26160.09,MIDDLE
3136,Jean,Moreau,83247382582549,Paris,37717.62,MIDDLE
3137,Thomas,Girard,40658353306197,Lyon,19650.15,JUNIOR
3138,Nicolas,Martin,40258626232770,Lyon,59715.49,SENIOR
3139,Camille,Dupont,60194267830744,Nantes,45214.43,SENIOR
3142,Lucas,Martin,66343863167605,Lyon,51876.95,SENIOR
3143,Jean,Laurent,61159201970560,Nantes,72392.33,SENIOR
3144,Thomas,Moreau,98984912620737,Bordeaux,38597.11,MIDDLE
3145,Nicolas,Laurent,22484145806614,Marseille,59435.21,SENIOR
3146,Thomas,Moreau,24051551611130,Lyon,27883.36,MIDDLE
3147,Camille,Laurent,11008888161424,Marseille,76323.26,MASTER
3148,Camille,Laurent,18033252827863,Bordeaux,86052.41,MASTER
3149,Thomas,Girard,58765686898578,Nantes,33922.52,MIDDLE
3151,Chloé,Dupont,41734258590073,Bordeaux,39131.62,MIDDLE
3153,Thomas,Girard,43038912296588,Lyon,71831.33,SENIOR
3154,Camille,Dupont,87353548023542,Paris,76136.41,MASTER
3155,Camille,Moreau,10142262076520,Lille,35501.24,MIDDLE
3156,Thomas,Martin,20311239828219,Lille,38263.38,MIDDLE
3157,Chloé,Girard,25971188692621,Marseille,70719.81,SENIOR
3158,Nicolas,Moreau,34052290832780,Paris,79367.95,MASTER
3159,Chloé,Lefebvre,94207316237106,Nantes,41627.4,MIDDLE
3160,Jean,Dupont,44774109551418,Bordeaux,81805.63,MASTER
3161,Camille,Dupont,30253992411659,Lille,86500.55,MASTER
3162,Marie,Dupont,90663806283464,Lille,79273.48,MASTER
3164,Marie,Girard,57336714166646,Bordeaux,55436.16,SENIOR
3165,Jean,Girard,61384024929753,Lille,43198.07,MIDDLE
3166,Nicolas,Moreau,25703012404546,Marseille,60331.14,SENIOR
3167,Marie,Laurent,17402463885916,Lille,41425.64,MIDDLE
3168,Chloé,Lefebvre,41527469348431,Paris,71453.24,SENIOR
3169,Thomas,Laurent,13024033616082,Nantes,89706.89,MASTER
3170,Marie,Laurent,52938168608507,Lyon,64847.29,SENIOR
3171,Jean,Lefebvre,23917802574918,Bordeaux,29867.43,MIDDLE
3173,Marie,Girard,65422241278375,Lyon,27124.14,MIDDLE
3174,Marie,Dupont,64327981036922,Lille,53881.51,SENIOR
3175,Lucas,Girard,40008159020309,Bordeaux,49628.89,SENIOR
3176,Lucas,Girard,28347430773637,Nantes,27921.15,MIDDLE
3177,Camille,Laurent,69908441311679,Lille,83059.84,MASTER
3179,Chloé,Martin,45404108579758,Lyon,48804.35,SENIOR
3180,Chloé,Laurent,54789233103814,Bordeaux,88359.66,MASTER
3181,Lucas,Dupont,29608692979143,Lille,67792.83,SENIOR
3182,Thomas,Moreau,29906500901020,Nantes,21462.46,MIDDLE
3183,Jean,Dupont,89758020290244,Paris,42286.3,MIDDLE
3184,Chloé,Lefebvre,12137938124196,Nantes,33006.72,MIDDLE
3185,Chloé,Lefebvre,97376944698636,Lille,56715.89,SENIOR
3186,Lucas,Girard,13521368800977,Nantes,19051.72,JUNIOR
3187,Thomas,Lefebvre,44520129331996,Nantes,49811.69,SENIOR
3188,Nicolas,Moreau,14134709317698,Lille,68925.51,SENIOR
3189,Chloé,Dupont,84100126824083,Paris,56293.87,SENIOR
3190,Thomas,Lefebvre,35477866986733,Lille,27263.62,MIDDLE
3191,Chloé,Lefebvre,99988820319580,Marseille,85539.87,MASTER
3192,Thomas,Laurent,95510854034478,Lille,20683.91,MIDDLE
3193,Marie,Lefebvre,45644982739861,Lille,43252.68,MIDDLE
3194,Camille,Girard,83318299262892,Bordeaux,57569.1,SENIOR
3195,Thomas,Girard,59097881131805,Marseille,80067.29,MASTER
3196,Camille,Martin,10264630099291,Paris,69839.37,SENIOR
3197,Jean,Laurent,52825047033879,Lyon,63055.31,SENIOR
3198,Thomas,Martin,56790101826215,Paris,78701.91,MASTER
3199,Marie,Laurent,68389410266427,Lille,68670.9,SENIOR
3200,Lucas,Dupont,26565373090826,Paris,27202.21,MIDDLE
3201,Nicolas,Martin,60612865718715,Nantes,16400.12,JUNIOR
3202,Jean,Martin,59796852616754,Paris,46657.71,SENIOR
3203,Chloé,Moreau,24471688219254,Nantes,50255.04,SENIOR
3204,Camille,Lefebvre,58796630218785,Marseille,55437.27,SENIOR
3205,Marie,Moreau,58808963369573,Paris,81611.0,MASTER
3206,Marie,Dupont,42399179982070,Marseille,20668.23,MIDDLE
3207,Marie,Lefebvre,86646728669789,Lyon,82379.25,MASTER
3208,Lucas,Girard,98986849933752,Marseille,40244.38,MIDDLE
3209,Jean,Martin,30930089738685,Paris,60285.63,SENIOR
3211,Lucas,Lefebvre,58703835002754,Marseille,75586.99,MASTER
3212,Chloé,Moreau,48368904478939,Lille,57573.09,SENIOR
3214,Nicolas,Moreau,48526322735246,Paris,39468.24,MIDDLE
3215,Jean,Martin,65961916795230,Paris,86566.6,MASTER
3216,Camille,Martin,30951986153555,Lille,61470.47,SENIOR
3218,Jean,Moreau,18926158621406,Lille,35684.37,MIDDLE
3219,Lucas,Martin,95295413245327,Bordeaux,82017.44,MASTER
3220,Nicolas,Lefebvre,66277921255706,Paris,82771.54,MASTER
3221,Lucas,Laurent,15819194987810,Lille,28409.94,MIDDLE
3222,Thomas,Dupont,33364799677334,Paris,59094.88,SENIOR
3223,Camille,Martin,16953205250894,Bordeaux,71214.43,SENIOR
3224,Chloé,Martin,69005968100124,Lyon,59547.64,SENIOR
3225,Lucas,Dupont,45973871946435,Marseille,47207.71,SENIOR
3226,Nicolas,Dupont,55683044275892,Lyon,65662.43,SENIOR
3227,Chloé,Lefebvre,82153753649624,Bordeaux,40230.38,MIDDLE
3228,Chloé,Dupont,56484537134730,Lyon,40170.96,MIDDLE
3229,Jean,Moreau,55226987035141,Bordeaux,18394.28,JUNIOR
3230,Jean,Girard,26067493933690,Paris,47973.94,SENIOR
3231,Nicolas,Dupont,64725837685590,Nantes,26296.53,MIDDLE
3232,Lucas,Dupont,65119410567062,Paris,88562.83,MASTER
3233,Chloé,Dupont,47382389905114,Lille,23856.51,MIDDLE
3234,Camille,Moreau,98357075046738,Marseille,22209.66,MIDDLE
3235,Camille,Dupont,48057037481857,Bordeaux,87370.22,MASTER
3236,Jean,Dupont,12153113856439,Marseille,41999.04,MIDDLE
3237,Jean,Lefebvre,15633690536010,Lille,29800.49,MIDDLE
3238,Nicolas,Laurent,66746650378782,Lyon,73989.51,SENIOR
3239,Nicolas,Moreau,36324878605447,Lille,31392.63,MIDDLE
3240,Thomas,Martin,65499533232730,Nantes,24178.07,MIDDLE
3241,Lucas,Dupont,97775179658632,Marseille,81344.24,MASTER
3242,Lucas,Martin,63588915510062,Paris,89607.45,MASTER
3244,Jean,Lefebvre,59120221402559,Nantes,17404.53,JUNIOR
3245,Nicolas,Laurent,95226515875823,Bordeaux,46846.56,SENIOR
3247,Chloé,Laurent,68422511114602,Marseille,63322.72,SENIOR
3248,Nicolas,Lefebvre,60448941027973,Nantes,82215.1,MASTER
3251,Thomas,Laurent,16219903898334,Nantes,52772.06,SENIOR
3252,Thomas,Moreau,98868274854805,Paris,17981.26,JUNIOR
3254,Jean,Dupont,91212297321796,Bordeaux,20561.26,MIDDLE
3256,Jean,Moreau,48038900355599,Bordeaux,30880.02,MIDDLE
3257,Nicolas,Lefebvre,21267252707762,Lyon,70822.93,SENIOR
3258,Camille,Laurent,99005898113418,Bordeaux,72130.0,SENIOR
3259,Marie,Martin,30031067434587,Nantes,57952.44,SENIOR
3260,Nicolas,Moreau,92977125422602,Marseille,39181.09,MIDDLE
3261,Chloé,Girard,38554468783492,Nantes,30662.7,MIDDLE
3262,Lucas,Moreau,99423537257445,Paris,36051.16,MIDDLE
3263,Marie,Lefebvre,13025688243487,Marseille,25293.19,MIDDLE
3264,Camille,Laurent,19053058224244,Lyon,53570.55,SENIOR
3265,Thomas,Dupont,94759923227907,Paris,79687.14,MASTER
3266,Chloé,Martin,13021752789007,Marseille,63217.45,SENIOR
3267,Lucas,Martin,17204643144347,Marseille,41258.53,MIDDLE
3268,Jean,Dupont,34875132100787,Lille,62764.38,SENIOR
3269,Thomas,Lefebvre,27845803310740,Nantes,33875.98,MIDDLE
3270,Nicolas,Girard,26694850342672,Lille,43917.37,MIDDLE
3272,Camille,Laurent,59989418498217,Paris,80813.57,MASTER
3273,Marie,Laurent,95998600561391,Bordeaux,39000.52,MIDDLE
3274,Thomas,Moreau,89186207804793,Bordeaux,21830.26,MIDDLE
3275,Nicolas,Lefebvre,46205082408133,Lille,57811.81,SENIOR
3276,Jean,Martin,14496745209724,Paris,18231.32,JUNIOR
3277,Chloé,Dupont,58877323196835,Lille,68732.25,SENIOR
3278,Jean,Dupont,67972906370914,Nantes,27101.77,MIDDLE
3279,Chloé,Lefebvre,32214535255651,Nantes,28628.08,MIDDLE
3280,Camille,Lefebvre,60459155614725,Lille,25150.86,MIDDLE
3281,Chloé,Martin,44240804116467,Nantes,27888.65,MIDDLE
3282,Nicolas,Lefebvre,15396639191187,Paris,71852.95,SENIOR
3283,Thomas,Martin,10444102001180,Nantes,64167.2,SENIOR
3284,Jean,Laurent,92769572993675,Lille,33434.33,MIDDLE
3285,Jean,Moreau,47403911470730,Paris,55565.59,SENIOR
3286,Nicolas,Girard,34888110402651,Lille,85063.92,MASTER
3287,Chloé,Dupont,83515004712663,Paris,24041.5,MIDDLE
3288,Camille,Dupont,93989256275517,Lille,61917.2,SENIOR
3289,Thomas,Martin,58670901064011,Lille,52567.81,SENIOR
3290,Nicolas,Girard,18527702637160,Paris,49922.53,SENIOR
3291,Lucas,Dupont,22843834602219,Paris,68884.38,SENIOR
3292,Nicolas,Martin,40575123504469,Nantes,76869.35,MASTER
3293,Thomas,Moreau,24106739918376,Lille,69790.8,SENIOR
3294,Chloé,Laurent,42772593143297,Lyon,16877.98,JUNIOR
3296,Jean,Dupont,87727516013272,Lille,19114.85,JUNIOR
3297,Marie,Lefebvre,96723584388549,Marseille,30356.96,MIDDLE
3298,Chloé,Martin,48515714052193,Marseille,83510.64,MASTER
3299,Nicolas,Moreau,86561073964754,Paris,42129.64,MIDDLE
3300,Lucas,Martin,58734202599142,Paris,21361.09,MIDDLE
3301,Marie,Moreau,30099849830596,Marseille,73874.27,SENIOR
3302,Jean,Lefebvre,58612516462901,Nantes,49227.36,SENIOR
3303,Chloé,Martin,15799242080349,Nantes,55112.04,SENIOR
3304,Thomas,Dupont,69450922769445,Nantes,25434.89,MIDDLE
3305,Chloé,Dupont,40951837210408,Nantes,29913.32,MIDDLE
3306,Marie,Moreau,12093299257050,Bordeaux,29844.07,MIDDLE
3307,Marie,Moreau,18665718268268,Paris,39697.16,MIDDLE
3308,Camille,Lefebvre,95086329037508,Marseille,68585.35,SENIOR
3309,Jean,Laurent,17602123200439,Lille,23668.14,MIDDLE
3310,Nicolas,Laurent,97750826327013,Nantes,56088.6,SENIOR
3311,Thomas,Laurent,66717524809494,Bordeaux,59712.3,SENIOR
3312,Thomas,Lefebvre,54652055049864,Marseille,30609.06,MIDDLE
3315,Jean,Moreau,18324585928331,Lyon,26009.78,MIDDLE
3316,Thomas,Dupont,41773265293324,Marseille,73120.98,SENIOR
3317,Nicolas,Martin,59924445626444,Paris,80594.53,MASTER
3318,Thomas,Girard,58969861102189,Bordeaux,58956.82,SENIOR
3320,Jean,Lefebvre,68560636388088,Bordeaux,88298.4,MASTER
3321,Chloé,Moreau,34695749030378,Lyon,61399.69,SENIOR
3322,Lucas,Girard,81177731600828,Paris,75296.72,MASTER
3323,Thomas,Dupont,11834801840132,Paris,25151.96,MIDDLE
3324,Camille,Lefebvre,86192412888610,Nantes,61338.94,SENIOR
3325,Jean,Martin,42900914106237,Nantes,70246.81,SENIOR
3326,Thomas,Dupont,80938503149780,Marseille,27288.58,MIDDLE
3329,Nicolas,Martin,94512838024036,Bordeaux,18954.92,JUNIOR
3330,Nicolas,Lefebvre,96918705987879,Bordeaux,15005.83,JUNIOR
3331,Chloé,Laurent,65614228385508,Lyon,76585.48,MASTER
3332,Jean,Lefebvre,89433612529480,Lyon,80377.34,MASTER
3333,Thomas,Laurent,62603144345587,Bordeaux,74027.81,SENIOR
3334,Lucas,Lefebvre,45595682110895,Marseille,78714.13,MASTER
3335,Lucas,Dupont,31843022060543,Paris,85753.65,MASTER
3336,Thomas,Martin,61697945687319,Lyon,63488.42,SENIOR
3337,Camille,Girard,23179317527231,Bordeaux,21747.65,MIDDLE
3338,Lucas,Moreau,35061767526017,Paris,23481.84,MIDDLE
3340,Jean,Martin,63183983317401,Paris,81575.29,MASTER
3341,Lucas,Martin,44813047140574,Paris,15397.59,JUNIOR
3342,Nicolas,Dupont,51358002539152,Paris,76539.27,MASTER
3343,Camille,Laurent,52020980138974,Nantes,51478.55,SENIOR
3344,Marie,Lefebvre,26582038627005,Marseille,38664.69,MIDDLE
3345,Chloé,Lefebvre,43793902157876,Lille,66232.77,SENIOR
3346,Nicolas,Laurent,64714821693965,Nantes,38759.28,MIDDLE
3347,Jean,Laurent,56443230371438,Marseille,74111.78,SENIOR
3348,Thomas,Moreau,43052998053814,Nantes,48007.49,SENIOR
3349,Nicolas,Laurent,63588431970921,Lyon,35281.33,MIDDLE
3351,Nicolas,Lefebvre,19258047092848,Bordeaux,18767.07,JUNIOR
3352,Nicolas,Moreau,90673027313623,Paris,34738.15,MIDDLE
3353,Nicolas,Martin,81406440685197,Lyon,44698.89,MIDDLE
3354,Lucas,Girard,27823498128207,Bordeaux,80505.67,MASTER
3355,Thomas,Lefebvre,25938366673479,Nantes,55172.62,SENIOR
3356,Camille,Girard,21717902796844,Marseille,42300.85,MIDDLE
3357,Camille,Dupont,22275853992827,Lille,77465.82,MASTER
3358,Lucas,Moreau,23017799418172,Lille,36014.84,MIDDLE
3359,Lucas,Girard,36228927987276,Paris,55773.31,SENIOR
3360,Lucas,Laurent,96618384035937,Paris,51679.79,SENIOR
3361,Jean,Laurent,52558944464891,Paris,15953.39,JUNIOR
3362,Lucas,Laurent,85403520495244,Marseille,61655.62,SENIOR
3363,Thomas,Lefebvre,16128444793858,Paris,80332.33,MASTER
3364,Marie,Laurent,96673236847839,Lyon,50865.21,SENIOR
3365,Marie,Girard,18648532203236,Marseille,24647.07,MIDDLE
3366,Thomas,Girard,22329402513164,Bordeaux,44663.23,MIDDLE
3367,Marie,Girard,95193991295071,Bordeaux,34767.64,MIDDLE
3369,Thomas,Girard,82042331193053,Marseille,50370.81,SENIOR
3370,Nicolas,Dupont,48316596978376,Lyon,62916.75,SENIOR
3371,Camille,Dupont,61775222061363,Nantes,23373.23,MIDDLE
3372,Camille,Dupont,86107720715712,Lille,26709.66,MIDDLE
3373,Lucas,Lefebvre,28082884429657,Marseille,76510.64,MASTER
3374,Thomas,Moreau,13045244853726,Lyon,80379.09,MASTER
3375,Lucas,Laurent,17987601297784,Nantes,38782.86,MIDDLE
3376,Nicolas,Lefebvre,17571796297019,Lille,43423.81,MIDDLE
3379,Camille,Dupont,96814342259610,Nantes,80282.79,MASTER
3380,Nicolas,Girard,35320547756098,Marseille,43195.43,MIDDLE
3381,Nicolas,Girard,51049467164777,Nantes,60248.28,SENIOR
3382,Lucas,Lefebvre,84174512946670,Nantes,16737.23,JUNIOR
3383,Camille,Girard,40746817411321,Lille,68608.35,SENIOR
3384,Camille,Moreau,87504102309795,Lyon,24973.71,MIDDLE
3385,Marie,Dupont,11598247155501,Lille,81890.62,MASTER
3386,Marie,Dupont,85710901595614,Bordeaux,76340.05,MASTER
3387,Thomas,Martin,10291160629229,Lyon,69986.14,SENIOR
3388,Chloé,Laurent,41592025279508,Lyon,28401.22,MIDDLE
3389,Thomas,Laurent,13128027673685,Lille,35354.21,MIDDLE
3390,Marie,Moreau,53308558442752,Nantes,83194.85,MASTER
3391,Thomas,Lefebvre,60330717300061,Nantes,67601.19,SENIOR
3392,Jean,Lefebvre,49737148392047,Paris,61239.6,SENIOR
3394,Marie,Martin,14416491797386,Bordeaux,37619.18,MIDDLE
3396,Camille,Dupont,11794043853544,Paris,54612.43,SENIOR
3397,Marie,Laurent,44918459929686,Lille,24245.58,MIDDLE
3398,Marie,Martin,50556363450335,Marseille,66217.74,SENIOR
3399,Camille,Moreau,83212482992154,Paris,20802.76,MIDDLE
3400,Jean,Dupont,89097556046038,Bordeaux,68472.05,SENIOR
3401,Marie,Dupont,97870549434371,Marseille,33656.82,MIDDLE
3402,Camille,Laurent,32232916244417,Marseille,52296.32,SENIOR
3403,Camille,Moreau,82615095257797,Marseille,27998.48,MIDDLE
3404,Jean,Laurent,13989763800509,Marseille,41287.42,MIDDLE
3405,Jean,Martin,20374831558818,Lille,58170.27,SENIOR
3406,Nicolas,Laurent,20942119637735,Bordeaux,28773.17,MIDDLE
3407,Marie,Girard,13856748017657,Lille,64343.15,SENIOR
3408,Nicolas,Lefebvre,54492334601304,Nantes,88547.75,MASTER
3409,Chloé,Lefebvre,84836803503491,Nantes,73964.17,SENIOR
3410,Thomas,Moreau,99038883533178,Lille,47533.0,SENIOR
3411,Nicolas,Dupont,91029949290465,Marseille,89345.36,MASTER
3412,Jean,Lefebvre,92085620372329,Bordeaux,42403.35,MIDDLE
3413,Thomas,Laurent,55124136349632,Bordeaux,36688.18,MIDDLE
3414,Thomas,Moreau,10472819987184,Bordeaux,24721.9,MIDDLE
3415,Nicolas,Moreau,16274254682011,Lyon,84395.05,MASTER
3416,Nicolas,Martin,60782777747777,Nantes,36924.81,MIDDLE
3418,Camille,Lefebvre,60780786087126,Nantes,18134.15,JUNIOR
3419,Thomas,Moreau,64260618961147,Lille,24732.63,MIDDLE
3420,Chloé,Lefebvre,19609807246225,Bordeaux,27713.08,MIDDLE
3421,Chloé,Lefebvre,12360785111333,Nantes,41790.59,MIDDLE
3422,Camille,Girard,39874226237482,Paris,28728.38,MIDDLE
3423,Marie,Dupont,24049806086070,Lille,33988.95,MIDDLE
3424,Jean,Martin,82956096803653,Nantes,40380.53,MIDDLE
3425,Camille,Dupont,25813902812616,Bordeaux,68006.8,SENIOR
3426,Thomas,Lefebvre,20894623179326,Nantes,18493.46,JUNIOR
3427,Chloé,Lefebvre,41328677470929,Lyon,52247.38,SENIOR
3428,Camille,Moreau,33784710428607,Lille,47780.77,SENIOR
3429,Marie,Laurent,15791543410463,Marseille,75392.94,MASTER
3430,Nicolas,Laurent,13075540805544,Nantes,17035.46,JUNIOR
3432,Lucas,Lefebvre,65594533210661,Lille,20991.67,MIDDLE
3433,Lucas,Laurent,89840745133906,Lille,85739.97,MASTER
3434,Jean,Lefebvre,62211109719231,Nantes,25600.78,MIDDLE
3435,Lucas,Lefebvre,89885355424739,Paris,67782.29,SENIOR
3436,Lucas,Girard,33606397003238,Nantes,77492.65,MASTER
3437,Jean,Moreau,30393837487277,Bordeaux,64374.79,SENIOR
3438,Lucas,Lefebvre,30942647685887,Bordeaux,19196.68,JUNIOR
3439,Chloé,Moreau,41193581195789,Paris,81063.99,MASTER
3440,Lucas,Girard,49173684050138,Lyon,19629.85,JUNIOR
3441,Camille,Laurent,31568232248464,Lille,84593.45,MASTER
3442,Marie,Dupont,85482213556036,Bordeaux,27216.04,MIDDLE
3443,Thomas,Girard,26910979413261,Lille,42220.6,MIDDLE
3444,Lucas,Dupont,34604978424601,Nantes,55275.62,SENIOR
3445,Camille,Martin,85319467127084,Nantes,42408.12,MIDDLE
3446,Jean,Laurent,30192964863160,Bordeaux,57979.77,SENIOR
3447,Marie,Lefebvre,91869721697792,Paris,16800.33,JUNIOR
3448,Marie,Laurent,93977290677134,Bordeaux,72095.08,SENIOR
3449,Chloé,Moreau,66952077198268,Lyon,67510.0,SENIOR
3450,Marie,Girard,12460774082257,Paris,82452.33,MASTER
3451,Nicolas,Lefebvre,95228305074816,Marseille,35769.99,MIDDLE
3452,Chloé,Martin,51092177893765,Marseille,52113.6,SENIOR
3453,Camille,Martin,94210952266563,Paris,49605.78,SENIOR
3454,Nicolas,Lefebvre,86941077225587,Lille,38356.53,MIDDLE
3455,Thomas,Girard,25849148417133,Bordeaux,88682.86,MASTER
3456,Chloé,Dupont,15925543516564,Marseille,83619.58,MASTER
3457,Chloé,Martin,53057458869486,Lyon,78478.36,MASTER
3458,Jean,Martin,49186104097939,Lille,70469.54,SENIOR
3459,Thomas,Martin,94248792714730,Lyon,62290.17,SENIOR
3461,Chloé,Moreau,29463063501369,Nantes,51969.03,SENIOR
3463,Marie,Moreau,84784764609894,Paris,78969.39,MASTER
3464,Lucas,Lefebvre,32501248441064,Lyon,70635.52,SENIOR
3465,Marie,Lefebvre,25548122374876,Bordeaux,47131.1,SENIOR
3466,Camille,Laurent,63332506201712,Nantes,30151.7,MIDDLE
3468,Chloé,Moreau,25541308325433,Paris,31316.65,MIDDLE
3469,Lucas,Moreau,15082003412833,Lille,88841.96,MASTER
3470,Camille,Martin,17551215779318,Lille,77137.55,MASTER
3471,Thomas,Lefebvre,33166355449850,Lille,42514.64,MIDDLE
3472,Marie,Lefebvre,24213831201846,Bordeaux,15132.57,JUNIOR
3473,Thomas,Lefebvre,14763439093552,Lyon,60220.26,SENIOR
3475,Chloé,Moreau,96342872975177,Marseille,49206.21,SENIOR
3477,Nicolas,Laurent,69836068409303,Nantes,33346.19,MIDDLE
3478,Thomas,Laurent,19496639782474,Lille,52463.27,SENIOR
3479,Chloé,Martin,25661970303400,Bordeaux,74347.16,SENIOR
3480,Thomas,Lefebvre,94887315483369,Marseille,16400.09,JUNIOR
3482,Marie,Martin,19246938186212,Lyon,71883.91,SENIOR
3483,Lucas,Moreau,49592369561638,Bordeaux,27161.16,MIDDLE
3484,Thomas,Girard,35500727152718,Paris,82698.77,MASTER
3485,Chloé,Girard,14649860920754,Nantes,56612.1,SENIOR
3486,Nicolas,Girard,19562332684287,Bordeaux,62188.54,SENIOR
3487,Jean,Lefebvre,66604968510739,Lille,40603.09,MIDDLE
3488,Nicolas,Girard,46353805345712,Nantes,57401.03,SENIOR
3489,Jean,Moreau,84043976940030,Marseille,36082.29,MIDDLE
3491,Thomas,Girard,69018946640962,Lyon,15302.78,JUNIOR
3492,Marie,Lefebvre,19747883449752,Bordeaux,29845.81,MIDDLE
3493,Thomas,Laurent,32484543150375,Nantes,17114.88,JUNIOR
3494,Marie,Moreau,91048994100899,Paris,80927.1,MASTER
3495,Nicolas,Laurent,66403097216711,Lille,76090.31,MASTER
3496,Lucas,Lefebvre,66766534731248,Bordeaux,37504.33,MIDDLE
3497,Thomas,Lefebvre,31875074799053,Paris,44534.05,MIDDLE
3498,Chloé,Girard,67695496398896,Lyon,66794.7,SENIOR
3499,Thomas,Dupont,47570674166187,Marseille,44609.69,MIDDLE
3500,Lucas,Martin,33465034913233,Lille,41519.61,MIDDLE
3501,Thomas,Martin,34528174404219,Paris,16667.94,JUNIOR
3502,Thomas,Martin,57734886209844,Nantes,34754.81,MIDDLE
3503,Chloé,Moreau,65474371233409,Paris,57944.5,SENIOR
3504,Lucas,Moreau,69324437111208,Lille,24134.19,MIDDLE
3505,Jean,Dupont,10561894506813,Bordeaux,88008.67,MASTER
3506,Nicolas,Laurent,10107428066836,Marseille,62845.93,SENIOR
3507,Thomas,Girard,27486201064908,Lyon,62881.94,SENIOR
3508,Chloé,Moreau,99832540614247,Nantes,64888.54,SENIOR
3509,Chloé,Moreau,65869280636709,Nantes,62509.12,SENIOR
3510,Camille,Moreau,28694203484545,Lille,31529.29,MIDDLE
3511,Jean,Martin,13848038537798,Paris,35969.84,MIDDLE
3512,Chloé,Girard,15994852850490,Nantes,33673.61,MIDDLE
3513,Lucas,Laurent,40746546150896,Marseille,75999.11,MASTER
3514,Jean,Moreau,27490197967938,Marseille,82225.83,MASTER
3515,Nicolas,Girard,91928902027329,Lille,49082.45,SENIOR
3516,Jean,Lefebvre,82607622497570,Lille,36966.66,MIDDLE
3518,Marie,Laurent,13109580775899,Lille,29598.97,MIDDLE
3520,Marie,Moreau,44809225285910,Bordeaux,36551.55,MIDDLE
3522,Chloé,Lefebvre,19421057001079,Paris,17753.94,JUNIOR
3523,Chloé,Lefebvre,38705260578637,Paris,63406.62,SENIOR
3524,Jean,Laurent,89743291250669,Nantes,81668.84,MASTER
3525,Nicolas,Moreau,17948679910172,Lille,89265.11,MASTER
3526,Camille,Martin,95575851452443,Nantes,64262.92,SENIOR
3528,Thomas,Moreau,80374464257547,Bordeaux,15033.77,JUNIOR
3530,Chloé,Dupont,31696975593258,Bordeaux,22123.35,MIDDLE
3531,Camille,Laurent,15015690532127,Lille,63378.53,SENIOR
3532,Thomas,Girard,43953091150006,Nantes,16688.43,JUNIOR
3535,Nicolas,Laurent,44952691868068,Lyon,26536.8,MIDDLE
3536,Thomas,Girard,56446973981126,Marseille,88937.29,MASTER
3537,Thomas,Moreau,35732826555281,Lyon,64435.26,SENIOR
3538,Thomas,Lefebvre,36091198343426,Lyon,24009.07,MIDDLE
3539,Chloé,Moreau,59934279109555,Lille,72255.43,SENIOR
3540,Camille,Martin,47124345523543,Nantes,61262.35,SENIOR
3541,Thomas,Girard,26088421990388,Nantes,87844.47,MASTER
3542,Chloé,Moreau,69284514278606,Lyon,86837.34,MASTER
3543,Thomas,Dupont,57389687042523,Lille,40966.27,MIDDLE
3544,Lucas,Dupont,66478866193696,Paris,46032.48,SENIOR
3545,Camille,Girard,55253891303032,Lille,31193.16,MIDDLE
3546,Nicolas,Lefebvre,81368164439237,Paris,37437.82,MIDDLE
3547,Chloé,Laurent,60769961480473,Paris,66645.19,SENIOR
3548,Marie,Lefebvre,51092036625310,Paris,30210.69,MIDDLE
3550,Marie,Lefebvre,81379171451999,Marseille,33059.84,MIDDLE
3551,Marie,Martin,42440039749025,Bordeaux,52870.22,SENIOR
3552,Lucas,Girard,30203651033574,Marseille,19937.88,JUNIOR
3553,Lucas,Martin,83056945710699,Paris,86437.29,MASTER
3554,Lucas,Martin,50895550981408,Marseille,48396.07,SENIOR
3555,Chloé,Lefebvre,34102837738964,Paris,34795.15,MIDDLE
3556,Camille,Lefebvre,10276006742714,Marseille,20572.33,MIDDLE
3557,Nicolas,Moreau,31152917867250,Bordeaux,58624.32,SENIOR
3558,Lucas,Martin,66932886522773,Marseille,22190.24,MIDDLE
3559,Camille,Dupont,86424665660779,Paris,49702.64,SENIOR
3560,Thomas,Dupont,49614249634810,Lyon,47849.19,SENIOR
3561,Marie,Dupont,44716425216021,Nantes,79843.88,MASTER
3562,Chloé,Moreau,18747437046706,Nantes,69974.22,SENIOR
3563,Thomas,Girard,32824353103049,Bordeaux,89942.24,MASTER
3564,Chloé,Dupont,60909210521671,Paris,32988.96,MIDDLE
3565,Lucas,Laurent,93939498180951,Nantes,68124.66,SENIOR
3566,Nicolas,Laurent,16673640939647,Nantes,58340.39,SENIOR
3567,Nicolas,Dupont,87554445800351,Lille,67258.27,SENIOR
3568,Thomas,Dupont,40919205452569,Bordeaux,23340.53,MIDDLE
3569,Nicolas,Dupont,28906429719966,Lille,42261.69,MIDDLE
3570,Camille,Girard,31193209995103,Paris,36725.4,MIDDLE
3571,Nicolas,Moreau,82219324759705,Nantes,39924.76,MIDDLE
3573,Jean,Laurent,69415924701779,Bordeaux,60275.36,SENIOR
3574,Lucas,Lefebvre,53732137047343,Lille,63671.2,SENIOR
3575,Lucas,Dupont,62148533611027,Lille,68754.55,SENIOR
3576,Jean,Lefebvre,19931852175325,Paris,56160.74,SENIOR
3577,Nicolas,Martin,35874356222606,Lille,45861.48,SENIOR
3578,Jean,Martin,29941734142707,Paris,64665.29,SENIOR
3579,Lucas,Dupont,37807995751826,Nantes,77835.2,MASTER
3581,Lucas,Dupont,89440315916795,Nantes,24609.99,MIDDLE
3582,Camille,Moreau,14671455131977,Marseille,80351.43,MASTER
3583,Camille,Dupont,51057659267566,Bordeaux,79485.58,MASTER
3584,Lucas,Martin,87411913856716,Bordeaux,40084.4,MIDDLE
3585,Camille,Laurent,84291084212778,Marseille,72206.41,SENIOR
3586,Thomas,Moreau,15704770555780,Lille,73883.13,SENIOR
3587,Nicolas,Lefebvre,90983522092696,Lille,29616.9,MIDDLE
3588,Nicolas,Moreau,40953274741219,Bordeaux,37865.91,MIDDLE
3589,Jean,Lefebvre,42384189003068,Nantes,73799.98,SENIOR
3590,Marie,Moreau,83115161257719,Lille,66487.55,SENIOR
3591,Thomas,Girard,30726770140011,Bordeaux,69642.1,SENIOR
3592,Lucas,Girard,64542203215917,Marseille,71656.05,SENIOR
3593,Jean,Girard,38955917074056,Nantes,80543.18,MASTER
3594,Lucas,Lefebvre,34376187496486,Marseille,20345.14,MIDDLE
3595,Nicolas,Lefebvre,16298768601943,Bordeaux,48445.87,SENIOR
3596,Lucas,Martin,22221046084954,Nantes,71957.84,SENIOR
3597,Nicolas,Martin,23398406333389,Bordeaux,85560.02,MASTER
3598,Camille,Moreau,27388742257836,Bordeaux,43709.84,MIDDLE
3599,Chloé,Laurent,43182354222039,Lyon,62392.53,SENIOR
3600,Lucas,Laurent,37545618839094,Bordeaux,64780.37,SENIOR
3601,Nicolas,Dupont,21882324240820,Nantes,43940.92,MIDDLE
3604,Camille,Laurent,25816107358958,Lille,71344.72,SENIOR
3606,Lucas,Laurent,80195066269536,Nantes,87634.45,MASTER
3607,Lucas,Martin,46072641230924,Paris,29001.95,MIDDLE
3608,Nicolas,Moreau,32153709374382,Lyon,36649.36,MIDDLE
3609,Marie,Lefebvre,89912051284503,Paris,79399.07,MASTER
3610,Chloé,Martin,34358701043602,Nantes,16820.93,JUNIOR
3611,Thomas,Martin,21132040864097,Lyon,87656.28,MASTER
3612,Nicolas,Martin,52755288461540,Lille,69315.32,SENIOR
3613,Marie,Moreau,87889574956352,Lyon,88661.62,MASTER
3614,Nicolas,Dupont,17419321558300,Paris,78089.8,MASTER
3616,Chloé,Laurent,69002680389127,Lyon,37583.12,MIDDLE
3617,Jean,Dupont,83215991176694,Marseille,29172.09,MIDDLE
3619,Jean,Lefebvre,30968280572191,Nantes,44398.47,MIDDLE
3620,Nicolas,Laurent,46393563527570,Lille,20897.49,MIDDLE
3621,Marie,Lefebvre,98838295522864,Nantes,44939.91,MIDDLE
3622,Jean,Laurent,20560338700317,Paris,65215.04,SENIOR
3623,Chloé,Moreau,18236577504996,Nantes,76079.35,MASTER
3624,Marie,Moreau,44938148665776,Bordeaux,52236.54,SENIOR
3625,Camille,Martin,19676688033118,Lyon,23307.97,MIDDLE
3627,Chloé,Moreau,42646111478070,Nantes,25060.69,MIDDLE
3628,Camille,Dupont,17795741881378,Bordeaux,54048.31,SENIOR
3629,Thomas,Laurent,52381973581759,Bordeaux,41882.7,MIDDLE
3630,Lucas,Lefebvre,43428429652405,Paris,38730.17,MIDDLE
3631,Chloé,Martin,17409503865275,Nantes,42933.98,MIDDLE
3632,Jean,Martin,50917788599978,Nantes,89808.88,MASTER
3633,Camille,Laurent,92446577159756,Lille,64343.45,SENIOR
3634,Camille,Laurent,40811174654076,Lyon,30700.98,MIDDLE
3635,Marie,Girard,94309886111592,Lyon,87798.97,MASTER
3636,Chloé,Lefebvre,39143000267685,Marseille,49738.64,SENIOR
3637,Thomas,Laurent,64805958286286,Paris,78635.71,MASTER
3638,Chloé,Laurent,40180236526900,Marseille,61851.24,SENIOR
3639,Chloé,Dupont,98099900050409,Paris,18682.1,JUNIOR
3640,Thomas,Dupont,37034167197344,Marseille,67346.26,SENIOR
3641,Nicolas,Moreau,68731285223539,Marseille,54191.86,SENIOR
3642,Chloé,Moreau,52841412078948,Nantes,15106.31,JUNIOR
3644,Lucas,Martin,60565976301325,Bordeaux,42716.35,MIDDLE
3645,Lucas,Lefebvre,33958584973126,Paris,38648.54,MIDDLE
3646,Nicolas,Moreau,60920586059209,Lyon,51203.2,SENIOR
3647,Nicolas,Laurent,98329334515530,Lyon,83775.46,MASTER
3648,Lucas,Lefebvre,93672976928218,Nantes,71702.04,SENIOR
3649,Thomas,Laurent,47638472249925,Marseille,30415.26,MIDDLE
3650,Thomas,Lefebvre,11073786477511,Marseille,41276.61,MIDDLE
3651,Nicolas,Girard,17791282679790,Lille,66042.54,SENIOR
3653,Thomas,Dupont,95457992478754,Paris,32789.65,MIDDLE
3654,Jean,Girard,93056018895233,Lille,73237.96,SENIOR
3655,Thomas,Lefebvre,55429588927139,Lille,79747.23,MASTER
3657,Chloé,Moreau,30299934356751,Marseille,18825.15,JUNIOR
3659,Jean,Dupont,84339426875675,Lille,52144.13,SENIOR
3660,Chloé,Lefebvre,18011240643655,Lille,20192.01,MIDDLE
3661,Chloé,Dupont,82792090795577,Lille,32259.18,MIDDLE
3662,Thomas,Dupont,40686586718004,Nantes,72378.16,SENIOR
3663,Nicolas,Martin,92303789289523,Nantes,28891.56,MIDDLE
3664,Thomas,Lefebvre,48595270794995,Marseille,82835.72,MASTER
3665,Camille,Moreau,32001582976059,Bordeaux,37793.98,MIDDLE
3666,Thomas,Moreau,32728554144793,Bordeaux,29658.21,MIDDLE
3667,Nicolas,Laurent,14302445667575,Nantes,41977.74,MIDDLE
3668,Thomas,Dupont,43911241672027,Bordeaux,80802.33,MASTER
3669,Marie,Lefebvre,90433686829852,Lyon,88400.43,MASTER
3670,Thomas,Girard,99528979947840,Lyon,67728.84,SENIOR
3671,Camille,Laurent,19339808843165,Lille,50332.33,SENIOR
3672,Camille,Martin,50241969700444,Paris,86225.17,MASTER
3673,Marie,Lefebvre,43180847849465,Nantes,87274.06,MASTER
3674,Chloé,Martin,65474382301615,Marseille,68741.71,SENIOR
3675,Jean,Moreau,85681480421983,Paris,43713.22,MIDDLE
3676,Jean,Laurent,28726270373036,Lyon,44184.98,MIDDLE
3677,Lucas,Dupont,92389821358589,Paris,59243.03,SENIOR
3678,Thomas,Lefebvre,35720125203490,Lille,43801.67,MIDDLE
3679,Lucas,Martin,23831147530942,Nantes,70320.36,SENIOR
3680,Marie,Girard,59938194177021,Lille,79561.51,MASTER
3681,Jean,Moreau,31602063426040,Bordeaux,55084.87,SENIOR
3682,Camille,Lefebvre,61296845052236,Nantes,19953.63,JUNIOR
3683,Nicolas,Dupont,54126463898135,Paris,89488.86,MASTER
3684,Jean,Martin,94558440328626,Nantes,56158.12,SENIOR
3685,Chloé,Laurent,83769150837468,Bordeaux,86171.19,MASTER
3687,Marie,Lefebvre,25595816408879,Paris,64998.74,SENIOR
3688,Thomas,Laurent,89071146819836,Marseille,17519.67,JUNIOR
3689,Nicolas,Lefebvre,64167995765156,Paris,29536.37,MIDDLE
3690,Camille,Girard,80021128232278,Lille,23438.91,MIDDLE
3691,Jean,Moreau,67255482373307,Nantes,52607.41,SENIOR
3692,Chloé,Laurent,56400190728536,Lyon,38830.64,MIDDLE
3693,Lucas,Girard,39835106131228,Paris,66525.86,SENIOR
3694,Nicolas,Dupont,93375007436004,Nantes,30940.24,MIDDLE
3695,Camille,Girard,42546763271551,Paris,72552.39,SENIOR
3696,Jean,Laurent,33504199850483,Lyon,62163.16,SENIOR
3697,Lucas,Lefebvre,99943993835151,Paris,15608.88,JUNIOR
3698,Thomas,Martin,14988951753718,Nantes,58817.46,SENIOR
3699,Thomas,Dupont,68920790119380,Marseille,50775.33,SENIOR
3700,Nicolas,Laurent,80170856551977,Nantes,49224.4,SENIOR
3701,Chloé,Dupont,90957854924650,Lille,45784.56,SENIOR
3702,Marie,Laurent,34234512061723,Lyon,17978.9,JUNIOR
3703,Lucas,Laurent,42535939693851,Lyon,48793.35,SENIOR
3704,Jean,Laurent,15872068601824,Marseille,41163.23,MIDDLE
3705,Nicolas,Laurent,98040380908837,Marseille,71765.14,SENIOR
3706,Marie,Dupont,37401794166579,Nantes,53142.78,SENIOR
3707,Thomas,Martin,32015211458749,Paris,49877.25,SENIOR
3708,Jean,Laurent,53254364871591,Lille,37761.13,MIDDLE
3709,Chloé,Laurent,14831477627636,Nantes,58068.63,SENIOR
3712,Thomas,Girard,91026273273364,Lyon,62193.33,SENIOR
3714,Jean,Girard,83021149760132,Lyon,41251.81,MIDDLE
3715,Marie,Dupont,54887646190122,Nantes,41505.79,MIDDLE
3716,Nicolas,Dupont,82193723843655,Paris,29984.56,MIDDLE
3717,Nicolas,Martin,17115009048460,Nantes,88487.65,MASTER
3718,Thomas,Laurent,44206836715008,Lyon,30932.44,MIDDLE
3719,Jean,Moreau,96188845752304,Paris,79539.07,MASTER
3720,Nicolas,Dupont,29199895189305,Lyon,58952.78,SENIOR
3721,Jean,Martin,19106579272268,Nantes,85360.62,MASTER
3722,Lucas,Lefebvre,85037876064503,Bordeaux,47945.59,SENIOR
3723,Thomas,Lefebvre,31945192036491,Bordeaux,56428.03,SENIOR
3724,Chloé,Laurent,90598733060700,Lille,18695.86,JUNIOR
3725,Lucas,Moreau,81330945679809,Marseille,61789.83,SENIOR
3726,Camille,Lefebvre,56649594702004,Bordeaux,19517.54,JUNIOR
3727,Nicolas,Dupont,41029604635058,Lille,23564.17,MIDDLE
3728,Thomas,Girard,62669244036291,Bordeaux,58396.06,SENIOR
3729,Nicolas,Girard,11788804022953,Lille,20909.0,MIDDLE
3730,Marie,Dupont,64969573096836,Lyon,56215.87,SENIOR
3731,Jean,Martin,90859762701268,Lyon,72691.04,SENIOR
3732,Nicolas,Martin,33111420538106,Bordeaux,56420.9,SENIOR
3733,Jean,Girard,84768283236401,Lyon,51702.29,SENIOR
3734,Lucas,Laurent,51663375399902,Marseille,58929.94,SENIOR
3735,Marie,Dupont,43602472524008,Paris,36662.73,MIDDLE
3738,Nicolas,Moreau,96322633969283,Paris,74784.15,SENIOR
3739,Marie,Lefebvre,83812183521661,Bordeaux,59695.72,SENIOR
3740,Marie,Martin,59669825456841,Lyon,41327.49,MIDDLE
3741,Marie,Lefebvre,98091076634135,Nantes,68993.98,SENIOR
3742,Lucas,Girard,85588869346051,Bordeaux,40126.19,MIDDLE
3743,Nicolas,Dupont,53808748581287,Lille,65431.53,SENIOR
3744,Lucas,Laurent,82244757353598,Paris,64799.04,SENIOR
3745,Jean,Moreau,58503977618057,Lyon,32327.35,MIDDLE
3746,Marie,Martin,87081496464829,Marseille,82075.07,MASTER
3747,Thomas,Lefebvre,48174976681080,Marseille,20291.11,MIDDLE
3749,Lucas,Moreau,55092055733519,Marseille,23787.38,MIDDLE
3750,Jean,Lefebvre,99314734096708,Paris,72693.75,SENIOR
3751,Camille,Laurent,12929216383122,Lille,48108.35,SENIOR
3752,Thomas,Lefebvre,42876342360829,Paris,17900.53,JUNIOR
3753,Camille,Martin,98551383951598,Marseille,18176.46,JUNIOR
3754,Jean,Laurent,45860540483634,Paris,73663.45,SENIOR
3755,Thomas,Moreau,33203253362067,Lyon,72065.61,SENIOR
3756,Marie,Girard,21232256221887,Lille,45414.96,SENIOR
3757,Camille,Laurent,56284446063306,Paris,42890.13,MIDDLE
3759,Camille,Girard,82791707427495,Paris,84684.23,MASTER
3760,Camille,Dupont,16347764753155,Lyon,56012.35,SENIOR
3761,Camille,Dupont,99278326847947,Lyon,29302.32,MIDDLE
3762,Marie,Moreau,13598068017548,Marseille,39081.36,MIDDLE
3763,Nicolas,Martin,10971195970169,Bordeaux,88607.25,MASTER
3764,Camille,Girard,58854927100145,Paris,70540.07,SENIOR
3765,Nicolas,Girard,83649303480978,Bordeaux,53982.67,SENIOR
3766,Lucas,Laurent,48164169354975,Nantes,83188.8,MASTER
3768,Jean,Girard,47223178643936,Marseille,23869.76,MIDDLE
3769,Thomas,Laurent,27895406992944,Bordeaux,23532.78,MIDDLE
3770,Lucas,Martin,28112085228661,Bordeaux,60053.19,SENIOR
3771,Nicolas,Moreau,59550345982923,Bordeaux,16203.14,JUNIOR
3772,Marie,Moreau,37974303656891,Bordeaux,84491.84,MASTER
3773,Nicolas,Martin,23108165650758,Paris,66119.8,SENIOR
3774,Camille,Girard,38872268437496,Nantes,40876.96,MIDDLE
3775,Chloé,Girard,84720899749454,Bordeaux,44425.84,MIDDLE
3776,Chloé,Lefebvre,16696495298399,Paris,54577.3,SENIOR
3777,Thomas,Laurent,45112223214916,Bordeaux,77965.89,MASTER
3780,Camille,Girard,57999455622023,Paris,81918.31,MASTER
3781,Marie,Laurent,66393069860184,Marseille,62726.51,SENIOR
3782,Chloé,Lefebvre,17217697754355,Lille,80075.88,MASTER
3783,Camille,Moreau,51143046870994,Nantes,43717.7,MIDDLE
3784,Nicolas,Laurent,16457940467606,Marseille,27253.74,MIDDLE
3785,Chloé,Dupont,27476823668165,Bordeaux,76560.31,MASTER
3787,Lucas,Laurent,98095395101408,Bordeaux,87241.24,MASTER
3789,Camille,Lefebvre,36597362031666,Bordeaux,65223.32,SENIOR
3790,Camille,Girard,80008987945372,Lille,62901.46,SENIOR
3792,Nicolas,Moreau,27462340313253,Nantes,34703.76,MIDDLE
3793,Jean,Girard,84980929322142,Marseille,60657.58,SENIOR
3794,Nicolas,Girard,14303771575921,Nantes,43772.82,MIDDLE
3796,Marie,Martin,65652670696848,Lyon,46136.18,SENIOR
3797,Camille,Laurent,48642272988549,Lille,70520.03,SENIOR
3798,Lucas,Martin,53676578813981,Nantes,29274.18,MIDDLE
3799,Chloé,Laurent,98511454514442,Paris,28619.55,MIDDLE
3800,Camille,Dupont,39548380178778,Marseille,32598.58,MIDDLE
3801,Nicolas,Martin,22451413131154,Lille,69068.87,SENIOR
3802,Lucas,Lefebvre,85846040864620,Lyon,20177.57,MIDDLE
3803,Lucas,Girard,88263999450010,Lille,16212.5,JUNIOR
3804,Thomas,Laurent,86848149296019,Marseille,15829.29,JUNIOR
3805,Camille,Dupont,92526117338682,Paris,43597.36,MIDDLE
3806,Jean,Dupont,88986347960887,Paris,81567.45,MASTER
3807,Camille,Martin,49875142104515,Paris,40833.69,MIDDLE
3808,Nicolas,Martin,31874092892193,Bordeaux,79387.77,MASTER
3809,Thomas,Moreau,55378476840598,Lyon,84689.67,MASTER
3811,Lucas,Moreau,50663194140609,Bordeaux,89104.29,MASTER
3812,Chloé,Laurent,31575445383608,Lyon,41607.87,MIDDLE
3813,Jean,Laurent,50732772614921,Paris,27328.9,MIDDLE
3815,Lucas,Lefebvre,80586812843275,Marseille,70311.01,SENIOR
3816,Chloé,Martin,91767295489751,Marseille,19658.97,JUNIOR
3817,Lucas,Moreau,46885274856650,Marseille,53371.53,SENIOR
3818,Chloé,Lefebvre,18357491700410,Nantes,31409.41,MIDDLE
3819,Lucas,Dupont,34404792219579,Paris,52874.91,SENIOR
3820,Thomas,Laurent,62887540840541,Lille,66118.76,SENIOR
3821,Chloé,Martin,58551281277056,Lille,62001.47,SENIOR
3822,Camille,Moreau,37168311151268,Bordeaux,34902.13,MIDDLE
3823,Marie,Dupont,87976015963960,Bordeaux,85631.82,MASTER
3824,Chloé,Moreau,46589543174732,Lille,16176.53,JUNIOR
3825,Thomas,Lefebvre,35502823576902,Lille,51495.66,SENIOR
3826,Chloé,Girard,28984242747048,Lille,19902.28,JUNIOR
3827,Marie,Girard,13697121122764,Lyon,71740.32,SENIOR
3828,Camille,Girard,42322673112170,Bordeaux,88979.58,MASTER
3829,Camille,Dupont,39143912503454,Lille,57105.35,SENIOR
3831,Jean,Lefebvre,34945684832608,Nantes,61027.82,SENIOR
3832,Chloé,Girard,95423659157846,Nantes,69747.97,SENIOR
3833,Lucas,Lefebvre,54507228092359,Nantes,63003.59,SENIOR
3834,Thomas,Moreau,42679677457064,Marseille,37434.24,MIDDLE
3835,Thomas,Moreau,43855218899797,Bordeaux,19419.66,JUNIOR
3836,Nicolas,Lefebvre,37277116381034,Paris,62004.72,SENIOR
3838,Lucas,Dupont,92441555820147,Marseille,61596.37,SENIOR
3840,Jean,Girard,46272439465485,Lyon,71339.46,SENIOR
3841,Marie,Girard,25354108221305,Marseille,17095.98,JUNIOR
3842,Jean,Moreau,95212267765742,Paris,20252.46,MIDDLE
3844,Nicolas,Moreau,17010118145502,Bordeaux,39278.07,MIDDLE
3845,Chloé,Lefebvre,50662628237904,Marseille,61550.85,SENIOR
3846,Jean,Martin,29339664473034,Paris,44955.73,MIDDLE
3847,Lucas,Dupont,51572764628266,Marseille,82301.33,MASTER
3848,Lucas,Dupont,51906182886625,Bordeaux,62633.62,SENIOR
3849,Chloé,Martin,31194212194574,Marseille,61731.23,SENIOR
3850,Nicolas,Moreau,21000100358546,Marseille,64815.25,SENIOR
3851,Thomas,Moreau,83768209417142,Nantes,86786.68,MASTER
3853,Marie,Laurent,33044325904876,Marseille,36722.77,MIDDLE
3854,Marie,Dupont,61465098847242,Marseille,50068.23,SENIOR
3855,Nicolas,Martin,16499391857008,Paris,36740.47,MIDDLE
3856,Lucas,Lefebvre,38186678874234,Lyon,20111.48,MIDDLE
3857,Nicolas,Moreau,23774210542636,Lyon,45825.27,SENIOR
3858,Nicolas,Martin,92337781399755,Nantes,61558.31,SENIOR
3859,Thomas,Moreau,33854060216401,Lille,70899.01,SENIOR
3860,Camille,Girard,26980248036510,Nantes,35289.9,MIDDLE
3861,Chloé,Lefebvre,86083785088701,Paris,30229.59,MIDDLE
3862,Chloé,Laurent,57093631894020,Marseille,22560.14,MIDDLE
3863,Nicolas,Lefebvre,52446501036133,Nantes,21498.92,MIDDLE
3864,Jean,Lefebvre,32882737497707,Lyon,89724.45,MASTER
3865,Lucas,Moreau,23341204316459,Paris,41743.95,MIDDLE
3866,Nicolas,Laurent,39959404624874,Lyon,52066.79,SENIOR
3868,Lucas,Laurent,31335249817637,Marseille,22223.68,MIDDLE
3869,Chloé,Martin,95012402129080,Nantes,19793.42,JUNIOR
3870,Camille,Martin,57709548334514,Paris,27425.32,MIDDLE
3872,Thomas,Lefebvre,96513173097126,Lyon,21669.24,MIDDLE
3873,Jean,Martin,30222151186069,Paris,54218.2,SENIOR
3874,Marie,Lefebvre,52192577454054,Marseille,69347.7,SENIOR
3875,Marie,Laurent,12805879997239,Lille,54533.65,SENIOR
3876,Nicolas,Girard,92878027725539,Nantes,59514.84,SENIOR
3877,Camille,Laurent,82911560642576,Lille,43512.55,MIDDLE
3878,Lucas,Moreau,38692893326092,Nantes,88195.09,MASTER
3879,Lucas,Martin,57683386470381,Lyon,84895.52,MASTER
3880,Lucas,Moreau,65912773587348,Lille,88482.05,MASTER
3881,Lucas,Girard,86251279276473,Marseille,22516.07,MIDDLE
3882,Marie,Moreau,38113364368382,Bordeaux,81138.67,MASTER
3883,Thomas,Martin,19720078306885,Bordeaux,79264.98,MASTER
3885,Marie,Dupont,97451984964333,Nantes,32702.39,MIDDLE
3886,Jean,Lefebvre,10660448592832,Bordeaux,57037.14,SENIOR
3887,Marie,Lefebvre,58225313669527,Nantes,38993.84,MIDDLE
3888,Thomas,Dupont,28049309239683,Lyon,79596.01,MASTER
3892,Chloé,Martin,52071201460369,Marseille,55057.63,SENIOR
3893,Thomas,Laurent,82933189538256,Lyon,75153.22,MASTER
3894,Nicolas,Dupont,61072750269742,Marseille,88905.23,MASTER
3896,Chloé,Dupont,28222451310305,Bordeaux,73384.83,SENIOR
3897,Chloé,Laurent,63940970081293,Nantes,35375.16,MIDDLE
3898,Nicolas,Moreau,85615476968545,Bordeaux,72533.5,SENIOR
3899,Jean,Lefebvre,11017719025669,Nantes,61910.25,SENIOR
3900,Lucas,Laurent,56736897801502,Lille,86543.08,MASTER
3901,Nicolas,Girard,51902117643403,Bordeaux,40126.3,MIDDLE
3902,Nicolas,Laurent,82081130338754,Nantes,53189.23,SENIOR
3903,Camille,Laurent,88669375929942,Lyon,61070.69,SENIOR
3905,Chloé,Laurent,21078121171466,Lille,65628.59,SENIOR
3906,Lucas,Moreau,98218933374630,Lyon,64594.28,SENIOR
3908,Lucas,Dupont,37951064281890,Nantes,39357.88,MIDDLE
3909,Nicolas,Lefebvre,14038366792766,Lille,37285.17,MIDDLE
3910,Chloé,Lefebvre,59088037059078,Nantes,24647.65,MIDDLE
3911,Nicolas,Dupont,33912840598481,Paris,55647.61,SENIOR
3912,Jean,Lefebvre,26960041553700,Marseille,40717.01,MIDDLE
3913,Chloé,Moreau,45287025859157,Nantes,33447.95,MIDDLE
3914,Lucas,Moreau,22203442304886,Bordeaux,79113.93,MASTER
3915,Nicolas,Lefebvre,32507273985873,Paris,42633.82,MIDDLE
3916,Thomas,Girard,82565406406356,Lyon,51465.16,SENIOR
3918,Jean,Moreau,37928030252260,Nantes,65894.64,SENIOR
3919,Camille,Laurent,81269736440648,Lyon,59985.82,SENIOR
3921,Jean,Martin,29826244321851,Nantes,82446.29,MASTER
3922,Camille,Lefebvre,51736570579633,Marseille,50580.72,SENIOR
3923,Jean,Dupont,95036288477804,Paris,71657.49,SENIOR
3924,Chloé,Girard,85387903698208,Paris,24564.72,MIDDLE
3925,Marie,Lefebvre,52014534710507,Paris,36646.71,MIDDLE
3926,Jean,Lefebvre,81993097251008,Paris,26929.43,MIDDLE
3928,Lucas,Lefebvre,89142150577746,Bordeaux,46904.41,SENIOR
3930,Thomas,Moreau,27421418375603,Bordeaux,87347.97,MASTER
3931,Lucas,Laurent,65044771686027,Lyon,62346.08,SENIOR
3932,Lucas,Lefebvre,13891592008439,Nantes,89590.88,MASTER
3933,Jean,Martin,50407026815440,Nantes,61528.22,SENIOR
3934,Camille,Lefebvre,51016373842855,Paris,62545.36,SENIOR
3935,Chloé,Dupont,44149565973467,Marseille,25412.87,MIDDLE
3937,Camille,Lefebvre,98911271211079,Nantes,46428.34,SENIOR
3939,Jean,Moreau,82767821946993,Lyon,55038.65,SENIOR
3940,Nicolas,Girard,56805111244081,Nantes,54048.27,SENIOR
3941,Chloé,Dupont,97907710592278,Bordeaux,87391.64,MASTER
3942,Thomas,Martin,94974083207250,Lille,30159.57,MIDDLE
3943,Marie,Lefebvre,62009599533312,Nantes,54139.45,SENIOR
3944,Nicolas,Dupont,82972427101306,Lyon,88538.09,MASTER
3945,Jean,Lefebvre,94250429983875,Lyon,81824.74,MASTER
3946,Jean,Moreau,88284503044683,Nantes,60911.32,SENIOR
3948,Camille,Martin,96147877861496,Bordeaux,23733.46,MIDDLE
3949,Lucas,Lefebvre,86338101569323,Lyon,42737.65,MIDDLE
3951,Camille,Moreau,99818825290961,Marseille,70812.61,SENIOR
3952,Jean,Laurent,15994787377654,Paris,89415.73,MASTER
3953,Jean,Lefebvre,49023762202176,Paris,85517.46,MASTER
3954,Jean,Lefebvre,92397958830498,Nantes,46873.07,SENIOR
3955,Thomas,Moreau,56534408828814,Lyon,77410.71,MASTER
3957,Nicolas,Laurent,97275247573932,Lyon,32802.26,MIDDLE
3959,Jean,Martin,91964944867906,Paris,39324.34,MIDDLE
3960,Camille,Laurent,17940962118761,Nantes,29601.66,MIDDLE
3961,Jean,Martin,40574614631252,Lyon,24280.63,MIDDLE
3962,Thomas,Laurent,47708779750224,Lyon,62520.79,SENIOR
3963,Chloé,Laurent,84935153786265,Bordeaux,39030.94,MIDDLE
3964,Jean,Laurent,62821249388526,Lyon,43246.64,MIDDLE
3965,Lucas,Girard,10657359414492,Paris,69453.52,SENIOR
3966,Chloé,Laurent,96878716136745,Nantes,37531.54,MIDDLE
3967,Nicolas,Martin,38400435074788,Paris,40708.61,MIDDLE
3968,Nicolas,Dupont,45136806868653,Lyon,32977.11,MIDDLE
3970,Marie,Martin,26110074613832,Bordeaux,63829.07,SENIOR
3972,Camille,Dupont,83816235350533,Bordeaux,72505.18,SENIOR
3973,Chloé,Moreau,89289458056816,Bordeaux,67204.29,SENIOR
3974,Chloé,Girard,27366480274357,Marseille,56953.71,SENIOR
3975,Lucas,Girard,62340338307104,Bordeaux,20976.39,MIDDLE
3976,Marie,Girard,93785100356450,Nantes,33761.9,MIDDLE
3977,Chloé,Dupont,92936627443702,Nantes,41574.17,MIDDLE
3978,Thomas,Dupont,69028684426842,Bordeaux,79603.07,MASTER
3980,Nicolas,Girard,11037693836690,Lille,81315.55,MASTER
3981,Marie,Dupont,93391964204794,Marseille,55927.65,SENIOR
3982,Camille,Dupont,47931475263542,Paris,32512.9,MIDDLE
3983,Marie,Girard,10532899388795,Paris,88922.43,MASTER
3984,Thomas,Moreau,90147825970050,Lyon,31744.31,MIDDLE
3985,Thomas,Laurent,16463430215592,Bordeaux,73917.16,SENIOR
3986,Marie,Girard,87078284441825,Marseille,21932.33,MIDDLE
3988,Camille,Girard,29022033065782,Marseille,52564.88,SENIOR
3989,Nicolas,Moreau,20415641863617,Marseille,45891.11,SENIOR
3990,Camille,Moreau,66430914531456,Marseille,89275.26,MASTER
3991,Nicolas,Girard,27426082148639,Bordeaux,25618.02,MIDDLE
3992,Chloé,Dupont,35901864492732,Marseille,31214.45,MIDDLE
3993,Jean,Martin,22851118730306,Marseille,87712.14,MASTER
3994,Lucas,Lefebvre,80583259757630,Paris,19657.16,JUNIOR
3995,Chloé,Martin,25147688158344,Lyon,77948.54,MASTER
3996,Thomas,Moreau,43062069526806,Marseille,30848.67,MIDDLE
3997,Chloé,Laurent,90955245025780,Nantes,66179.03,SENIOR
3998,Lucas,Lefebvre,36904232937144,Marseille,62489.63,SENIOR
3999,Nicolas,Laurent,87842340542735,Marseille,37515.96,MIDDLE
4000,Jean,Laurent,45702342334923,Bordeaux,31198.29,MIDDLE
4001,Jean,Martin,24036459921798,Bordeaux,72978.03,SENIOR
4002,Thomas,Lefebvre,83389216314610,Marseille,31392.1,MIDDLE
4003,Thomas,Moreau,51684813233224,Marseille,31265.89,MIDDLE
4004,Nicolas,Lefebvre,63291005901826,Marseille,36555.57,MIDDLE
4005,Nicolas,Dupont,33498790953570,Lyon,75263.4,MASTER
4006,Lucas,Girard,53085353151928,Marseille,48839.56,SENIOR
4007,Thomas,Dupont,30680805241888,Nantes,60427.33,SENIOR
4008,Jean,Laurent,58074698681770,Lyon,43064.08,MIDDLE
4009,Lucas,Martin,89499078600760,Nantes,62099.64,SENIOR
4010,Marie,Moreau,68061579033506,Nantes,41176.87,MIDDLE
4011,Marie,Moreau,61494842704421,Bordeaux,47728.7,SENIOR
4012,Marie,Laurent,42606510216146,Bordeaux,40432.45,MIDDLE
4014,Marie,Girard,84250547020238,Marseille,85468.29,MASTER
4015,Chloé,Lefebvre,59203101161550,Bordeaux,38918.7,MIDDLE
4016,Chloé,Lefebvre,61143748258337,Nantes,79933.29,MASTER
4017,Jean,Lefebvre,95987547347543,Marseille,67346.86,SENIOR
4018,Jean,Martin,13280686571424,Marseille,81044.59,MASTER
4019,Nicolas,Laurent,62640750999798,Bordeaux,68439.24,SENIOR
4020,Jean,Martin,28212546007284,Lille,20577.82,MIDDLE
4021,Nicolas,Moreau,56285015588142,Nantes,62484.49,SENIOR
4022,Chloé,Moreau,28950393815747,Lille,16307.79,JUNIOR
4024,Lucas,Moreau,45581352638576,Bordeaux,52680.35,SENIOR
4025,Jean,Moreau,30276558653272,Marseille,45109.27,SENIOR
4026,Jean,Lefebvre,86316056576316,Bordeaux,16838.41,JUNIOR
4027,Nicolas,Girard,50183188549149,Paris,43339.83,MIDDLE
4028,Marie,Martin,61543554206900,Bordeaux,54896.83,SENIOR
4029,Chloé,Girard,16580147559772,Bordeaux,62729.86,SENIOR
4030,Lucas,Martin,36234656980456,Lyon,27517.2,MIDDLE
4031,Lucas,Girard,32825865124852,Lille,28385.11,MIDDLE
4032,Chloé,Moreau,20085529787276,Marseille,72842.33,SENIOR
4033,Chloé,Dupont,37618869005634,Bordeaux,59549.52,SENIOR
4034,Marie,Dupont,22465281515208,Paris,22249.28,MIDDLE
4035,Jean,Lefebvre,18665981845986,Nantes,69370.71,SENIOR
4036,Nicolas,Dupont,55046607438497,Paris,48078.32,SENIOR
4037,Chloé,Martin,87705703707787,Nantes,88158.97,MASTER
4038,Camille,Dupont,39237150656041,Lyon,49690.6,SENIOR
4039,Jean,Moreau,41886918810551,Nantes,15042.13,JUNIOR
4040,Camille,Lefebvre,55337254076396,Lyon,39887.08,MIDDLE
4042,Nicolas,Girard,39799375826516,Bordeaux,26683.48,MIDDLE
4043,Jean,Girard,16682431941520,Lyon,71833.07,SENIOR
4044,Thomas,Dupont,98772133237512,Lyon,47970.6,SENIOR
4046,Marie,Laurent,88106613188734,Nantes,71391.86,SENIOR
4047,Lucas,Girard,30679444987024,Marseille,22794.26,MIDDLE
4048,Lucas,Martin,21460661236903,Bordeaux,44975.12,MIDDLE
4049,Chloé,Martin,63746499213015,Marseille,27154.27,MIDDLE
4051,Marie,Girard,31265177319658,Lille,54997.45,SENIOR
4052,Thomas,Girard,29695281496144,Paris,68648.88,SENIOR
4053,Nicolas,Martin,52563899555207,Paris,44815.76,MIDDLE
4054,Camille,Dupont,36328088229739,Marseille,65833.76,SENIOR
4055,Chloé,Moreau,88567667055452,Lille,63948.25,SENIOR
4056,Thomas,Moreau,27839007577952,Bordeaux,80464.05,MASTER
4057,Thomas,Dupont,45526892813383,Lille,26660.87,MIDDLE
4059,Jean,Lefebvre,65190230566437,Lille,71158.24,SENIOR
4060,Jean,Lefebvre,31461842096680,Nantes,89126.94,MASTER
4061,Marie,Dupont,29711495905644,Paris,70164.98,SENIOR
4062,Thomas,Girard,25647913944218,Lille,87231.2,MASTER
4063,Camille,Martin,35005935025948,Bordeaux,71047.07,SENIOR
4064,Marie,Laurent,98310108696142,Lyon,52146.92,SENIOR
4065,Marie,Laurent,30212617445730,Lyon,34314.52,MIDDLE
4066,Chloé,Girard,17756742909791,Marseille,80719.81,MASTER
4068,Jean,Lefebvre,34316073902928,Marseille,20146.23,MIDDLE
4069,Marie,Laurent,93963217581392,Nantes,89805.73,MASTER
4070,Marie,Moreau,20504847637522,Lyon,82330.2,MASTER
4072,Marie,Dupont,53589198463065,Lyon,38139.79,MIDDLE
4073,Lucas,Laurent,23935902368513,Bordeaux,41821.48,MIDDLE
4075,Jean,Moreau,18422900412939,Nantes,53392.22,SENIOR
4076,Chloé,Laurent,43747843153018,Marseille,81128.14,MASTER
4077,Chloé,Laurent,97157231695943,Lille,22049.56,MIDDLE
4078,Jean,Lefebvre,69973793821217,Nantes,49581.67,SENIOR
4079,Lucas,Martin,62816302708146,Bordeaux,35885.35,MIDDLE
4080,Thomas,Girard,59882925808796,Marseille,27104.7,MIDDLE
4081,Nicolas,Moreau,83631076691121,Lyon,47699.74,SENIOR
4082,Thomas,Girard,57440657196649,Marseille,75233.56,MASTER
4083,Lucas,Dupont,47505074048796,Marseille,74988.47,SENIOR
4085,Jean,Dupont,68593689200257,Marseille,59628.74,SENIOR
4086,Chloé,Martin,86262690125671,Marseille,86647.65,MASTER
4087,Camille,Moreau,10749569428099,Lille,28878.81,MIDDLE
4088,Camille,Girard,91998630721848,Lyon,50092.64,SENIOR
4089,Camille,Martin,26341203547499,Paris,79763.75,MASTER
4091,Lucas,Dupont,26386970739184,Lille,19046.98,JUNIOR
4092,Camille,Girard,96847033394860,Bordeaux,57146.11,SENIOR
4093,Camille,Lefebvre,39214941411490,Marseille,80642.01,MASTER
4094,Thomas,Martin,34806794389272,Lyon,46708.46,SENIOR
4095,Marie,Laurent,46484551900997,Marseille,61280.86,SENIOR
4096,Jean,Martin,21637497682145,Paris,88148.26,MASTER
4097,Marie,Dupont,48290546677506,Marseille,53759.12,SENIOR
4098,Marie,Moreau,59766268810279,Lyon,57473.46,SENIOR
4099,Jean,Moreau,39495896295196,Bordeaux,46022.92,SENIOR
4100,Lucas,Dupont,64873034146298,Paris,63907.78,SENIOR
4102,Jean,Girard,17495429656215,Marseille,29262.61,MIDDLE
4103,Chloé,Girard,10929183506199,Lille,38234.84,MIDDLE
4104,Thomas,Girard,42876219780589,Marseille,78774.08,MASTER
4105,Chloé,Lefebvre,52195954491649,Nantes,80093.0,MASTER
4106,Thomas,Moreau,67132127305035,Marseille,18100.68,JUNIOR
4107,Thomas,Girard,87949640484277,Nantes,71402.84,SENIOR
4108,Lucas,Girard,92586796037262,Lille,88272.59,MASTER
4109,Nicolas,Dupont,65281507837941,Lille,78208.36,MASTER
4110,Camille,Martin,12183427175203,Paris,34523.58,MIDDLE
4111,Thomas,Dupont,92456189951811,Bordeaux,86261.9,MASTER
4112,Nicolas,Girard,23671156074430,Lille,66389.6,SENIOR
4113,Nicolas,Lefebvre,94417987205730,Bordeaux,51461.43,SENIOR
4114,Nicolas,Martin,30468297646007,Lyon,83057.95,MASTER
4115,Marie,Laurent,82574419977439,Lille,17085.36,JUNIOR
4116,Lucas,Dupont,27180157915088,Lille,55655.41,SENIOR
4117,Jean,Girard,11209249584766,Lyon,87267.6,MASTER
4118,Lucas,Dupont,61591889426508,Bordeaux,71941.97,SENIOR
4119,Nicolas,Girard,83492527685603,Marseille,54819.44,SENIOR
4121,Nicolas,Laurent,63181080607396,Marseille,65073.8,SENIOR
4122,Camille,Dupont,19043230417320,Nantes,78516.35,MASTER
4123,Marie,Laurent,31980998839045,Nantes,53031.7,SENIOR
4124,Lucas,Laurent,43518464197526,Marseille,62659.68,SENIOR
4125,Jean,Moreau,33035570471202,Bordeaux,66767.0,SENIOR
4126,Marie,Dupont,10210884453273,Bordeaux,70339.45,SENIOR
4128,Jean,Moreau,81230791914422,Marseille,83432.44,MASTER
4129,Lucas,Lefebvre,87025503791159,Marseille,52656.78,SENIOR
4130,Camille,Moreau,65776559315287,Lille,69779.72,SENIOR
4131,Chloé,Dupont,11645443680045,Bordeaux,28140.96,MIDDLE
4132,Thomas,Dupont,52621012594364,Marseille,85863.7,MASTER
4133,Marie,Martin,31801978915080,Paris,87281.53,MASTER
4134,Nicolas,Girard,85209698004321,Nantes,58440.92,SENIOR
4135,Camille,Lefebvre,58545602846276,Nantes,41337.44,MIDDLE
4136,Jean,Dupont,34996625246332,Nantes,80651.48,MASTER
4137,Nicolas,Laurent,96764721611459,Lille,80306.19,MASTER
4139,Thomas,Moreau,54169028909194,Bordeaux,42576.19,MIDDLE
4140,Lucas,Dupont,49563366297000,Marseille,43559.1,MIDDLE
4141,Thomas,Moreau,11474174649189,Nantes,21801.74,MIDDLE
4142,Lucas,Lefebvre,59922840610496,Bordeaux,89410.41,MASTER
4143,Thomas,Dupont,11674087689575,Bordeaux,34850.57,MIDDLE
4144,Thomas,Moreau,16802669846419,Bordeaux,43143.28,MIDDLE
4145,Thomas,Dupont,89307841666479,Nantes,26474.82,MIDDLE
4146,Marie,Laurent,46955759513884,Nantes,76773.9,MASTER
4147,Nicolas,Laurent,34248308620446,Nantes,75726.12,MASTER
4148,Camille,Girard,98230654242009,Lille,47647.48,SENIOR
4149,Chloé,Lefebvre,90488234879625,Nantes,56271.62,SENIOR
4150,Marie,Moreau,55505659564758,Nantes,85355.6,MASTER
4151,Nicolas,Martin,87348659253764,Marseille,24270.61,MIDDLE
4152,Nicolas,Martin,18620182749318,Paris,80083.83,MASTER
4153,Jean,Laurent,58943206459625,Nantes,50356.84,SENIOR
4154,Nicolas,Girard,92558757771523,Lille,29326.26,MIDDLE
4155,Chloé,Laurent,64997440865024,Nantes,25104.4,MIDDLE
4156,Thomas,Dupont,42318067131986,Bordeaux,34447.92,MIDDLE
4158,Thomas,Lefebvre,13055357522905,Bordeaux,35101.53,MIDDLE
4159,Chloé,Girard,13459937249788,Marseille,23105.21,MIDDLE
4160,Camille,Laurent,38963811703049,Marseille,86249.79,MASTER
4161,Lucas,Dupont,39804247628260,Nantes,27608.88,MIDDLE
4162,Nicolas,Girard,83992726334524,Lille,18789.34,JUNIOR
4163,Camille,Dupont,60597331619181,Marseille,62807.94,SENIOR
4164,Thomas,Laurent,12012381451425,Lyon,41893.59,MIDDLE
4165,Thomas,Dupont,96645538476452,Nantes,68272.69,SENIOR
4166,Nicolas,Martin,68997609302281,Lyon,67558.13,SENIOR
4167,Nicolas,Dupont,89300723058016,Marseille,42040.53,MIDDLE
4169,Lucas,Dupont,80739142453426,Nantes,76332.29,MASTER
4171,Thomas,Moreau,46901912344468,Bordeaux,48384.86,SENIOR
4173,Nicolas,Dupont,66569046194233,Nantes,70859.67,SENIOR
4174,Chloé,Martin,96331792390302,Marseille,50869.95,SENIOR
4176,Jean,Girard,41620352019950,Lille,79218.72,MASTER
4177,Marie,Girard,50779026680256,Bordeaux,18118.54,JUNIOR
4178,Lucas,Dupont,58299411323718,Lille,78564.7,MASTER
4179,Nicolas,Dupont,56297903490340,Lille,15041.43,JUNIOR
4182,Lucas,Martin,44716095031953,Lille,56240.79,SENIOR
4183,Jean,Girard,55902106232030,Paris,20946.75,MIDDLE
4184,Camille,Martin,87789525767846,Marseille,33233.83,MIDDLE
4185,Chloé,Laurent,40346628586433,Bordeaux,42273.2,MIDDLE
4186,Marie,Girard,86463387964765,Paris,67202.75,SENIOR
4187,Nicolas,Girard,50772254969372,Paris,25978.78,MIDDLE
4188,Marie,Martin,11657648371203,Lille,60905.31,SENIOR
4189,Nicolas,Martin,32538970374461,Marseille,43703.96,MIDDLE
4190,Chloé,Moreau,56606097510851,Nantes,21515.99,MIDDLE
4191,Nicolas,Laurent,90465294113786,Lille,16502.16,JUNIOR
4192,Nicolas,Lefebvre,85443700350927,Marseille,25212.29,MIDDLE
4193,Nicolas,Girard,30147719274534,Lyon,59481.91,SENIOR
4194,Marie,Dupont,80367336042604,Lyon,76589.78,MASTER
4195,Jean,Lefebvre,88120942684471,Nantes,76704.4,MASTER
4196,Marie,Lefebvre,11308798123531,Lyon,29974.02,MIDDLE
4197,Lucas,Laurent,17542723506797,Bordeaux,16751.67,JUNIOR
4198,Camille,Laurent,42115226510488,Lyon,48271.12,SENIOR
4199,Lucas,Martin,46722328323258,Lyon,62440.6,SENIOR
4201,Camille,Dupont,53854582092605,Marseille,52650.44,SENIOR
4202,Marie,Lefebvre,19803765836848,Bordeaux,38899.03,MIDDLE
4203,Lucas,Girard,67790269344763,Lyon,59089.16,SENIOR
4204,Lucas,Martin,99598186866874,Bordeaux,76882.42,MASTER
4205,Camille,Moreau,69529872044058,Bordeaux,64732.57,SENIOR
4206,Nicolas,Moreau,30034770225893,Paris,68411.54,SENIOR
4207,Nicolas,Girard,19769007168765,Bordeaux,21053.1,MIDDLE
4208,Nicolas,Moreau,48799680229989,Lyon,42264.61,MIDDLE
4209,Nicolas,Lefebvre,49748425177325,Bordeaux,27713.57,MIDDLE
4210,Marie,Lefebvre,68200747939347,Paris,63381.69,SENIOR
4211,Marie,Dupont,80138867920729,Nantes,45032.94,SENIOR
4213,Nicolas,Girard,58453285584420,Nantes,38771.4,MIDDLE
4214,Chloé,Girard,99025166653790,Marseille,49274.94,SENIOR
4215,Thomas,Lefebvre,89189461418785,Lille,15551.8,JUNIOR
4216,Nicolas,Laurent,21104746327387,Nantes,75956.83,MASTER
4217,Nicolas,Laurent,39599686945982,Lille,33905.19,MIDDLE
4218,Marie,Laurent,93558620458438,Marseille,68470.34,SENIOR
4219,Thomas,Laurent,27804870153606,Marseille,26243.95,MIDDLE
4220,Marie,Moreau,96860595604962,Lyon,37270.21,MIDDLE
4221,Lucas,Dupont,49992528428312,Paris,61764.82,SENIOR
4222,Marie,Lefebvre,93415713043655,Lille,57695.46,SENIOR
4223,Nicolas,Girard,69530007810190,Lyon,23344.76,MIDDLE
4224,Lucas,Laurent,18019821494491,Lyon,21935.39,MIDDLE
4225,Camille,Martin,16685267647053,Lyon,60617.04,SENIOR
4226,Jean,Martin,64473712187499,Nantes,50708.26,SENIOR
4227,Thomas,Moreau,21435398456484,Marseille,55375.85,SENIOR
4228,Chloé,Moreau,33509569051212,Paris,27661.56,MIDDLE
4229,Thomas,Moreau,59974029116523,Lyon,23844.8,MIDDLE
4231,Lucas,Martin,30495689098325,Lille,37174.08,MIDDLE
4233,Nicolas,Lefebvre,39674997979410,Marseille,51886.32,SENIOR
4234,Lucas,Girard,86161745627977,Lille,57868.92,SENIOR
4235,Marie,Girard,52693738126524,Bordeaux,46966.31,SENIOR
4236,Chloé,Martin,14609998325563,Bordeaux,47268.88,SENIOR
4237,Camille,Dupont,22661874239431,Lille,52346.76,SENIOR
4238,Lucas,Martin,91447433892370,Lyon,46060.76,SENIOR
4239,Nicolas,Dupont,52227982218586,Lyon,64440.35,SENIOR
4240,Camille,Dupont,39797854712104,Nantes,20369.52,MIDDLE
4241,Marie,Laurent,64264486580939,Paris,25663.41,MIDDLE
4242,Jean,Moreau,48896191603729,Lille,56815.83,SENIOR
4243,Chloé,Martin,13265105253740,Lyon,57568.46,SENIOR
4244,Nicolas,Moreau,87944285248313,Nantes,49528.2,SENIOR
4245,Camille,Dupont,37732179485458,Lille,44758.81,MIDDLE
4246,Chloé,Dupont,80009349331498,Marseille,71394.92,SENIOR
4247,Camille,Martin,18377992671906,Bordeaux,18070.94,JUNIOR
4249,Camille,Lefebvre,50596790328174,Paris,45856.47,SENIOR
4251,Chloé,Martin,86581536090547,Paris,39100.89,MIDDLE
4252,Chloé,Girard,31716261580821,Lyon,20645.25,MIDDLE
4253,Nicolas,Moreau,21400775851376,Nantes,74955.29,SENIOR
4254,Jean,Dupont,38860117971552,Lille,89578.79,MASTER
4256,Camille,Girard,13764244069542,Marseille,87888.49,MASTER
4257,Camille,Martin,47983183476051,Paris,54311.04,SENIOR
4258,Camille,Laurent,85106945480946,Paris,63594.11,SENIOR
4260,Jean,Laurent,45787838195316,Marseille,51667.37,SENIOR
4261,Jean,Martin,29044529698451,Lille,43338.53,MIDDLE
4262,Thomas,Laurent,34876460621940,Lille,86751.03,MASTER
4263,Lucas,Laurent,28179711473069,Bordeaux,61363.0,SENIOR
4264,Nicolas,Lefebvre,43430775389046,Lyon,19789.58,JUNIOR
4266,Jean,Moreau,52553871345847,Bordeaux,75080.13,MASTER
4267,Thomas,Girard,35667595406171,Bordeaux,84753.36,MASTER
4268,Jean,Martin,84068255607761,Nantes,89823.3,MASTER
4271,Nicolas,Lefebvre,29774090529005,Bordeaux,33647.95,MIDDLE
4272,Thomas,Dupont,41459728450638,Marseille,54162.54,SENIOR
4273,Chloé,Moreau,53652781775303,Nantes,49626.03,SENIOR
4274,Marie,Martin,34167209598858,Bordeaux,42412.08,MIDDLE
4275,Thomas,Moreau,15577673561712,Lyon,52073.2,SENIOR
4276,Nicolas,Lefebvre,80599345345353,Bordeaux,30239.44,MIDDLE
4277,Thomas,Lefebvre,63398377023564,Lille,57174.9,SENIOR
4278,Nicolas,Dupont,88025902831516,Lyon,17655.9,JUNIOR
4279,Camille,Lefebvre,89141185871731,Lyon,24643.61,MIDDLE
4281,Thomas,Laurent,24091382851246,Marseille,30670.39,MIDDLE
4282,Chloé,Martin,59201478799340,Bordeaux,39915.9,MIDDLE
4284,Lucas,Moreau,85077027895918,Lille,44603.83,MIDDLE
4285,Marie,Dupont,31075662985321,Bordeaux,75845.84,MASTER
4287,Thomas,Girard,98988545128701,Bordeaux,15528.03,JUNIOR
4288,Nicolas,Girard,49571967957279,Lille,20134.19,MIDDLE
4289,Nicolas,Girard,18955637911753,Bordeaux,71125.45,SENIOR
4290,Camille,Lefebvre,35233848354415,Lille,40815.22,MIDDLE
4291,Camille,Dupont,15634538396086,Lille,26189.95,MIDDLE
4292,Nicolas,Martin,60701787156835,Bordeaux,26980.95,MIDDLE
4293,Camille,Girard,59427972991903,Lille,58408.05,SENIOR
4294,Thomas,Girard,58568423172513,Paris,85580.1,MASTER
4295,Jean,Lefebvre,63302357256116,Lille,64565.76,SENIOR
4296,Lucas,Martin,66034889944513,Bordeaux,82356.5,MASTER
4297,Thomas,Martin,18969949705725,Bordeaux,24700.22,MIDDLE
4298,Lucas,Moreau,39836460846613,Marseille,68357.32,SENIOR
4299,Nicolas,Dupont,56996487953553,Marseille,30153.75,MIDDLE
4300,Camille,Dupont,27025869907865,Paris,88440.31,MASTER
4302,Chloé,Girard,51055555598484,Marseille,50444.41,SENIOR
4303,Jean,Martin,12755922724344,Lille,45543.39,SENIOR
4304,Lucas,Lefebvre,48513359212021,Marseille,29408.51,MIDDLE
4305,Thomas,Lefebvre,20414425795457,Marseille,19843.97,JUNIOR
4306,Lucas,Martin,52308227834495,Nantes,63905.02,SENIOR
4307,Marie,Girard,49477297277031,Marseille,77743.09,MASTER
4308,Thomas,Martin,58250271148706,Lille,48940.24,SENIOR
4310,Lucas,Dupont,25128656811594,Lille,89386.32,MASTER
4311,Chloé,Martin,65836507559774,Lyon,83278.74,MASTER
4312,Lucas,Martin,11513515473904,Marseille,22523.17,MIDDLE
4313,Thomas,Girard,34793407163731,Lyon,36522.52,MIDDLE
4314,Camille,Martin,19046446605246,Bordeaux,80405.51,MASTER
4315,Nicolas,Girard,94057954362858,Lille,63262.58,SENIOR
4316,Nicolas,Lefebvre,81292226194873,Lyon,75051.8,MASTER
4318,Lucas,Girard,29591134266484,Bordeaux,50175.03,SENIOR
4319,Lucas,Martin,48717124515578,Marseille,51793.05,SENIOR
4320,Lucas,Lefebvre,47247004899467,Nantes,61526.27,SENIOR
4321,Nicolas,Girard,31036260710097,Lille,47932.82,SENIOR
4322,Nicolas,Girard,34994240381592,Lille,58370.71,SENIOR
4323,Jean,Girard,55624615968115,Paris,66132.8,SENIOR
4324,Lucas,Lefebvre,32823978202120,Paris,52983.73,SENIOR
4325,Marie,Moreau,92324367719305,Nantes,81171.76,MASTER
4326,Camille,Martin,92963904643854,Bordeaux,30881.83,MIDDLE
4327,Chloé,Dupont,58437010044551,Lyon,28924.06,MIDDLE
4328,Lucas,Lefebvre,50608218402220,Bordeaux,80605.32,MASTER
4329,Thomas,Girard,45983423176962,Nantes,71668.71,SENIOR
4330,Thomas,Moreau,51588316964094,Marseille,50232.65,SENIOR
4331,Thomas,Martin,84521286640915,Paris,16262.64,JUNIOR
4332,Nicolas,Dupont,42651532205180,Lille,81690.76,MASTER
4333,Nicolas,Girard,11785311246885,Paris,82087.47,MASTER
4334,Chloé,Moreau,65230261822596,Lille,38727.6,MIDDLE
4335,Thomas,Girard,26494738857738,Paris,85893.95,MASTER
4336,Marie,Lefebvre,83921039686307,Marseille,69789.58,SENIOR
4337,Thomas,Laurent,33082314808317,Marseille,32784.5,MIDDLE
4339,Lucas,Laurent,98152670987692,Lyon,26162.17,MIDDLE
4340,Nicolas,Martin,56326477923705,Lyon,82635.86,MASTER
4341,Lucas,Lefebvre,63913812105201,Lyon,16858.45,JUNIOR
4344,Camille,Dupont,25854945398984,Lyon,74052.71,SENIOR
4345,Marie,Dupont,82020473899360,Marseille,62596.88,SENIOR
4346,Jean,Dupont,42662332737846,Lille,40146.19,MIDDLE
4347,Chloé,Laurent,25930769201965,Nantes,80829.07,MASTER
4348,Marie,Dupont,17105806244928,Lyon,42196.09,MIDDLE
4349,Camille,Dupont,54351728368365,Nantes,60196.9,SENIOR
4350,Chloé,Lefebvre,41011097714284,Marseille,35464.07,MIDDLE
4351,Nicolas,Lefebvre,40172890614609,Bordeaux,58544.57,SENIOR
4352,Lucas,Dupont,24488353909853,Lyon,46615.43,SENIOR
4353,Nicolas,Girard,26958905593293,Bordeaux,16993.69,JUNIOR
4355,Jean,Martin,98666310115329,Bordeaux,75692.34,MASTER
4356,Thomas,Dupont,56585884027251,Paris,89339.57,MASTER
4359,Thomas,Moreau,83830375475001,Lyon,60446.05,SENIOR
4361,Lucas,Martin,21153981881770,Nantes,50975.61,SENIOR
4362,Thomas,Lefebvre,11476892472730,Paris,50914.77,SENIOR
4363,Lucas,Martin,62449258639153,Marseille,21277.91,MIDDLE
4364,Camille,Girard,54210389492602,Lille,25481.49,MIDDLE
4365,Lucas,Moreau,40026051877438,Bordeaux,61161.95,SENIOR
4366,Lucas,Dupont,34379734301272,Paris,61482.71,SENIOR
4367,Chloé,Laurent,21734277117958,Bordeaux,78886.7,MASTER
4369,Camille,Lefebvre,88659930192606,Lille,53320.63,SENIOR
4370,Lucas,Laurent,82193310060227,Paris,54730.55,SENIOR
4371,Marie,Moreau,23470045358451,Nantes,36219.31,MIDDLE
4373,Lucas,Martin,66983532608608,Marseille,83130.22,MASTER
4374,Chloé,Girard,92304361231391,Paris,68616.37,SENIOR
4376,Chloé,Laurent,60596653373213,Nantes,19354.01,JUNIOR
4377,Nicolas,Girard,63769673564004,Lyon,30913.48,MIDDLE
4378,Chloé,Martin,62918959916849,Marseille,61421.41,SENIOR
4379,Lucas,Dupont,38810050354489,Marseille,32646.95,MIDDLE
4380,Marie,Laurent,81458695129685,Bordeaux,19067.3,JUNIOR
4381,Camille,Martin,60903671702412,Paris,81470.77,MASTER
4382,Nicolas,Dupont,55718861107090,Lyon,46766.56,SENIOR
4383,Chloé,Moreau,44369927338493,Marseille,34156.31,MIDDLE
4385,Thomas,Moreau,35179221763230,Paris,87408.2,MASTER
4387,Lucas,Laurent,33055178216985,Marseille,76794.27,MASTER
4388,Marie,Dupont,29568642845867,Nantes,25472.68,MIDDLE
4389,Chloé,Moreau,28927752651500,Lyon,63577.05,SENIOR
4390,Camille,Dupont,92397486976139,Lille,56714.16,SENIOR
4391,Nicolas,Girard,87184877006082,Lille,65256.8,SENIOR
4392,Jean,Moreau,36314307484759,Bordeaux,15911.46,JUNIOR
4393,Nicolas,Girard,83477707898094,Bordeaux,53191.2,SENIOR
4394,Jean,Dupont,69454286338145,Bordeaux,68204.73,SENIOR
4395,Nicolas,Girard,27487658099801,Paris,34689.94,MIDDLE
4396,Camille,Laurent,39852326778064,Bordeaux,39097.23,MIDDLE
4397,Thomas,Lefebvre,17581930384728,Lyon,15861.76,JUNIOR
4398,Nicolas,Martin,68078650556849,Bordeaux,15401.91,JUNIOR
4400,Lucas,Moreau,17097959775492,Marseille,34760.16,MIDDLE
4401,Marie,Girard,46300874545976,Lyon,29086.41,MIDDLE
4402,Marie,Dupont,11401664193376,Lille,48986.42,SENIOR
4403,Chloé,Laurent,18713060387448,Lille,89359.14,MASTER
4404,Jean,Martin,34373756731810,Lyon,22777.08,MIDDLE
4405,Thomas,Girard,18537410658229,Bordeaux,16283.86,JUNIOR
4406,Nicolas,Martin,27427059003661,Lille,81128.07,MASTER
4407,Lucas,Girard,19213710407094,Lille,78333.74,MASTER
4408,Marie,Martin,20817529158165,Paris,23472.47,MIDDLE
4409,Chloé,Girard,67683173132679,Lille,82507.61,MASTER
4410,Lucas,Girard,80873580320952,Lille,77750.1,MASTER
4411,Camille,Moreau,90165116063120,Lille,48582.13,SENIOR
4412,Marie,Dupont,33828531255678,Marseille,60065.24,SENIOR
4413,Chloé,Martin,34977989519689,Bordeaux,50936.74,SENIOR
4414,Chloé,Dupont,11291889467989,Lille,59409.96,SENIOR
4415,Nicolas,Girard,42879984215872,Lyon,45545.16,SENIOR
4416,Thomas,Martin,92485248358418,Marseille,48193.46,SENIOR
4417,Chloé,Martin,32472447966983,Marseille,75391.28,MASTER
4418,Nicolas,Laurent,39761411948592,Lyon,79704.83,MASTER
4419,Chloé,Dupont,27720651528903,Paris,18642.65,JUNIOR
4420,Marie,Moreau,13285265664580,Marseille,24582.26,MIDDLE
4421,Marie,Moreau,32546277384139,Paris,29098.16,MIDDLE
4422,Marie,Dupont,52693023931568,Paris,19476.78,JUNIOR
4424,Thomas,Girard,61143511309741,Bordeaux,85570.71,MASTER
4425,Chloé,Laurent,18116514659197,Lille,87932.22,MASTER
4426,Lucas,Martin,24657125816890,Bordeaux,71870.54,SENIOR
4427,Thomas,Lefebvre,51601451218409,Lille,34602.74,MIDDLE
4428,Marie,Dupont,30536000277327,Bordeaux,59147.21,SENIOR
4429,Nicolas,Girard,56099882745853,Bordeaux,20940.48,MIDDLE
4430,Camille,Moreau,95558010190733,Paris,83664.12,MASTER
4431,Lucas,Laurent,42193186127716,Lille,64262.5,SENIOR
4432,Thomas,Girard,28718570823612,Nantes,16841.88,JUNIOR
4433,Marie,Dupont,52800023687480,Nantes,87451.25,MASTER
4434,Thomas,Laurent,62935958342543,Lyon,72060.35,SENIOR
4436,Camille,Moreau,95065854768000,Lille,86636.28,MASTER
4437,Marie,Girard,86687059547575,Bordeaux,46524.35,SENIOR
4438,Thomas,Moreau,80064041960801,Paris,16995.57,JUNIOR
4439,Chloé,Martin,94610228976951,Paris,29944.19,MIDDLE
4440,Thomas,Martin,82048385033808,Lyon,54460.97,SENIOR
4441,Chloé,Lefebvre,54610853777183,Paris,27247.08,MIDDLE
4442,Lucas,Laurent,45176359792640,Lyon,80536.76,MASTER
4443,Chloé,Lefebvre,46282306809879,Lyon,33657.45,MIDDLE
4444,Marie,Lefebvre,62590484016400,Paris,23899.18,MIDDLE
4445,Lucas,Martin,22323516886152,Lille,18515.33,JUNIOR
4446,Thomas,Moreau,57793244048381,Nantes,50572.87,SENIOR
4447,Thomas,Dupont,15874231851590,Nantes,19167.02,JUNIOR
4448,Marie,Girard,46434021089379,Nantes,63247.18,SENIOR
4449,Thomas,Moreau,55003309893416,Lyon,37803.94,MIDDLE
4450,Nicolas,Martin,61917791236464,Bordeaux,58223.58,SENIOR
4451,Chloé,Martin,15838582453149,Nantes,79235.04,MASTER
4452,Marie,Lefebvre,54026461837118,Nantes,65671.88,SENIOR
4454,Chloé,Lefebvre,20315924945507,Bordeaux,24665.12,MIDDLE
4455,Chloé,Moreau,54185721354472,Lille,35301.07,MIDDLE
4456,Marie,Laurent,67175860839707,Nantes,66831.06,SENIOR
4457,Marie,Moreau,56482211351370,Paris,37117.67,MIDDLE
4458,Jean,Dupont,92673425162284,Nantes,25796.1,MIDDLE
4459,Chloé,Girard,32911538780598,Lille,42864.53,MIDDLE
4460,Lucas,Dupont,55417354607308,Lyon,29108.18,MIDDLE
4461,Chloé,Moreau,43717058646048,Nantes,30691.42,MIDDLE
4462,Marie,Dupont,50678566143961,Bordeaux,19471.73,JUNIOR
4463,Chloé,Moreau,24793669223614,Nantes,15442.75,JUNIOR
4464,Thomas,Lefebvre,86140216165133,Lyon,87612.73,MASTER
4465,Marie,Girard,38409454795249,Bordeaux,56585.48,SENIOR
4467,Marie,Martin,23927001891122,Lille,16913.72,JUNIOR
4468,Nicolas,Martin,25087830514588,Bordeaux,77717.68,MASTER
4469,Chloé,Dupont,29085462385689,Marseille,35818.36,MIDDLE
4470,Lucas,Moreau,19408686873228,Bordeaux,57007.18,SENIOR
4471,Marie,Girard,69869013035564,Lille,75645.36,MASTER
4472,Lucas,Girard,96521687547102,Bordeaux,78220.25,MASTER
4473,Lucas,Girard,94434815821475,Paris,82204.41,MASTER
4474,Lucas,Laurent,30663473185179,Lyon,29783.51,MIDDLE
4475,Marie,Lefebvre,48311211951196,Paris,72268.05,SENIOR
4476,Camille,Lefebvre,13879552037061,Lyon,78534.0,MASTER
4477,Lucas,Moreau,65493931963018,Nantes,34014.46,MIDDLE
4478,Thomas,Girard,13847647672096,Nantes,52147.33,SENIOR
4479,Camille,Martin,63107859294725,Marseille,19805.28,JUNIOR
4480,Lucas,Martin,67583499283873,Lyon,61876.21,SENIOR
4481,Thomas,Dupont,36161223833553,Bordeaux,80963.61,MASTER
4484,Chloé,Dupont,27089033263072,Marseille,29320.4,MIDDLE
4487,Marie,Martin,40287151057034,Nantes,79305.53,MASTER
4488,Nicolas,Laurent,54353868812896,Nantes,87167.36,MASTER
4489,Chloé,Moreau,40658651303203,Lyon,74805.56,SENIOR
4490,Nicolas,Laurent,92812671075602,Bordeaux,62423.3,SENIOR
4491,Lucas,Laurent,61732799439520,Lyon,21206.1,MIDDLE
4492,Marie,Laurent,50517494683073,Bordeaux,27946.26,MIDDLE
4493,Camille,Moreau,45709591162220,Lille,21721.02,MIDDLE
4494,Jean,Lefebvre,10489164031146,Bordeaux,57589.39,SENIOR
4495,Thomas,Lefebvre,17875379945275,Lille,18020.86,JUNIOR
4496,Nicolas,Dupont,49827195015338,Paris,66040.89,SENIOR
4497,Jean,Moreau,11716113148955,Marseille,63709.51,SENIOR
4498,Nicolas,Girard,20087899566812,Lille,80976.91,MASTER
4499,Nicolas,Laurent,53094787908801,Nantes,45503.96,SENIOR
4500,Chloé,Lefebvre,48115418201231,Nantes,64353.79,SENIOR
4501,Jean,Girard,55220163882413,Bordeaux,41105.45,MIDDLE
4502,Nicolas,Martin,82613973503199,Nantes,58695.62,SENIOR
4504,Marie,Lefebvre,56744859821154,Nantes,72199.03,SENIOR
4506,Camille,Lefebvre,27205501842944,Bordeaux,36753.01,MIDDLE
4507,Lucas,Lefebvre,26223243305042,Nantes,17739.16,JUNIOR
4508,Thomas,Laurent,27956682725759,Lyon,18696.14,JUNIOR
4509,Camille,Girard,61180934501373,Bordeaux,38353.65,MIDDLE
4510,Thomas,Dupont,96362239471563,Lyon,74167.56,SENIOR
4511,Marie,Dupont,20592324815901,Paris,39316.81,MIDDLE
4512,Marie,Martin,51109140027312,Nantes,24388.57,MIDDLE
4513,Chloé,Moreau,43743818089028,Paris,26381.68,MIDDLE
4514,Lucas,Lefebvre,95200425006064,Paris,87114.5,MASTER
4515,Camille,Dupont,69756544622682,Lyon,30778.27,MIDDLE
4517,Chloé,Martin,83428967555948,Lille,44941.21,MIDDLE
4518,Jean,Girard,59248466625551,Paris,63734.86,SENIOR
4519,Nicolas,Dupont,91513555983057,Paris,54459.07,SENIOR
4520,Jean,Girard,10317063485858,Marseille,66879.37,SENIOR
4522,Lucas,Lefebvre,56088317490591,Nantes,42554.14,MIDDLE
4524,Chloé,Martin,82917344604714,Paris,18783.03,JUNIOR
4525,Nicolas,Lefebvre,30402001888699,Nantes,72156.82,SENIOR
4526,Camille,Martin,44657186368117,Marseille,18772.01,JUNIOR
4527,Camille,Girard,51653785281261,Marseille,18459.4,JUNIOR
4528,Marie,Dupont,38220478659482,Bordeaux,75562.16,MASTER
4529,Nicolas,Lefebvre,10270010677982,Paris,89376.87,MASTER
4530,Marie,Martin,20744599663877,Nantes,60943.66,SENIOR
4531,Marie,Moreau,30790987629900,Lille,74687.19,SENIOR
4532,Thomas,Girard,39370477474956,Nantes,80679.11,MASTER
4533,Chloé,Laurent,40693993550847,Lille,72759.36,SENIOR
4535,Thomas,Martin,51313884838595,Nantes,71203.17,SENIOR
4536,Jean,Laurent,37430960856009,Bordeaux,85905.14,MASTER
4537,Chloé,Dupont,25338787818536,Paris,19709.31,JUNIOR
4538,Chloé,Moreau,56912959442661,Paris,72278.66,SENIOR
4539,Nicolas,Lefebvre,29004892895341,Lille,80799.54,MASTER
4540,Thomas,Dupont,49754459808299,Lille,57606.53,SENIOR
4541,Marie,Martin,13330247239370,Nantes,34694.19,MIDDLE
4542,Lucas,Martin,58679950353407,Paris,64491.46,SENIOR
4543,Camille,Lefebvre,34843354391165,Nantes,39495.36,MIDDLE
4544,Jean,Lefebvre,86908374630295,Lyon,65123.55,SENIOR
4545,Thomas,Laurent,30354051753487,Marseille,46172.92,SENIOR
4546,Nicolas,Girard,48297091174676,Bordeaux,17564.25,JUNIOR
4547,Thomas,Moreau,34742547476505,Bordeaux,28792.1,MIDDLE
4548,Camille,Lefebvre,33661354522472,Paris,35770.46,MIDDLE
4549,Camille,Girard,98647927071912,Lille,24104.87,MIDDLE
4551,Camille,Girard,92705147461030,Lyon,31506.65,MIDDLE
4553,Marie,Martin,22440588021607,Bordeaux,82736.25,MASTER
4554,Jean,Moreau,90407535592475,Paris,43092.57,MIDDLE
4555,Nicolas,Lefebvre,93377749409170,Paris,26950.47,MIDDLE
4557,Nicolas,Martin,42505772036110,Lille,79380.31,MASTER
4558,Camille,Lefebvre,44579765901616,Paris,77386.96,MASTER
4559,Jean,Girard,34956095858373,Nantes,64501.76,SENIOR
4560,Marie,Laurent,58201738842513,Lille,27625.83,MIDDLE
4562,Chloé,Girard,23035078524513,Lyon,30156.42,MIDDLE
4563,Chloé,Girard,41746573128146,Marseille,16324.22,JUNIOR
4564,Thomas,Dupont,31295253819978,Paris,60960.03,SENIOR
4565,Marie,Moreau,98443335706677,Bordeaux,84239.88,MASTER
4566,Jean,Dupont,69902931748173,Bordeaux,67489.08,SENIOR
4567,Chloé,Girard,43469928630759,Nantes,25647.91,MIDDLE
4568,Chloé,Dupont,98926064806771,Paris,17119.53,JUNIOR
4569,Nicolas,Girard,64288785697216,Lille,87416.9,MASTER
4570,Thomas,Girard,40059995919803,Paris,84108.9,MASTER
4571,Marie,Moreau,95324989281690,Marseille,72949.19,SENIOR
4572,Chloé,Girard,68511547779422,Paris,29017.6,MIDDLE
4574,Jean,Lefebvre,53618310266464,Bordeaux,65588.79,SENIOR
4575,Jean,Martin,13511726072056,Bordeaux,71098.52,SENIOR
4576,Jean,Martin,97093242517166,Paris,52165.23,SENIOR
4577,Marie,Moreau,33330928492558,Bordeaux,54108.76,SENIOR
4578,Chloé,Girard,19106272494085,Bordeaux,48785.37,SENIOR
4580,Lucas,Dupont,69680493203384,Paris,83831.78,MASTER
4581,Lucas,Lefebvre,85597225342585,Bordeaux,56119.26,SENIOR
4582,Marie,Dupont,54968017625000,Marseille,69231.75,SENIOR
4583,Marie,Martin,31004652456629,Lyon,55184.66,SENIOR
4584,Lucas,Lefebvre,10221042986848,Marseille,35314.49,MIDDLE
4585,Nicolas,Moreau,63253141485399,Bordeaux,83988.51,MASTER
4586,Thomas,Martin,65106862133160,Lille,20749.19,MIDDLE
4587,Jean,Dupont,38645546260411,Paris,40643.5,MIDDLE
4588,Lucas,Girard,40462607145981,Marseille,32117.82,MIDDLE
4590,Chloé,Dupont,39776797624378,Paris,51974.32,SENIOR
4591,Chloé,Girard,27494160869746,Nantes,51413.23,SENIOR
4592,Camille,Girard,63763370663635,Bordeaux,79553.15,MASTER
4593,Marie,Lefebvre,27302776339605,Lyon,46138.41,SENIOR
4594,Nicolas,Girard,24591228135765,Bordeaux,51210.33,SENIOR
4595,Jean,Martin,51600626708635,Paris,30525.05,MIDDLE
4596,Thomas,Dupont,38287005729414,Lyon,77210.91,MASTER
4597,Thomas,Lefebvre,12001167862005,Lille,21948.51,MIDDLE
4598,Thomas,Moreau,46483876606627,Paris,86736.62,MASTER
4599,Marie,Girard,66799252634182,Paris,45205.49,SENIOR
4600,Lucas,Moreau,64637881357462,Nantes,62377.99,SENIOR
4601,Jean,Laurent,11997312280581,Nantes,30635.14,MIDDLE
4602,Nicolas,Dupont,99788305490409,Lyon,54528.96,SENIOR
4604,Camille,Martin,59476672145343,Marseille,76747.95,MASTER
4605,Nicolas,Lefebvre,15851746635588,Nantes,73547.95,SENIOR
4607,Chloé,Lefebvre,11400429880501,Nantes,49441.32,SENIOR
4608,Lucas,Moreau,22913671133049,Marseille,17897.22,JUNIOR
4609,Lucas,Laurent,98288095386381,Nantes,61444.1,SENIOR
4611,Thomas,Girard,38419902117400,Lille,33509.4,MIDDLE
4612,Thomas,Moreau,61871298937411,Nantes,63099.5,SENIOR
4613,Chloé,Dupont,15619955629830,Marseille,43822.71,MIDDLE
4614,Nicolas,Dupont,60740189419138,Lille,37908.98,MIDDLE
4616,Camille,Lefebvre,68483350238302,Marseille,43989.26,MIDDLE
4617,Thomas,Martin,15492858765449,Marseille,38485.14,MIDDLE
4618,Marie,Moreau,23871936654068,Marseille,67747.16,SENIOR
4619,Chloé,Dupont,29811327736788,Marseille,84624.56,MASTER
4620,Nicolas,Girard,22207191592939,Marseille,50766.38,SENIOR
4621,Thomas,Moreau,39320014327180,Paris,31315.22,MIDDLE
4623,Marie,Dupont,80631070440844,Nantes,75859.69,MASTER
4624,Camille,Laurent,22916584923377,Lille,60347.99,SENIOR
4625,Marie,Lefebvre,16425829110798,Bordeaux,79691.69,MASTER
4626,Nicolas,Moreau,45270810723804,Marseille,89389.48,MASTER
4627,Jean,Lefebvre,49711617274544,Nantes,73915.23,SENIOR
4628,Marie,Martin,64321084368764,Bordeaux,66377.07,SENIOR
4629,Jean,Dupont,52368505995538,Paris,85561.31,MASTER
4630,Marie,Girard,33634938821661,Bordeaux,45813.57,SENIOR
4632,Jean,Laurent,97192192483350,Marseille,16828.83,JUNIOR
4634,Thomas,Moreau,27421194850829,Lille,44710.01,MIDDLE
4635,Marie,Moreau,63267751060755,Lille,29060.76,MIDDLE
4636,Chloé,Lefebvre,99541514328710,Lyon,76386.68,MASTER
4637,Thomas,Lefebvre,61960670316701,Marseille,43860.34,MIDDLE
4638,Lucas,Laurent,31377779839905,Lyon,79834.75,MASTER
4640,Thomas,Girard,91107653491461,Nantes,45144.08,SENIOR
4641,Camille,Dupont,38351002509089,Lyon,79530.1,MASTER
4642,Chloé,Lefebvre,48725438484150,Lille,19133.02,JUNIOR
4643,Chloé,Martin,99337573529000,Lille,78633.78,MASTER
4644,Nicolas,Dupont,63564526892327,Lyon,72564.08,SENIOR
4645,Chloé,Girard,98303599780604,Bordeaux,68503.03,SENIOR
4646,Camille,Moreau,53477496107548,Marseille,54945.99,SENIOR
4648,Nicolas,Lefebvre,64155528574991,Paris,18321.54,JUNIOR
4649,Lucas,Martin,45134673849213,Bordeaux,46043.73,SENIOR
4650,Thomas,Girard,49124313822501,Marseille,56845.55,SENIOR
4651,Nicolas,Moreau,59198035599920,Paris,30112.12,MIDDLE
4652,Chloé,Martin,37065317272340,Lyon,63961.99,SENIOR
4653,Lucas,Martin,36181436746882,Bordeaux,37551.91,MIDDLE
4654,Thomas,Dupont,21808347819304,Lyon,59656.16,SENIOR
4655,Thomas,Moreau,65217785945090,Paris,46248.88,SENIOR
4656,Camille,Moreau,39378598907032,Paris,87140.23,MASTER
4658,Jean,Martin,30090776261536,Bordeaux,48165.1,SENIOR
4660,Chloé,Girard,25663528324601,Lyon,37612.69,MIDDLE
4661,Chloé,Lefebvre,22215278695825,Lille,34686.18,MIDDLE
4662,Chloé,Moreau,45432897892162,Marseille,52389.28,SENIOR
4663,Jean,Martin,44467280362697,Nantes,19705.09,JUNIOR
4664,Jean,Moreau,21763303133703,Lille,19084.25,JUNIOR
4665,Marie,Moreau,16235313273308,Bordeaux,46795.19,SENIOR
4666,Jean,Girard,25826540843182,Lyon,86580.05,MASTER
4667,Marie,Martin,82506948149826,Paris,41094.28,MIDDLE
4668,Jean,Dupont,64672483262917,Lille,32924.62,MIDDLE
4669,Marie,Martin,60829353287438,Marseille,68285.56,SENIOR
4670,Chloé,Moreau,64298353329257,Lille,72281.7,SENIOR
4671,Lucas,Laurent,54128119472116,Marseille,56387.8,SENIOR
4672,Jean,Lefebvre,56070780574009,Paris,28768.83,MIDDLE
4673,Nicolas,Dupont,35812200936237,Marseille,68742.76,SENIOR
4674,Marie,Moreau,63637207561662,Lyon,38268.19,MIDDLE
4675,Jean,Martin,11483298141464,Paris,43344.02,MIDDLE
4676,Lucas,Martin,45074162962050,Marseille,20347.12,MIDDLE
4677,Thomas,Girard,37879769963172,Lyon,45728.83,SENIOR
4678,Nicolas,Martin,20317036175884,Lyon,59076.33,SENIOR
4679,Nicolas,Laurent,80132354885452,Nantes,37676.67,MIDDLE
4680,Thomas,Laurent,59781325685234,Bordeaux,29958.4,MIDDLE
4681,Thomas,Moreau,16826542551008,Bordeaux,23298.18,MIDDLE
4683,Camille,Moreau,61961629187240,Bordeaux,51496.25,SENIOR
4684,Nicolas,Girard,90576621988626,Bordeaux,22626.9,MIDDLE
4685,Jean,Girard,49980123816738,Bordeaux,22601.71,MIDDLE
4686,Chloé,Moreau,45139883075459,Paris,34224.88,MIDDLE
4687,Camille,Dupont,97547221188691,Paris,65751.03,SENIOR
4688,Jean,Moreau,56128196457951,Lille,86493.8,MASTER
4689,Thomas,Laurent,94112286291885,Paris,21431.34,MIDDLE
4690,Chloé,Girard,65064419208158,Lyon,63271.85,SENIOR
4691,Lucas,Lefebvre,17225089666828,Lyon,27794.57,MIDDLE
4692,Lucas,Girard,85306953539415,Lille,17457.44,JUNIOR
4693,Chloé,Laurent,87992384098572,Paris,21847.59,MIDDLE
4694,Jean,Moreau,92519173488442,Marseille,19186.21,JUNIOR
4695,Lucas,Girard,86474571510413,Bordeaux,77103.9,MASTER
4696,Camille,Moreau,61333533253571,Lille,39937.27,MIDDLE
4697,Thomas,Moreau,58492771187356,Bordeaux,30958.78,MIDDLE
4698,Marie,Moreau,48234022580472,Lyon,80867.44,MASTER
4699,Jean,Dupont,14943161945291,Lille,76748.26,MASTER
4700,Thomas,Lefebvre,81260044426121,Bordeaux,51016.73,SENIOR
4701,Marie,Laurent,86661564042992,Paris,58383.8,SENIOR
4702,Lucas,Martin,14950225328510,Marseille,22577.6,MIDDLE
4703,Camille,Dupont,89670982255449,Lyon,42727.34,MIDDLE
4705,Jean,Laurent,30971391679732,Paris,77333.05,MASTER
4706,Camille,Girard,21706497138034,Lyon,26359.5,MIDDLE
4707,Chloé,Dupont,93605881283342,Nantes,41472.2,MIDDLE
4708,Chloé,Dupont,35991473996094,Nantes,70221.2,SENIOR
4709,Chloé,Moreau,82347183424128,Lille,62220.04,SENIOR
4710,Camille,Laurent,29954324160835,Lille,40586.05,MIDDLE
4711,Thomas,Lefebvre,94881934122561,Lyon,22998.77,MIDDLE
4712,Marie,Laurent,40795201415062,Nantes,77589.49,MASTER
4713,Lucas,Girard,92094159492193,Marseille,55060.04,SENIOR
4714,Thomas,Martin,58530053622181,Lyon,67692.75,SENIOR
4715,Thomas,Moreau,69763661658395,Lyon,30485.38,MIDDLE
4718,Lucas,Moreau,53556390724906,Nantes,60422.31,SENIOR
4719,Jean,Dupont,89349555034148,Paris,19486.61,JUNIOR
4720,Lucas,Martin,91852422019947,Paris,67080.53,SENIOR
4721,Chloé,Lefebvre,14482892004075,Nantes,66807.03,SENIOR
4722,Chloé,Martin,91939828494733,Paris,32317.15,MIDDLE
4723,Nicolas,Martin,11678798679802,Bordeaux,29480.96,MIDDLE
4724,Jean,Moreau,63074527042464,Lyon,71917.48,SENIOR
4725,Nicolas,Martin,62383780206328,Marseille,18056.03,JUNIOR
4726,Jean,Moreau,69090130078883,Bordeaux,53031.85,SENIOR
4727,Camille,Girard,35415289395576,Nantes,39169.12,MIDDLE
4729,Chloé,Laurent,86982306483356,Lille,22985.91,MIDDLE
4730,Chloé,Dupont,31239426504962,Marseille,15117.14,JUNIOR
4731,Marie,Lefebvre,54691344626434,Nantes,49285.77,SENIOR
4732,Chloé,Martin,85715586174808,Paris,54421.7,SENIOR
4733,Chloé,Lefebvre,85314356522611,Paris,20409.0,MIDDLE
4734,Chloé,Girard,62868673245082,Nantes,17792.95,JUNIOR
4735,Lucas,Martin,27970858706203,Lyon,17608.94,JUNIOR
4736,Nicolas,Martin,14161366025051,Lyon,50867.62,SENIOR
4737,Marie,Laurent,94459649241492,Marseille,62643.8,SENIOR
4738,Marie,Martin,97507867139056,Lyon,23920.22,MIDDLE
4739,Nicolas,Girard,91974634875257,Bordeaux,69820.82,SENIOR
4740,Jean,Lefebvre,43872076706065,Bordeaux,88659.95,MASTER
4741,Thomas,Girard,30540370388142,Bordeaux,58263.53,SENIOR
4742,Chloé,Laurent,89211541155699,Lyon,87240.17,MASTER
4743,Lucas,Martin,34838008694613,Nantes,71571.89,SENIOR
4744,Marie,Moreau,87538698094489,Bordeaux,75867.12,MASTER
4745,Chloé,Laurent,80855127374493,Paris,46956.14,SENIOR
4746,Jean,Laurent,91282161503891,Paris,85859.85,MASTER
4747,Camille,Dupont,67196474324515,Paris,83780.41,MASTER
4748,Chloé,Martin,12886621036174,Nantes,74987.16,SENIOR
4749,Chloé,Moreau,19478040958874,Nantes,55253.48,SENIOR
4750,Lucas,Dupont,51250034102732,Lyon,86237.6,MASTER
4751,Marie,Girard,38319694414262,Bordeaux,17013.42,JUNIOR
4752,Lucas,Martin,28480521815986,Paris,16626.6,JUNIOR
4753,Thomas,Martin,58951732428783,Lyon,64271.84,SENIOR
4754,Camille,Lefebvre,34296362416913,Lille,15232.67,JUNIOR
4755,Jean,Laurent,29221698931127,Marseille,69985.14,SENIOR
4756,Chloé,Laurent,61338660305446,Marseille,44530.79,MIDDLE
4758,Nicolas,Martin,80176464308630,Paris,60483.11,SENIOR
4760,Nicolas,Lefebvre,89832136467494,Lyon,37125.55,MIDDLE
4761,Marie,Martin,39221683911068,Nantes,26084.18,MIDDLE
4762,Marie,Moreau,21877799162958,Bordeaux,88308.14,MASTER
4763,Thomas,Dupont,69172252849255,Bordeaux,41164.55,MIDDLE
4764,Camille,Laurent,58885467180290,Lille,89466.07,MASTER
4766,Camille,Martin,19524266816884,Paris,31098.56,MIDDLE
4767,Nicolas,Girard,24950190432450,Paris,24899.0,MIDDLE
4768,Thomas,Dupont,54089101116518,Paris,84796.96,MASTER
4769,Jean,Laurent,49019678984320,Lyon,60544.98,SENIOR
4770,Chloé,Lefebvre,84908464686759,Lille,42791.13,MIDDLE
4771,Chloé,Dupont,16472744379602,Lille,57486.05,SENIOR
4772,Marie,Dupont,32932085642787,Bordeaux,40011.4,MIDDLE
4773,Chloé,Girard,59992819223457,Marseille,80006.26,MASTER
4774,Marie,Laurent,19906508307589,Paris,40796.38,MIDDLE
4775,Jean,Dupont,42125864548260,Nantes,50094.6,SENIOR
4776,Camille,Girard,69344497440775,Lyon,23441.14,MIDDLE
4777,Chloé,Moreau,86566971115822,Lille,83171.61,MASTER
4778,Jean,Moreau,38646826521809,Marseille,61860.8,SENIOR
4779,Nicolas,Dupont,93194256645567,Paris,38000.21,MIDDLE
4780,Thomas,Martin,83593879645412,Lille,51438.88,SENIOR
4781,Nicolas,Girard,32584784350244,Lille,69933.79,SENIOR
4782,Marie,Laurent,22497217690397,Marseille,75696.81,MASTER
4783,Camille,Girard,55698373306411,Lille,78217.82,MASTER
4784,Thomas,Girard,86722399316888,Lille,48316.32,SENIOR
4785,Nicolas,Laurent,81501642117104,Paris,55085.39,SENIOR
4786,Thomas,Lefebvre,41865271964684,Bordeaux,22209.93,MIDDLE
4787,Camille,Dupont,53855677036357,Lille,50647.48,SENIOR
4789,Chloé,Moreau,55667363074689,Paris,18895.65,JUNIOR
4790,Chloé,Moreau,13711281011019,Bordeaux,56486.42,SENIOR
4791,Marie,Girard,32058204314264,Nantes,35019.72,MIDDLE
4792,Thomas,Laurent,59398214335301,Lyon,56119.29,SENIOR
4793,Jean,Dupont,90623319749002,Paris,53864.56,SENIOR
4794,Chloé,Moreau,55657052608447,Paris,71235.61,SENIOR
4795,Nicolas,Moreau,51877517195487,Paris,69486.85,SENIOR
4796,Camille,Dupont,13926661798966,Bordeaux,31844.22,MIDDLE
4797,Marie,Martin,38053746703202,Bordeaux,65673.98,SENIOR
4799,Thomas,Martin,10339725237189,Lyon,61486.25,SENIOR
4800,Camille,Lefebvre,91687266991639,Paris,50816.29,SENIOR
4801,Thomas,Martin,81215445377899,Marseille,52010.51,SENIOR
4802,Lucas,Laurent,22884895707478,Paris,47321.77,SENIOR
4804,Lucas,Dupont,36950457299756,Marseille,37819.77,MIDDLE
4805,Jean,Laurent,47430486396950,Paris,43975.4,MIDDLE
4807,Lucas,Lefebvre,23538893471935,Nantes,61158.72,SENIOR
4808,Chloé,Moreau,53446239212704,Marseille,67934.21,SENIOR
4809,Jean,Dupont,36547720252631,Bordeaux,25709.05,MIDDLE
4810,Chloé,Moreau,84028667040440,Lille,25811.92,MIDDLE
4811,Lucas,Laurent,52495692930590,Paris,52358.36,SENIOR
4812,Camille,Lefebvre,56947498817245,Marseille,53559.02,SENIOR
4813,Chloé,Dupont,85245105532861,Lille,15986.15,JUNIOR
4815,Marie,Girard,24072802857382,Lille,41628.39,MIDDLE
4817,Chloé,Girard,86689701813121,Nantes,32163.58,MIDDLE
4819,Thomas,Laurent,24018426455576,Lille,21382.69,MIDDLE
4820,Chloé,Moreau,32760824008944,Lille,66525.09,SENIOR
4821,Nicolas,Moreau,94292242433059,Lille,24416.66,MIDDLE
4822,Jean,Laurent,24162152428055,Bordeaux,40897.23,MIDDLE
4823,Camille,Martin,55752971924714,Lyon,24297.64,MIDDLE
4825,Camille,Lefebvre,44284781773557,Marseille,75092.55,MASTER
4826,Lucas,Girard,96841704284587,Nantes,64192.47,SENIOR
4827,Lucas,Moreau,12333092997432,Paris,20272.51,MIDDLE
4828,Jean,Moreau,85401269173288,Nantes,70286.15,SENIOR
4829,Chloé,Girard,91712352960866,Bordeaux,54524.64,SENIOR
4830,Lucas,Laurent,41784221954964,Lille,75651.93,MASTER
4831,Chloé,Girard,90780917766534,Nantes,26744.03,MIDDLE
4832,Thomas,Moreau,58100481572079,Lyon,36197.0,MIDDLE
4834,Chloé,Dupont,39368345207390,Paris,61634.31,SENIOR
4835,Chloé,Martin,57210406594013,Marseille,85893.79,MASTER
4836,Marie,Martin,47540095792497,Marseille,72056.38,SENIOR
4837,Thomas,Girard,45530249273573,Lille,53375.08,SENIOR
4838,Jean,Moreau,17775505046899,Nantes,76348.97,MASTER
4839,Chloé,Moreau,87759545353401,Paris,62693.21,SENIOR
4840,Jean,Moreau,30275893863341,Marseille,45217.91,SENIOR
4841,Jean,Dupont,29974310800847,Bordeaux,38261.68,MIDDLE
4842,Chloé,Girard,35889735297231,Lyon,37111.36,MIDDLE
4843,Jean,Dupont,54796072958450,Lille,20159.38,MIDDLE
4844,Camille,Dupont,82281421072596,Bordeaux,39250.62,MIDDLE
4846,Chloé,Lefebvre,15576931660050,Bordeaux,29666.92,MIDDLE
4847,Nicolas,Laurent,61831232574760,Bordeaux,30681.88,MIDDLE
4848,Marie,Lefebvre,49512820207175,Nantes,77185.47,MASTER
4849,Thomas,Martin,98063183026301,Paris,78535.28,MASTER
4850,Chloé,Girard,20845603904832,Lyon,33565.43,MIDDLE
4851,Marie,Dupont,53430335371948,Marseille,38005.74,MIDDLE
4854,Camille,Martin,83566845824922,Lyon,87872.95,MASTER
4855,Nicolas,Dupont,39756716333029,Nantes,51338.87,SENIOR
4856,Lucas,Lefebvre,96567526178486,Marseille,28074.93,MIDDLE
4857,Camille,Dupont,67367375784997,Lille,72860.44,SENIOR
4858,Lucas,Martin,11165557296075,Paris,45467.98,SENIOR
4859,Chloé,Moreau,66168525839663,Nantes,60963.71,SENIOR
4860,Jean,Girard,42175872368795,Lille,85727.36,MASTER
4861,Jean,Lefebvre,36310116464852,Lille,43003.33,MIDDLE
4862,Nicolas,Girard,83017924979245,Lyon,79693.36,MASTER
4863,Chloé,Moreau,98482059105144,Nantes,33837.37,MIDDLE
4864,Thomas,Martin,99008936056679,Lille,47319.68,SENIOR
4865,Jean,Girard,54195390658762,Lille,76257.39,MASTER
4866,Lucas,Laurent,98504863974699,Lyon,54126.55,SENIOR
4867,Camille,Martin,22757912385288,Lille,62277.07,SENIOR
4868,Chloé,Lefebvre,55752695627050,Paris,15602.78,JUNIOR
4869,Chloé,Dupont,90624899420780,Bordeaux,70679.14,SENIOR
4870,Marie,Martin,33662119978678,Lyon,27205.77,MIDDLE
4871,Lucas,Laurent,47923478490337,Lyon,86367.96,MASTER
4872,Camille,Girard,36761313345305,Lyon,53195.0,SENIOR
4873,Thomas,Lefebvre,66979892664297,Marseille,58638.11,SENIOR
4875,Marie,Lefebvre,61414221080762,Lyon,50004.67,SENIOR
4876,Jean,Dupont,83098979779747,Lyon,54408.61,SENIOR
4877,Marie,Laurent,49370196810476,Marseille,27257.91,MIDDLE
4878,Camille,Moreau,60526763000991,Lille,65821.09,SENIOR
4879,Nicolas,Laurent,88979975714834,Nantes,18577.19,JUNIOR
4880,Thomas,Moreau,24918759789963,Marseille,46475.07,SENIOR
4881,Lucas,Girard,21777594930531,Marseille,34430.75,MIDDLE
4882,Nicolas,Dupont,44259832035159,Lyon,15969.46,JUNIOR
4883,Marie,Girard,64320858906978,Paris,51650.4,SENIOR
4884,Thomas,Moreau,37331970818263,Lille,47099.47,SENIOR
4885,Jean,Girard,16230003371245,Marseille,44602.02,MIDDLE
4886,Nicolas,Lefebvre,96072660417318,Lyon,53196.41,SENIOR
4887,Chloé,Lefebvre,28798382759699,Lyon,40478.53,MIDDLE
4888,Camille,Martin,53036293814151,Lyon,60430.01,SENIOR
4890,Marie,Laurent,24727727802179,Nantes,22100.04,MIDDLE
4891,Lucas,Lefebvre,28257452416694,Nantes,35699.23,MIDDLE
4892,Thomas,Dupont,88014370363701,Lyon,68004.47,SENIOR
4893,Thomas,Lefebvre,29575090875214,Marseille,32899.01,MIDDLE
4894,Nicolas,Girard,98022751151136,Lyon,72416.6,SENIOR
4895,Chloé,Dupont,51630612104685,Marseille,20141.44,MIDDLE
4896,Thomas,Girard,21263316030052,Lille,62647.12,SENIOR
4898,Thomas,Lefebvre,33108646453114,Marseille,42445.86,MIDDLE
4899,Camille,Moreau,15956587283516,Paris,83402.77,MASTER
4900,Lucas,Martin,50826885990901,Paris,88232.81,MASTER
4901,Jean,Dupont,17586513674401,Nantes,51228.84,SENIOR
4902,Marie,Laurent,59310027021237,Marseille,44244.1,MIDDLE
4903,Jean,Girard,33625416461370,Lille,19263.96,JUNIOR
4904,Camille,Girard,44696050032156,Nantes,38892.98,MIDDLE
4905,Chloé,Dupont,30782307125152,Nantes,54580.01,SENIOR
4906,Camille,Martin,17327541135718,Paris,15644.13,JUNIOR
4907,Camille,Laurent,55145236844487,Lyon,53017.57,SENIOR
4908,Marie,Girard,91801991789938,Bordeaux,26290.73,MIDDLE
4909,Camille,Laurent,86548077287139,Lille,57899.75,SENIOR
4910,Chloé,Martin,38984574081385,Lille,53662.63,SENIOR
4911,Chloé,Dupont,55044651058465,Bordeaux,64659.86,SENIOR
4912,Camille,Laurent,35564864079786,Lille,87017.67,MASTER
4913,Nicolas,Martin,44697090228187,Marseille,86223.32,MASTER
4914,Jean,Lefebvre,96754087571332,Lyon,73970.1,SENIOR
4915,Marie,Moreau,42373077475619,Lille,34911.39,MIDDLE
4916,Nicolas,Moreau,56563004465635,Bordeaux,19895.49,JUNIOR
4918,Nicolas,Lefebvre,47240643816240,Nantes,37013.55,MIDDLE
4919,Jean,Lefebvre,23892601545746,Nantes,51940.75,SENIOR
4920,Chloé,Girard,32591202333155,Lyon,84987.33,MASTER
4922,Camille,Moreau,12004304959955,Lille,25091.41,MIDDLE
4923,Jean,Dupont,84083982509582,Lyon,43706.79,MIDDLE
4924,Jean,Dupont,20752461111937,Nantes,77818.21,MASTER
4925,Nicolas,Girard,45031918742285,Bordeaux,50117.54,SENIOR
4926,Jean,Lefebvre,61836983059220,Bordeaux,30230.46,MIDDLE
4927,Chloé,Laurent,30051059792635,Bordeaux,57836.25,SENIOR
4928,Nicolas,Lefebvre,23935180371985,Lyon,69413.41,SENIOR
4929,Chloé,Moreau,49825944730172,Paris,21986.1,MIDDLE
4930,Marie,Laurent,99815763582450,Lille,65902.96,SENIOR
4931,Lucas,Moreau,96281366936404,Paris,42750.96,MIDDLE
4932,Chloé,Laurent,20008816934999,Nantes,52773.69,SENIOR
4933,Marie,Girard,46719264510560,Paris,45652.48,SENIOR
4934,Lucas,Martin,21354383599243,Lyon,72195.87,SENIOR
4936,Lucas,Martin,59289318845097,Paris,44476.29,MIDDLE
4937,Marie,Martin,96602651791540,Lyon,84959.86,MASTER
4938,Chloé,Dupont,36997581454570,Marseille,58085.76,SENIOR
4939,Lucas,Lefebvre,32895100902239,Bordeaux,62853.13,SENIOR
4940,Chloé,Laurent,85178949755139,Bordeaux,22857.76,MIDDLE
4941,Chloé,Laurent,14888209592665,Lyon,18636.51,JUNIOR
4942,Lucas,Moreau,67670549481724,Bordeaux,43246.19,MIDDLE
4943,Camille,Lefebvre,17160597994732,Marseille,80690.03,MASTER
4946,Marie,Dupont,58920141366930,Lyon,63147.11,SENIOR
4947,Thomas,Girard,26334146329254,Lyon,53160.36,SENIOR
4949,Lucas,Girard,56311480379631,Lyon,16654.97,JUNIOR
4950,Camille,Martin,65618416602961,Nantes,39744.82,MIDDLE
4951,Lucas,Laurent,31635332607288,Lyon,50380.76,SENIOR
4952,Jean,Laurent,14221106301351,Nantes,53253.47,SENIOR
4953,Nicolas,Laurent,69143468527738,Bordeaux,64606.22,SENIOR
4954,Camille,Laurent,54177394737101,Lille,87420.24,MASTER
4955,Camille,Girard,42345722396686,Bordeaux,21416.53,MIDDLE
4957,Chloé,Laurent,83642307834326,Lyon,27416.09,MIDDLE
4958,Thomas,Girard,40660368385938,Paris,46997.15,SENIOR
4959,Thomas,Lefebvre,36918276987790,Nantes,88921.75,MASTER
4960,Nicolas,Martin,47282220851209,Lyon,88479.92,MASTER
4961,Marie,Dupont,29966284220161,Nantes,75860.89,MASTER
4963,Camille,Laurent,30171921304027,Nantes,77629.66,MASTER
4965,Camille,Moreau,16629162809083,Nantes,25230.06,MIDDLE
4967,Chloé,Laurent,53539698076830,Bordeaux,25738.04,MIDDLE
4968,Chloé,Laurent,25672879369123,Bordeaux,67724.06,SENIOR
4969,Marie,Laurent,68651164994208,Lille,23531.12,MIDDLE
4970,Chloé,Laurent,24290600840013,Marseille,72131.1,SENIOR
4971,Camille,Martin,68139954006513,Paris,54349.17,SENIOR
4972,Nicolas,Moreau,34104919414985,Bordeaux,61274.18,SENIOR
4973,Chloé,Moreau,85455983901545,Bordeaux,18410.54,JUNIOR
4974,Chloé,Laurent,12504995222823,Lyon,56635.54,SENIOR
4975,Lucas,Girard,80619532572610,Lyon,67893.37,SENIOR
4976,Camille,Lefebvre,50322023801192,Lille,22884.19,MIDDLE
4977,Chloé,Moreau,80880375863522,Lyon,24936.28,MIDDLE
4978,Marie,Laurent,26502366878986,Nantes,44237.72,MIDDLE
4979,Thomas,Dupont,31999924159695,Bordeaux,35699.08,MIDDLE
4980,Marie,Martin,97107939174096,Nantes,44489.27,MIDDLE
4982,Lucas,Lefebvre,87680771043005,Marseille,16264.39,JUNIOR
4983,Chloé,Laurent,68957691262931,Lille,40929.12,MIDDLE
4984,Nicolas,Laurent,99730473192919,Lille,28317.5,MIDDLE
4985,Nicolas,Laurent,23900664740041,Nantes,48403.63,SENIOR
4986,Camille,Moreau,20889439795649,Bordeaux,29030.9,MIDDLE
4987,Thomas,Dupont,45655860710564,Bordeaux,18343.73,JUNIOR
4988,Nicolas,Lefebvre,14881684459424,Lyon,54839.36,SENIOR
4989,Lucas,Laurent,10049991045709,Nantes,18268.63,JUNIOR
4990,Chloé,Dupont,88362907357187,Marseille,75533.84,MASTER
4992,Marie,Laurent,31754682016303,Paris,66396.03,SENIOR
4993,Lucas,Lefebvre,22922104682845,Lyon,47580.54,SENIOR
4994,Camille,Lefebvre,42191004121443,Lyon,28030.77,MIDDLE
4995,Chloé,Dupont,98743226190491,Nantes,48982.08,SENIOR
4996,Jean,Moreau,48465469180693,Lille,87301.2,MASTER
4997,Camille,Lefebvre,12424511454504,Lille,81701.8,MASTER
4998,Lucas,Dupont,62976000931024,Lille,64054.96,SENIOR
4999,Thomas,Dupont,56207096122257,Nantes,38262.42,MIDDLE
5000,Lucas,Moreau,68910565511699,Lyon,55911.13,SENIOR
